:020000041000EA
:1000000000200820490100101B0100108536002047
:100010001101001011010010110100101101001058
:10002000190100101901001019010010A13600205B
:10003000110100101901001021010010230100100E
:100040001101001011010010110100101101001028
:100050001101001011010010110100101101001018
:100060001101001011010010110100101101001008
:1000700011010010110100101101001011010010F8
:1000800011010010110100101101001011010010E8
:1000900011010010110100101101001011010010D8
:1000A00011010010110100101101001011010010C8
:1000B00011010010110100101101001011010010B8
:1000C00011010010110100101101001011010010A8
:1000D0001101001011010010110100101101001098
:1000E0001101001011010010110100101101001088
:1000F0001101001011010010110100101101001078
:100100001101001011010010110100101101001067
:10011000EFF30580103800BE00BE00BE00BE00BE7A
:1001200000BE00BED3DEFFFF42012110FF01000030
:10013000406C0100793512AB4FF000002149086096
:1001400006C881F3088810474FF05040006810B18E
:100150004FF00000F2E70DA40ECC002902D000F011
:1001600012F8F9E71849194A002000E001C191424C
:10017000FCD117498847174988471749884700BE67
:10018000FDE701C901C29A42FBD37047E4010010A8
:1001900010010020403E0120143F0110403E01208C
:1001A000906C0120646D0110000008200000082000
:1001B000646D0110001008200010082000000000ED
:1001C0007047000008ED00E0906C0120B0BC0620F4
:0C01D000710D0120852C0020350D012050
:0801DC0068360110010000006B
:1001E400F8B500BF0348044B834202D0034B03B16C
:1001F40018477047906C0120906C012000000000AB
:10020400064B0749C91A891048BF0131491003D068
:10021400044B0BB101481847704700BF906C012094
:10022400906C01200000000010B5064C237843B9FF
:10023400FFF7D8FF044B13B10448AFF30080012348
:10024400237010BDA86C012000000000403E012076
:1002540008B5044B1BB104490448AFF30080BDE862
:100264000840CDE700000000AC6C0120403E0120B6
:1002740070B5EFF3108672B6124B01221A77124B47
:100284001C685D6841F28833E41845F1000502F00A
:100294006BFC09F06FFD22462B4600200FF070FC2A
:1002A40028B9084B00221A7786F3108870BD0FF026
:1002B40053FB41F28832821841F1000300200FF011
:1002C4005FFCEEE7B0CD0120A06C0120B0F5406FDB
:1002D40001D30020704701207047000008B50020BA
:1002E4000FF0F2FA0FF038FB084BC3E9000108499C
:1002F40000200FF0B1FB00200FF0ACFC0DF0ECFC83
:1003040000F008F803F06CFF08BD00BFA06C0120EA
:10031400A101002010B512200EF098FD13200EF05C
:1003240095FD10200EF092FD11200EF08FFD01219D
:1003340012200EF031FD012113200EF02DFD0121BC
:1003440010200EF029FD052111200EF025FD1123AA
:100354004FF0010242EC44300A4C0B49204610F0A5
:100364006FFF626802F00202084B022159602368A1
:1003740083F0070303F0CF0305490B60054B5A6074
:1003840010BD00BF0000084090D0030000300840BA
:10039400001008400020084008B520B10349044873
:1003A40010F00EFF08BD0349F9E700BF00093D0046
:1003B4000000084090D0030011234FF0010242ECEA
:1003C4004030704711234FF0000242EC4030704738
:1003D40000B583B00190012201A9034813F096FEF1
:1003E40003B05DF804FB00BF0000084000B583B013
:1003F40001230DF10702FF21034813F0B4FE9DF819
:10040400070003B05DF804FB0000084008B54FF492
:100414000073044A1268FF21034813F0A4FE00206D
:1004240008BD00BFA48101200000084008B54FF4B6
:100434000072034B1968034813F068FE002008BDDE
:10044400A481012000000840044B1878044B1B7859
:10045400984214BF00200120704700BF9BBC0620B7
:100464009CBC06200130C0B2102800D07047002088
:10047400FCE7000008B5054B1878FFF7F3FF044BC1
:100484001B78834214BF0020012008BD9BBC0620BA
:100494009CBC062070B505460C46FFF7EBFF60B91F
:1004A400074E3078074B03F8105003EB40035C70A1
:1004B400FFF7D8FF3070012070BD0020FCE700BFBB
:1004C4009BBC0620E8AD012038B50446FFF7BCFF0D
:1004D40050B9064D2878064B33F810302380FFF7C7
:1004E400C1FF2870012038BD0020FCE79CBC062019
:1004F400E8AD01200023024A1370024A13707047CA
:100504009BBC06209CBC06208388C288934204D2EC
:10051400981A00F5807080B27047981A80B27047BC
:1005240008B5FFF7F1FFC0F1FF0080B208BD2DE967
:10053400F0470646894615468488C4F58077BFB2DD
:10054400B846974228BF904600F1080A42460AEB93
:10055400040013F0E1FB4444A4B2B4F5807F04D05A
:10056400AF4204D3B480BDE8F0870024F8E7A5EBDC
:1005740008052A4609EB0801504613F0CDFBACB23E
:10058400F0E72DE9F047064688461546C488C4F5C9
:100594008077BFB2B946974228BF914600F1080A56
:1005A4004A460AEB0401404613F0B6FB4C44A4B29D
:1005B400B4F5807F04D0AF4204D3F480BDE8F08763
:1005C4000024F8E7A5EB09052A46514608EB090083
:1005D40013F0A2FBACB2F0E738B501F00304EFF37B
:1005E400108572B674BB384B1B7873B9364B012235
:1005F4001A70364B1B689A88354B1A8000230360A7
:10060400344A1370FFF776FF0AE085F310882F4B06
:1006140010221A7500225A754FF0FF3011E0013490
:10062400032C0BD804EB44132B4A12F83330002B61
:10063400F5D0E1B20120FFF72DFFF0E785F3108834
:10064400002038BD012C35D10021032928D801EB25
:100654004113214A12F833300BB10131F5E701EBB4
:10066400411402EBC4034FF0010C02F834C0174AE2
:10067400126892885A8000229A80DA8001EB0C0377
:100684000360114B1B7833B9144809F075F985F3ED
:1006940010880020D5E7C9B26046FFF7FBFEF3E7F8
:1006A40085F31088094B10221A7500225A754FF0F1
:1006B400FF30C6E785F31088044B16221A75002212
:1006C4005A754FF0FF30BCE7A0BC0620B0CD012026
:1006D40072BC0620A4BC062070AE0620A1BC062075
:1006E40008B900207047044B13221A7500225A756A
:1006F4004FF0FF30704700BFB0CD012038B5224B1A
:10070400D3F8C840A3B2EFF3108572B633B3E4B2A2
:10071400013CE4B2032C1DD804EB4412D3001B4A61
:10072400D35CBBB1104604EB4413D9000A44002344
:10073400435453809380D380154B1B78FBB91548E1
:1007440009F01AF904EB4414E000104B1844063085
:1007540009F012F985F31088002038BD0C4B1B7882
:1007640013B985F31088F7E70023094A13700A4A7E
:100774001380FFF7BFFE074809F0FEF8F1E72146B2
:100784000220FFF787FEDAE7B0CD012070AE062025
:10079400A0BC0620A1BC062072BC06202DE9F04FA7
:1007A40091B0534BD3F8C860B3B283B19046514B68
:1007B4001B78A3B1F6B2013EF6B2032E17D806EBAE
:1007C40046134D4A12F833308BB100274BE0484BA7
:1007D40009221A7500225A754FF0FF3081E0444B0C
:1007E40020221A7500225A754FF0FF3079E0404BF1
:1007F40009221A7500225A754FF0FF3071E03C4B04
:100804000B221A7500225A754FF0FF3069E0402C14
:1008140028BF4024544528BF5446A4B22246694602
:10082400334BD3F8C0000CF0FDFF00285CD1EFF38C
:10083400108A72B606EB46132F4A12F83330002B97
:1008440040D0224669462846FFF771FEB9F1000FF1
:1008540042D08AF31088264AD2F8C0302344C2F822
:10086400C0303C44A7B2224BD3F8C4309F4237D2A5
:1008740006EB4612204D05EBC2059BB2DB1B9CB276
:10088400EFF3108B72B62846FFF74AFE82462846DD
:10089400FFF73AFE81468BF31088BAF1000FB6D108
:1008A400F7B918F0100FAAD106EB4613124800EB63
:1008B400C3004146063006F089FC0028D3D04FF02F
:1008C400FF300EE08AF31088094B09221A750022C2
:1008D4005A754FF0FF3004E0084809F04DF8B8E7C6
:1008E400384611B0BDE8F08F4FF0FF30F9E700BF94
:1008F400B0CD0120A0BC062070AE0620A1BC06200D
:100904006B4BD3F8C830A0B92DE9F047A2B090469C
:100914009BB28246ABB9664BD3F8C430032B00F2CA
:100924009680634B16221A7500225A754FF0FF30D9
:1009340080E05F4B13221A7500225A754FF0FF3086
:1009440070475B4B09221A7500225A754FF0FF302D
:1009540070E089F310889DF880308DF884309DF81C
:1009640081308DF885300023ADF886300422504B59
:10097400D3F8C01021A80CF07DFF08B9042059E079
:100984004FF0FF3056E0274604EB4413494E06EB84
:10099400C3063046FFF7B8FD60B90135032D4CD8C6
:1009A400454B1C7854FA85F4E4B2032CEBD9043C8F
:1009B400E4B2E8E7631CDBB23F4A1370032B02D9AD
:1009C400134600221A703046FFF79EFD0546384B49
:1009D400D3F8C4801FFA88F8A8F104081FFA88F82D
:1009E4003046FFF79DFD8246454528BF4546ADB2DA
:1009F400A846802D28BF4FF08008424669463046FD
:100A0400FFF7BFFDBAF1000F36D089F31088032336
:100A14008DF884308DF88540ADF886800422244B0F
:100A2400D3F8C01021A80CF025FF00283DD165BBE8
:100A340008F1040022B0BDE8F08718F0100F11D1BE
:100A440089F3108841461D4806F0C0FB50BBEFF304
:100A5400108972B620A8FFF737FD00287FF479AF1C
:100A640055469BE789F31088114B0B221A75002217
:100A74005A754FF0FF30DDE707EB47170D4800EBE1
:100A8400C700063008F078FFBFE7094BD3F8C01061
:100A94004246043168460CF0EDFE0028C8D04FF001
:100AA400FF30C7E74FF0FF30C4E74FF0FF30C1E736
:100AB400B0CD012070AE0620A4BC0620A1BC062047
:100AC40030B40B4C00EB80034FEA830C04EB83033C
:100AD400002544F80C509D60DD608D681D614D68F3
:100AE4005D600B68134344F80C3030BC704700BFA2
:100AF40000800A400022026042608260102242604C
:100B04004FF6FF728260704700EB80008000094B53
:100B14000344084601B110218A4038B106491868D7
:100B240042400A4003F580531A6070474FF6FF7144
:100B3400F5E700BF0C800A400000FFFF10B5044633
:100B4400114B1B7863B1114B1B7840EA004403EB53
:100B540083039B0003F1804303F52823DC6010BD6D
:100B640002460B4B1978094B1878FFF7CDFF094B58
:100B74001B78002BF3D02246074B1978074B1878C3
:100B8400FFF7C2FFEBE700BF97BC062095BC062029
:100B940090BC062092BC062091BC062096BC062080
:100BA400294B1B7803B1704710B588B0274C01233B
:100BB400237004211A200EF0EFF8254B05221A7039
:100BC400244B00221A7023789BB9234B05221A70F8
:100BD400224B00221A70224B01221A701B4B1B78E5
:100BE400A3B11C4B1A781D4B1B789A420CD00122DE
:100BF4000DE004211B200EF0CFF8174B05221A70CC
:100C0400164B01221A70E6E7002200E00022154B81
:100C14001A706C462046FFF76DFF05AB94E8070099
:100C240083E80700FF220792102206920122194648
:100C34000520FFF745FF8020FFF780FF024B0122CC
:100C44001A7008B010BD00BF93BC062092BC0620E9
:100C540095BC062090BC062096BC062091BC0620BC
:100C640094BC062097BC062010B50F490F4C0B68A6
:100C74004A68206864681B1842EB04020B604A60EF
:100C8400002301200EF07CFF00B910BD0EF064FEBD
:100C9400064B5A6819680244034B19605A600023D2
:100CA40001200EF06DFFF0E7906C0120986C01209C
:100CB40008B5114B1B78B3B9104B1B78A3B1104B7B
:100CC40000207D21C3E900010EF046FE0D4B0022F9
:100CD4001A6058600C4901200EF0BEFE064B01223A
:100CE4001A70FFF7C1FF08BD01200EF0EDFD034BA4
:100CF40001221A70E3E700BF98BC06208FBC0620CF
:100D0400986C0120906C01203D0C002038B5EFF365
:100D1400108572B6224B01221A77224B1B78002BC6
:100D240026D0214B1B889BB2002B2FD01E4B1C8836
:100D3400A4B2B4F5006F14BF002401241B4A138825
:100D44009BB21B49C85C13889BB201339BB21380CE
:100D540013889BB2B3F5006F06D0134A13889BB275
:100D6400013B9BB2138005E0134600221A80F4E78E
:100D740080200024FFF7E2FE5CB90A4B1B7863B9BC
:100D8400074B00221A7785F3108838BD8020002491
:100D9400F0E7084808F0F0FDEFE7FFF765FFEFE73D
:100DA400B0CD012098BC06205CBC062062BC0620A5
:100DB400A079012099BC062038B5104B1B7803B9E3
:100DC40038BDEFF3108572B600240C4B1C70012063
:100DD4000EF00AFF214601200EF03EFE084B1B7860
:100DE4002BB98020FFF7AAFE85F31088E8E70120DD
:100DF4000EF080FD024B1C70F3E700BF98BC062088
:100E04008FBC06202DE9F04107460D46164B1C8881
:100E1400A4B2C4F50066B6B2B0468E4228BF884676
:100E2400424601461148204412F076FF4444A4B2DD
:100E3400B4F5006F0BD0AE420BD30B4B1C800C4AA5
:100E4400138815FA83F39BB21380BDE8F081002464
:100E5400F1E7A5EB0804224607EB0801034812F06A
:100E64005BFFA4B2E9E700BF5EBC0620A0790120C5
:100E74005CBC0620F8B9EFF3108272B6174B1B88DE
:100E840023B11749096889888B421CD110B5144BCA
:100E94001B689988114B19800024124B1C80124B3B
:100EA4001C80124B1C8082F31088FFF779FEFFF739
:100EB400FFFE204610BD0A4B13221A7500225A75F4
:100EC4004FF0FF30704782F31088054B10221A75DB
:100ED40000225A754FF0FF30704700BF60BC0620F7
:100EE400B0CD01205EBC062062BC06205CBC06209E
:100EF40008B5EFF3108372B60C4A126891880C4A55
:100F04001288914203D083F31088002008BD002288
:100F140007490A8007490A8007490A8007490A8065
:100F240083F31088FFF748FFEFE700BFB0CD01203F
:100F340060BC06205EBC062062BC06205CBC0620A9
:100F4400F0B5A1B01646394B1B689A88384B1B88FC
:100F54009A4201D1002536E0344B09221A75002249
:100F64005A754FF0FF305BE0304B0B221A750022AC
:100F74005A754FF0FF3053E0802B28BF80239A42EC
:100F840028BF1A4614466946284BD3F8C0000CF013
:100F940049FC002846D1EFF3108772B6234B1B6837
:100FA4009A88234B1B889A422FD121466846FFF723
:100FB40029FF87F310881D4AD2F8C0302344C2F8B1
:100FC400C0302C44A5B2194BD3F8C4309D4226D26C
:100FD4009BB25B1B9BB2EFF3108172B6154A128869
:100FE40092B2C2F5006292B281F31088002AC3D192
:100FF400ADB916F0100FB7D131460F4806F0E6F838
:101004000028E0D04FF0FF300AE087F31088074B48
:1010140009221A7500225A754FF0FF3000E0284665
:1010240021B0F0BD4FF0FF30FAE700BFB0CD012092
:1010340060BC06205CBC062099BC0620014B024A19
:101044001A607047BC6A01201059012010B50211C2
:10105400114B53F82210E1B10A7800F00F0303FB9F
:1010640002F20E4C2280497801FB03F30C490B80F9
:101074000C49B1F9001091FBF3F30B490B700B4BC6
:10108400B3F9003093FBF2F3094A1370094B18804B
:1010940010BD094808F026FEBC6A01206CBC06207D
:1010A4006ABC06205ABC06208ABC062058BC06200E
:1010B4008BBC062068BC06205448012008B501F00A
:1010C4005FF908BD704701207047000008B50A4663
:1010D4000146024813F01AF808BD00BF008008401A
:1010E40010B5044612290DD8052929D305390D292F
:1010F40026D8DFE801F0182634255D6A2525584EE8
:101104002525585311F1030F37D011F1020F2BD0BD
:1011140011F1070F14D105210DF03EFE4FF000032D
:1011240043EC44400CE0002211460DF051FE012234
:10113400002120460DF04CFE4FF0000343EC4040EC
:1011440010BD002211460DF043FE0022012120466D
:101154000DF03EFE4FF0010343EC4040F0E7012365
:10116400834020EE1030EBE74FF0000343EC4400E3
:10117400022000210EF0E0FAE2E74FF0010343EC15
:10118400440003210DF052FE022000210EF0D4FA97
:10119400D6E7002201210DF01BFED1E70122002138
:1011A4000DF016FECCE7002211460DF011FEC7E744
:1011B4004FF0010343EC44004FF0000343EC4000C4
:1011C400022000210EF0B8FABAE7002201210DF046
:1011D400FFFD4FF0000343EC4440022000210EF0D9
:1011E400ABFAADE708B506210F20FFF779FF42F20D
:1011F400107000210EF0A0FA05210F20FFF770FFF8
:1012040042F2107000210EF097FA06210F20FFF72A
:1012140067FF024800210EF08FFA08BD400D03005D
:101224000D234FF0010242EC403070470D234FF084
:10123400000242EC403070472DE9F04F83B0804605
:101244000E4617461D46FFF7F1FF0E244FF0000926
:1012540049EC40402A238DF80430012101A8FFF70E
:1012640035FF4FF0010B4BEC40404FEA28238DF83B
:1012740000308DF801803B128DF802308DF8037038
:1012840004216846FFF722FF49EC40402B238DF8E8
:10129400053059460DF10500FFF718FF4BEC4040AF
:1012A40033128DF800308DF801602B128DF8023066
:1012B4008DF8035004216846FFF708FF49EC4040CD
:1012C4000C9B7BB12C238DF8063059460DF106009A
:1012D400FFF7FCFE0E234FF0010242EC403003B056
:1012E400BDE8F08F2E238DF8073001210DF10700A2
:1012F400FFF7ECFEEEE700002DE9F04F89B0059012
:1013040090469946129F139E5E4BB3F900300B44EE
:101314005D4A82FB03121A44D917C1EB2224C4EBA1
:101324000412A3EB4214594BB3F9005085423DDD3E
:10133400574BB3F900C0A44538DD07FB0802002A67
:1013440034DB09FB07F3E34230D4002C28DB2146CD
:101354000598002826DB013A954200DC6A1E0B44FE
:10136400013B9C4501DC0CF1FF3335148DF81C5016
:1013740035128DF81D508DF81E60149D2D148DF8B6
:101384001850149D2D128DF81950149D8DF81A5073
:1013940001250095FFF750FF0026B346CC4666E0D2
:1013A4000021D5E70020D6E7FFF73AFF09B0BDE8F2
:1013B400F08FD31D1AE0032107A8FFF787FE03E08F
:1013C400032106A8FFF782FE033601342A46BC42F5
:1013D4002FDA551C002AF8DB2C4BB3F90030AB4252
:1013E400F3DB08FB0B921346002AE2DBDB101599B2
:1013F400C95C029B03FB08F39B1A013B03F0070340
:1014040041FA03F313F0010FD5D1149BB3F1FF3F5D
:10141400D6D1337863F3070A727862F30F2AB1786E
:1014240061F3174A8DF818108DF819208DF81A30C9
:10143400C6E709F10109C14501DA0024C7E7039DA4
:10144400049B01351C46BD420DDA631C002CF8DBFD
:101454000F4AB2F900209A42A6DB059A4FF0000920
:1014640003950493E7E7DDF808C00BF1010BE345AE
:1014740004DA00231D46CDF808C0E4E7FFF7D0FEE8
:1014840094E700BF7ABC06208988888858BC062067
:101494005ABC06202DE9F04184B005461746DDF814
:1014A4002880904266D0BD4202DA3A462F4615465D
:1014B400994202DA1A460B461146002FC0F29D806B
:1014C4006A4AB2F90020BA4200DC571E002DC0F26D
:1014D4009680AA4200DC551E654AB2F90060F418F1
:1014E4000E44644BB3F90030B34217DCA34200F35B
:1014F4008880614B83FB04212144E217C2EB212243
:10150400C2EB0212A4EB421483FB06239A19F317CD
:10151400C3EB2223C3EB0313A6EB4316002C7DDBA2
:10152400544BB3F90010A1420ADC534A82FB043243
:101534002244E317C3EB2223C3EB0313A4EB4314AA
:10154400002E70DB0123009333462A462146384699
:10155400FFF772FEED1B013505EB45054FEA284305
:101564008DF80C304FEA28238DF80D308DF80E805D
:10157400002367E0994296D1002873DB3B4BB3F913
:10158400003083426EDD002934DB3A4BB3F900307E
:101594008B420ADC384A82FB01320A44CB17C3EB84
:1015A4002223C3EB0313A1EB4311314BB3F90030F6
:1015B4000B44314A82FB03121A44D917C1EB22218E
:1015C400C1EB0111A3EB4111012300930B463A46F1
:1015D4002846FFF731FE4FEA28438DF80C304FEAD6
:1015E40028238DF80D308DF80E80032103A8FFF712
:1015F4006DFD32E001F5F071C7E7002760E70025D3
:1016040067E7CDF80080F31A2A4600213846FFF731
:1016140041FF184BB3F90060013E7FE7154BB3F966
:1016240000301C447CE70E448CE7144A9DF80C10EF
:10163400D154591C9DF80D005054991C9DF80E006E
:1016440050540333AB42F0DB05E02A460B490C4807
:1016540012F05EFC0134A642F7DA094812F067FC86
:10166400FFF7DEFD04B0BDE8F08100BF58BC0620E2
:101674007ABC06205ABC062089888888586E0120C6
:101684000080084070B584B09C4600F00F0400F060
:10169400F003502B23D00011274B53F8200043783C
:1016A400057890F802E0E64503D8C6787644B44558
:1016B40023DB2249B1F90000009204FB03F305FB8C
:1016C40004021F49B1F90010FFF7E4FE089B23B997
:1016D4001A4A138805FB0433138004B070BDACF1BF
:1016E4002B03DBB2122BD6D8164D25FA03F313F0D5
:1016F400010FD0D0104B1868D1E7ACEB0E0C03FBF4
:101704000CFC05FB0CFCBCF1000F12DB4FEAEC0CEB
:101714000CF1040C604403900292019100942A4657
:101724000749B1F900100548B0F90000FFF7E4FDDE
:10173400CCE70CF1070CE9E7BC6A012054BC062095
:1017440056BC06200500040000B583B0074BB3F96E
:101754000030074AB2F9002000200090013B013A12
:101764000146FFF797FE03B05DF804FB5ABC062060
:1017740058BC062010B582B08DF8070001240E2352
:1017840044EC4030FFF752FD21460DF10700FFF70E
:101794009DFCFFF745FD02B010BD000010B582B0FE
:1017A4008DF807004FF000030E2243EC40200D2477
:1017B40043EC404001220DF10701044812F0A6FC5D
:1017C4004FF0010343EC404002B010BD00800840DC
:1017D40038B505460C463320FFF7E0FF280AFFF72B
:1017E400C9FFE8B2FFF7C6FF0120FFF7C3FFE020FF
:1017F400FFF7C0FF200AFFF7BDFFE0B2FFF7BAFF13
:1018040038BD10B504463720FFF7C8FF200AFFF79C
:10181400B1FFE0B2FFF7AEFF10BD000068B108B53C
:10182400002805DC054812F082FBFFF7F9FC08BD2F
:10183400034B1888FFF7E5FFF4E770470080084082
:101844007ABC062030B583B004464C4BB3F9003063
:101854001B114B4A52F82320937883420FD8D27835
:10186400134498420BDA474BB3F90030464AB2F9B5
:1018740000201344454AB2F90020934208DCA4F145
:101884000803052B6CD8DFE803F00A5C2D6B6B288A
:101894000D20FFF7D7FF0A20FFF7D4FFEFE73A4BFD
:1018A4001988384A13885B1A1BB21380002B17DA85
:1018B400374A1388374800881B1A1BB21380002B41
:1018C40007DB354B1B78013B13FB01F32D4A1380D7
:1018D40006E0134600221A80F3E72A4B00221A80FE
:1018E40003B030BD2B4BB3F90030294A1188194499
:1018F40009B211800B44B3F5A07FF1DBA3F5A0740A
:10190400204BB3F90000214BB3F9002000230093CE
:101914000B190244FFF7BEFDA5B2204A13882B44DD
:1019240099B21BB21380B3F5F07F02DBA1F5F0711D
:1019340011802046FFF772FF154A13885B1B138042
:10194400CEE72020FFF77EFF0E4BB3F900300E4A9E
:10195400B2F9002093FBF2F313F0010FF1D1BFE7CA
:101964000023009323460E4A12680E49096803486F
:10197400B0F90000FFF786FEB2E700BF68BC06209E
:10198400BC6A012054BC06206CBC062058BC06204E
:1019940056BC06206ABC06208BBC06207ABC0620F6
:1019A40050B4012054B4012008B5044B1B7803B98A
:1019B40008BD0846FFF746FFFAE700BFB86A0120F2
:1019C40008B5FFF70FFC864B4FF4A0721A80854BC5
:1019D4004FF4F0721A80F020FFF7E0FEC320FFF707
:1019E400C9FEF020FFF7DAFE9620FFF7C3FE36208B
:1019F400FFF7D4FE4820FFF7BDFE3A20FFF7CEFEE6
:101A04000620FFF7B7FEB420FFF7C8FE0020FFF75B
:101A1400B1FEB720FFF7C2FEC620FFF7ABFEB92028
:101A2400FFF7BCFE0220FFF7A5FEE020FFF7A2FEB1
:101A3400C020FFF7B3FE8020FFF79CFE0620FFF7CF
:101A440099FEC120FFF7AAFE1520FFF793FEC220DE
:101A5400FFF7A4FEA720FFF78DFEC520FFF79EFE2B
:101A64000420FFF787FEE820FFF798FE4020FFF7E9
:101A740081FE8A20FFF77EFE0020FFF77BFE002018
:101A8400FFF778FE2920FFF775FE1920FFF772FE95
:101A9400AA20FFF76FFE3320FFF76CFEE020FFF76C
:101AA4007DFEF020FFF766FE0620FFF763FE0F20A1
:101AB400FFF760FE0520FFF75DFE0420FFF75AFEE6
:101AC4002020FFF757FE3720FFF754FE3320FFF79F
:101AD40051FE4C20FFF74EFE3720FFF74BFE13203C
:101AE400FFF748FE1420FFF745FE2B20FFF742FEC8
:101AF4003120FFF73FFEE120FFF750FEF020FFF713
:101B040039FE1120FFF736FE1B20FFF733FE1120AC
:101B1400FFF730FE0F20FFF72DFE0A20FFF72AFE05
:101B24003720FFF727FE4320FFF724FE4C20FFF762
:101B340021FE3720FFF71EFE1320FFF71BFE1320A4
:101B4400FFF718FE2C20FFF715FE3220FFF712FED8
:101B5400F020FFF723FE3C20FFF70CFEF020FFF7F8
:101B64001DFE6920FFF706FE3520FFF717FE002053
:101B7400FFF700FE1120FFF711FE78200DF0F6FDAF
:101B84002920FFF70BFE14200DF0F0FD2120FFF7B4
:101B940005FE2A20FFF702FE0020FFF7EBFD0020E0
:101BA400FFF7E8FD0120FFF7E5FD3F20FFF7E2FD29
:101BB4002B20FFF7F3FD0020FFF7DCFD0020FFF7EB
:101BC400D9FD0120FFF7D6FD3F20FFF7D3FD2C20E0
:101BD400FFF7E4FD00210846FFF7FAFD08BD00BF4A
:101BE40058BC06205ABC06202DE9F8430A200DF003
:101BF4002DF90B200DF02AF90C200DF027F90D20FA
:101C04000DF024F90E200DF021F90F200DF01EF92E
:101C14004FF00A09012545EC44904FF00B0845ECC0
:101C240044800D2745EC44700E2345EC44300F26C8
:101C340045EC44600C490D480FF002FB2946484628
:101C44000DF0AAF8294640460DF0A6F829460C20C6
:101C54000DF0A2F829460C200DF0D4F845EC4070A4
:101C640045EC4060BDE8F88340787D010080084081
:101C740008B5FFF7B9FFFFF7A3FEFFF7DFF901206F
:101C8400FFF7E4F9034B4FF47F421A60024B002242
:101C94001A6008BD54B4012050B40120074B1A68DF
:101CA400531C03F03F0306490968994205D00549CE
:101CB4008854BFF35F8F014A13607047E8C3012063
:101CC4002CC40120ECC30120094B1B68094A12688B
:101CD4009A4209D0084AD05CBFF35F8F013303F006
:101CE4003F03034A136070474FF0FF30704700BF53
:101CF4002CC40120E8C30120ECC301202DE9C0431A
:101D040085B006460F46904699460DF025FE0B9B7E
:101D1400181841F1000100290DDB029003919DF890
:101D2400283000934B464246394630460FF058FC63
:101D340005B0BDE8C0834FF0FF306FF00041ECE721
:101D440008B50DF009FE4FF47A72002311F0CAFDB4
:101D540008BD000010B50E4B196849000D4B9A6878
:101D64000AB941F288320B4BDB6803B90A4B9A4239
:101D740000D913468A4200D80A469A4200D813462C
:101D8400034A1360054CA361FFF7DAFF206210BD1C
:101D9400FC6A012090CD012020A107005CB801203D
:101DA40010B5064B9B680BB941F28833044A1360A3
:101DB400044CA361FFF7C4FFE06110BD90CD012086
:101DC400FC6A01205CB801202DE9C04385B00646B9
:101DD4000F46904699460DF0BFFD0B9B181841F134
:101DE400000100290DDB029003919DF82830009337
:101DF4004B464246394630460FF00FFC05B0BDE86D
:101E0400C0834FF0FF306FF00041ECE770B586B04F
:101E14000D468DF80F000022ADF81420514B1B68BD
:101E2400EFF3108472B6D3E8CF0F01210028FAD162
:101E3400C3E8401F0028F6D1BFF35F8F4A498B687F
:101E440001338B604FF47A730193009201230DF1F7
:101E54000F021F214548FFF751FF012835D14FF4E8
:101E64007A73019300260096022305AA1F213F4896
:101E7400FFF7AAFF3B4B1B68C3E88F6F84F31088FE
:101E8400022832D19DF814209DF80F309A424AD18D
:101E94009DF815302B70334C2368EFF3108572B620
:101EA400D3E8CF1F01220029FAD1C3E8412F00292A
:101EB400F6D1BFF35F8FFFF773FF23680020C3E8F9
:101EC4008F0F85F3108806B070BD274AD36801339D
:101ED400D360FFF73FFF234B1A680023C2E88F3F0C
:101EE40084F310884FF0FF30EDE71E4C2368EFF3C6
:101EF400108572B6D3E8CF1F01220029FAD1C3E8B6
:101F0400412F0029F6D1BFF35F8F174AD3680133FD
:101F1400D360FFF71FFF2268C2E88F6F85F3108834
:101F24004FF0FF30CFE70F4C2368EFF3108572B604
:101F3400D3E8CF1F01220029FAD1C3E8412F002999
:101F4400F6D1BFF35F8F084AD3680133D360FFF73C
:101F540001FF22680023C2E88F3F85F310884FF009
:101F6400FF30B0E758B801205CB801200C6C0120A8
:101F740070B584B0054609238DF80F300022ADF802
:101F84000C20414B1B68EFF3108472B6D3E8CF0FDB
:101F940001210028FAD1C3E8401F0028F6D1BFF37D
:101FA4005F8F3A490B6801330B604FF47A730193E6
:101FB400009201230DF10F021F213548FFF79EFE09
:101FC400012833D14FF47A7301930026009602233B
:101FD40003AA1F212E48FFF7F7FE2B4B1B68C3E80B
:101FE4008F6F84F31088022830D19DF80C309DF84F
:101FF4000D2043EA02232B80234C2368EFF3108542
:1020040072B6D3E8CF1F01220029FAD1C3E8412FC9
:102014000029F6D1BFF35F8FFFF7C2FE23680020CB
:10202400C3E88F0F85F3108804B070BD174A536856
:1020340001335360FFF78EFE134B1A680023C2E886
:102044008F3F84F310884FF0FF30EDE70E4C236888
:10205400EFF3108572B6D3E8CF1F01220029FAD11D
:10206400C3E8412F0029F6D1BFF35F8F074A5368B5
:1020740001335360FFF76EFE2268C2E88F6F85F369
:1020840010884FF0FF30CFE758B801205CB801202A
:102094000C6C012070B5032107200CF07DFE032198
:1020A40006200CF079FE1D491D480FF06FFA00223E
:1020B400012107200CF08CFE0022012106200CF0E7
:1020C40087FE01200CF05CFF0CF082FF154B1860BA
:1020D4000025154B1D60154B1D60154B1D70154BD0
:1020E4001D60154C24222946204611F095FD41F22D
:1020F4008836124B1E60A661114C202229462046C8
:1021040011F08AFD26600F4B6360A6600E4BE360FE
:10211400042323610D4B01221A7070BD801A06003E
:102124000C6C012058B80120E8C301202CC4012004
:10213400A6BC0620B4AD01205CB80120FC6A0120D5
:1021440090CD012090D0030020A107009DBC062063
:1021540010B582B0524B1C78032C30D8DFE804F061
:1021640002395B7D0DF107010B20FFF74FFE30BBF9
:102174009DF807309DF90720002A28DB03F07F0330
:10218400642B00D96423474A1168EFF3108072B6B8
:10219400D1E8CFEF5FF0010CBEF1000FF8D1C1E838
:1021A4004ECFBEF1000FF3D1BFF35F8F3E490B70EA
:1021B4004C7012680023C2E88F3F80F31088384ABD
:1021C4001378013303F00303137002B010BD01242C
:1021D400D4E70DF107010120FFF718FE0028EED126
:1021E400304B1A68EFF3108172B6D2E8CF4F01205A
:1021F400002CFAD1C2E8440F002CF6D1BFF35F8F54
:102204009DF80700284A10711A680023C2E88F3F1E
:1022140081F31088D3E70DF107010520FFF7F6FDE0
:102224000028CCD11F4B1A68EFF3108172B6D2E8A4
:10223400CF4F0120002CFAD1C2E8440F002CF6D174
:10224400BFF35F8F9DF80700174A90701A68002348
:10225400C2E88F3F81F31088B1E70DF107010A202E
:10226400FFF7D4FD0028AAD10E4B1A68EFF31081B2
:1022740072B6D2E8CF4F0120002CFAD1C2E8440F45
:10228400002CF6D1BFF35F8F9DF80700064AD0708B
:102294001A680023C2E88F3F81F310888FE700BFDC
:1022A400A6BC062058B80120006B0120304B1B78D7
:1022B400002B5BD030B583B02E4B1B68E3B1EFF33A
:1022C400108272B6D3E8CF0F01210028FAD1C3E8F7
:1022D400401F0028F6D1BFF35F8F274B1D6905B956
:1022E4000425244B19680023C1E88F3F82F310882A
:1022F400202D03D8002407E00425FBE72025F9E777
:102304001E4B00221A600134A5422DD90023ADF8DA
:1023140006300DF10600FFF72BFE002824DBBDF884
:10232400060008B34AF203539842E9D04AF2025332
:10233400984215D0C3B2012BE5D1000AA0F1A10344
:10234400042BE0D9A0F16103192B03D80B4B1B68B4
:1023540003B16038FF28D6D8C0B2FFF79FFCD2E79C
:10236400064B01221A60CEE703B030BD704700BFB0
:102374009DBC062058B8012090CD0120B4AD0120A9
:1023840008B5FFF7A1FC08BD0346134A1278E2B171
:10239400124A1268CAB1EFF3108C72B6D2E8CF0FAA
:1023A40001210028FAD1C2E8401F0028F6D1BFF36A
:1023B4005F8F0B4A03CA18605960084B1A680023E0
:1023C400C2E88F3F8CF3108870474FF0FF321A60D9
:1023D4005A6000225A7070479DBC062058B80120EC
:1023E400006B012030B585B061F07F018DF80C10D1
:1023F4008DF80D201C4B1B68EFF3108572B6D3E8E3
:10240400CF1F01220029FAD1C3E8412F0029F6D1B8
:10241400BFF35F8F154A1369013313614FF47A7365
:10242400019300230093022303AAC1B21048FFF7CB
:1024340065FC0446022811D00C4A536901335361E8
:10244400FFF788FC084B1A680023C2E88F3F85F326
:102454001088022C05D1184605B030BDFFF7A0FC4A
:10246400F0E74FF0FF30F7E758B801205CB80120DF
:102474000C6C012010B50446024605211F20FFF70D
:10248400B1FFD0B90D4B1A68EFF3108172B6D2E8E0
:10249400CFEF5FF0010CBEF1000FF8D1C2E84ECFD0
:1024A400BEF1000FF3D1BFF35F8F054A94701A6831
:1024B4000023C2E88F3F81F3108810BD58B8012073
:1024C400006B012010B5044602460A211F20FFF7C5
:1024D40089FFD0B90D4B1A68EFF3108172B6D2E8B8
:1024E400CFEF5FF0010CBEF1000FF8D1C2E84ECF80
:1024F400BEF1000FF3D1BFF35F8F054AD4701A68A1
:102504000023C2E88F3F81F3108810BD58B8012022
:10251400006B012008B520B10246052802D8062226
:1025240000E006220E211F20FFF75CFF08BD08B55E
:10253400024600B9012208211F20FFF753FF08BDFE
:10254400104B1B78D3B1104B1B68CBB1EFF3108247
:1025540072B6D3E8CF0F01210028FAD1C3E8401F97
:102564000028F6D1BFF35F8F084B1868064B196833
:102574000023C1E88F3F82F31088704704487047F6
:10258400034870479DBC062058B80120FC6A01200E
:1025940020A1070010B50446174B1B78002B23D04D
:1025A400164B1B6803B3EFF3108E72B6D3E8CF1F3C
:1025B40001220029FAD1C3E8412F0029F6D1BFF343
:1025C4005F8F84460E4C0FCCACE80F000FCCACE808
:1025D4000F002368CCF80030084B1A680023C2E8C7
:1025E4008F3F8EF3108810BD24220021204611F065
:1025F40013FB044BA361F6E79DBC062058B80120E9
:102604005CB8012020A1070010B504461A4B1B78C2
:102614000BB31A4B1B68F3B1EFF3108E72B6D3E809
:10262400CF1F01220029FAD1C3E8412F0029F6D196
:10263400BFF35F8F8446124C0FCCACE80F0094E8D4
:102644000F008CE80F000D4B1A680023C2E88F3F7F
:102654008EF3108810BD20220021204611F0DCFAF0
:1026640041F288332360074A6260A360064BE3604B
:1026740004232361EEE700BF9DBC062058B8012067
:1026840090CD012090D0030020A107003C4B1B7883
:10269400002B5FD030B589B03A4B1C68002C5CD05D
:1026A400EE468446BCE80F00AEE80F009CE80F003D
:1026B4008EE80F00009BB3F57A7F51D3019A42F262
:1026C4000F739A424FD9029BB3F57A7F4ED3039A84
:1026D40093424ED82C4B9A424ED808B90423049303
:1026E400049B202B01D920230493EFF3108572B6A9
:1026F400D4E8CF2F0123002AFAD1C4E8423F002AAC
:10270400F6D1BFF35F8F214CA446EE46BEE80F001E
:10271400ACE80F009EE80F008CE80F00A3681C4A89
:102724001268934201D91A4A1360184BDB68184A9D
:102734001268934201D2164A1360154B1A68154B5E
:102744009A61104B1B680020C3E88F0F85F3108833
:1027540009B030BD4FF0FF3070474FF0FF30F7E75E
:102764004FF0FF30F4E74FF0FF30F1E74FF0FF3068
:10277400EEE74FF0FF30EBE74FF0FF30E8E700BF44
:102784009DBC062058B80120404B4C0090CD012040
:10279400FC6A01205CB80120134B1B78EBB1134B8E
:1027A4001B68EBB1EFF3108272B6D3E8CF0F0121AF
:1027B4000028FAD1C3E8401F0028F6D1BFF35F8F89
:1027C4000B4B186808B941F28830084B196800238C
:1027D400C1E88F3F82F31088704741F28830704718
:1027E40041F28830704700BF9DBC062058B80120D4
:1027F40090CD0120114B1B78E3B1114B1B68DBB169
:10280400EFF3108272B6D3E8CF0F01210028FAD17A
:10281400C3E8401F0028F6D1BFF35F8F094B586807
:1028240000B90948064B19680023C1E88F3F82F3B9
:102834001088704704487047034870479DBC0620C1
:1028440058B8012090CD012090D0030070470000BB
:10285400074B01229A730020D873064A40F6BF71D1
:10286400D1814FF0020C83F810C058741182704764
:1028740090BB0620C4B206204FF0010C8C451CDC32
:1028840000B508E00D4B4FF4486C23F812C0013238
:10289400F4468E450FDC0CF1010E094B03F812C00F
:1028A40003EB420358700128ECD0044B40F6BF7C84
:1028B40023F812C0EBE75DF804FB7047C4B20620AE
:1028C40090BB062070B5544B1B68D3B1002501237F
:1028D400082B18DC5A1E02EB4212504901EB82010C
:1028E4004F4803EB430400EBC4029160516040F88D
:1028F40034108421D16000211161422151610133DE
:10290400E6E70125E3E7002114E001F10903454A64
:1029140052F82140424A03EB430C02EBCC008460A2
:10292400446042F83C408424C4600024046142238F
:10293400436101310F29E8DD0023072B08DC03F193
:102944000901394A4FF4486022F811000133F4E7D1
:102954002DB9FFF77DFF304B08221A6070BD0CF0D3
:10296400FBFF324C041941F10006002E0EDB0CF083
:10297400F3FF201A66EB0101012871F100010ADB63
:10298400012001F075F80028F1D005E04FF0FF3484
:102994006FF00046EBE700254DB3012204211046F9
:1029A400FFF76AFF052201210020FFF765FF0622D9
:1029B40001210220FFF760FF0CF0CEFF1C4C04192C
:1029C40041F10005002D0DDB0CF0C6FF201A65EB6C
:1029D4000101012871F10001F6DA1649164804F0E4
:1029E40061FEB6E74FF0FF346FF00045ECE70222DA
:1029F40001210020FFF740FF012211460220FFF7CA
:102A04003BFF032204210020FFF736FF0B490A484D
:102A140004F048FE9DE700BFA4BB0620F8B20620E0
:102A240038B9062094630120C4B20620404B4C0000
:102A340080841E00744801207848012094480120B5
:102A440008B5FFF727FBFFF713F9FEF77DFE00F04B
:102A5400B4FB01F055F8FFF735FF08BD08B5034690
:102A6400074A12F8100048B102EB43035B7803EB0A
:102A74008303044A52F82330C9B2984708BD00BF03
:102A840090BB0620086B012008B50346084A12F8DB
:102A9400100050B102EB43035B7803EB8303054A58
:102AA40002EB83035B68984708BD0220FCE700BF84
:102AB40090BB0620086B012010B50446114B1B681F
:102AC4005BB90A2804D0E1B2012000F07BFB10BD01
:102AD4000D21012000F076FBF5E70A2808D001203B
:102AE400FFF7D2FF0128FAD12146FFF7B7FFEEE73F
:102AF4000120FFF7C9FF0128FAD10D21FFF7AEFF2E
:102B0400EDE700BFA4BB06200120704708B50346CB
:102B1400074A12F8100048B102EB43035B7803EB59
:102B24008303044A02EB83039B68984708BD00BFF4
:102B340090BB0620086B0120704700000A46084B32
:102B440013F8101059B110B503EB40035B7803EB95
:102B54008303044C04EB83031B69984710BD70473F
:102B640090BB0620086B012038B5012400E0013435
:102B74000F4B1B68A3421ADB0E4B13F81430002BC7
:102B8400F5D00C4B03EB44035D7805EB85020A4B4F
:102B940003EB8203DB68074A12F814009847011E0E
:102BA400E5DB20460AF000FD0028EED1DFE738BD62
:102BB400A4BB062090BB0620086B012038B50C4648
:102BC4000179172904D0084804F06CFD012038BDB0
:102BD4000568254428460AF08CFE294620440AF05C
:102BE40093FE0020F3E700BF9848012070B582B03F
:102BF40004460169384804F055FD636B0093236B68
:102C0400E26AA16A354804F04DFD636A0093236AC1
:102C1400E269A169324804F045FDE3680093A368C2
:102C2400626821682F4804F03DFD636C0193236CB6
:102C34000093E36B6269A16B2B4804F033FD2B48CE
:102C440004F0E2FA4FF0E025D5F8280D04F064FC16
:102C5400274804F0D9FAD5F82C0D04F05DFC25487A
:102C640004F0D2FAD5F8300D04F056FC224804F0F2
:102C7400CBFAD5F8340D04F04FFC204804F0C4FA24
:102C8400D5F8380D04F048FC1D4804F0BDFAD5F819
:102C94003C0D04F041FC1B4804F0B6FA1A4DA5F5AE
:102CA400C06605F5FD332A463146184804F0FAFC9F
:102CB4002B46A5F597623146154804F0F3FCE16B09
:102CC400226CB36B0093336B521B491B114804F005
:102CD400E9FC114807F006F8B8480120E048012053
:102CE400FC48012018490120344901205849012099
:102CF400644901206C490120744901207C49012068
:102D0400844901203C4F0120B0D301208C4901208B
:102D1400B0490120C8490120F849012070B5044692
:102D2400436813F8023C0A4D6B72C3682B62036953
:102D34006B624369AB628369EB6201262E7207F012
:102D440025FA2E722B69E360B5F91430236170BD46
:102D5400B0CD012008B5FFF773FE0C4B4FF402729F
:102D64001A800B4B4FF49B721A8019200CF06EF8EA
:102D740019234FF0010242EC443042EC4030EFF3AF
:102D8400108372B607F040FB002008BD7EBC06200D
:102D94007CBC0620704770477047704708B50EF03A
:102DA4004BF90022114610460DF066F908BD0000EB
:102DB40008B501200CF0DAFC0EF03EF9024BD3E921
:102DC40000010CF0ABFCF9E78067012000290DDB62
:102DD40070B10D4B98420DD343180B4A1268526DD3
:102DE400934200D9111A61B9084604E04142EFE761
:102DF400002000E00020044B0E221A7500225A75B0
:102E040070470846704700BFB0CD012008B50022C6
:102E1400FFF7DCFF08BD08B50122FFF7D7FF08BDA7
:102E240010B58AB00C460138082800F21A81DFE890
:102E340010F009000D00250057006D008300A30069
:102E4400D600F700002108460DF075F90821204648
:102E5400FFF7E1FF20B94FF0FF3420460AB010BD60
:102E640001A8FFF791FA0822214601A80AF002FD01
:102E740004460028F1D04FF0FF34EEE7012120464C
:102E8400FFF7C4FF10B94FF0FF34E6E7012201A9B0
:102E940020460AF0C7FC0446F8B99DF80430642BB8
:102EA40007D9744B16221A7500225A754FF0FF3455
:102EB400D3E7C3EB032080B26F4BA3FB0030C0F316
:102EC4004710FFF7D7FA0028C7DA6A4B05221A75AC
:102ED40000225A754FF0FF34BFE74FF0FF34BCE7D0
:102EE40024212046FFF797FF10B94FF0FF34B4E7D1
:102EF40001A8FFF74FFB2422214601A80AF0BAFCDF
:102F040004460028A9D04FF0FF34A6E7202120462C
:102F1400FFF781FF10B94FF0FF349EE701A8FFF7D8
:102F240073FB2022214601A80AF0A4FC04460028D1
:102F340093D04FF0FF3490E720212046FFF766FF3F
:102F440010B94FF0FF3488E7202201A920460AF087
:102F540069FC044610B14FF0FF347EE701A8FFF787
:102F640095FB0028BFF679AF424B16221A75002252
:102F74005A754FF0FF3470E701212046FFF746FFF2
:102F840010B94FF0FF3468E7012201A920460AF086
:102F940049FC044600BB9DF80430642B07D9354B2B
:102FA40016221A7500225A754FF0FF3455E7C3EB09
:102FB400032080B2304BA3FB0030C0F34710FFF76F
:102FC40081FA0028BFF649AF2A4B05221A75002260
:102FD4005A754FF0FF3440E74FF0FF343DE70121CD
:102FE4002046FFF713FF10B94FF0FF3435E70122F5
:102FF40001A920460AF016FC044610B14FF0FF3434
:103004002BE79DF80400FFF785FA0028BFF625AFEB
:10301400184B05221A7500225A754FF0FF341CE72D
:1030240001212046FFF7F2FE10B94FF0FF3414E7F8
:10303400012201A920460AF0F5FB044610B14FF025
:10304400FF340AE79DF80400FFF771FA0028BFF681
:1030540004AF084B05221A7500225A754FF0FF344D
:10306400FBE6044B16221A7500225A754FF0FF3402
:10307400F3E600BFB0CD01201F85EB5182B08C4632
:10308400184B984214BF00230123174A32F9133016
:103094008B4205D08DF807C000210DF107021CE01A
:1030A4000D238DF8073000210DF107020029F1D11D
:1030B400836913F0200FFBD1134613F8012B026030
:1030C40001311A46F2E7836913F0200FFBD113464E
:1030D40013F8012B026001311A460029F3D002B023
:1030E400704700BF00800740A8BB06202DE9F041CF
:1030F4000F4616461D46DDF8188080B3204C4FF469
:10310400E13120460CF05AFE022138460BF044FE11
:10311400022130460BF040FE002120460CF03CFE1C
:10312400012120460CF031FE002D1ADCB8F1000F0D
:103134001CDC04F13002002D1DDD4FF40043B8F116
:10314400000F1ADD4FF480410B43216B4B4003F415
:10315400404302F5805213602046BDE8F081094CDB
:10316400CDE7022100200BF017FEDFE7022100204B
:103174000BF012FEDDE70023E1E70021E4E700BFE6
:10318400008007400000074000B583B040B90090BC
:10319400034601220146FFF7A9FF03B05DF804FBD3
:1031A400092300930823072206210120FFF79EFF2D
:1031B400F3E708B50CF09AFD08BD08B50020FFF749
:1031C400E3FF08BD08B5012807D00548836913F05B
:1031D400200FFBD1FFF752FF08BD0248F6E700BFFE
:1031E400008007400000074070470000012807D016
:1031F400044B9B6913F0200F0CBF01200020704783
:10320400014BF6E70080074000000740012806D084
:10321400054B9A6912F0100F03D118687047034BDD
:10322400F7E74FF0FF307047008007400000074089
:10323400F8B505461646481EFFF7A6FF044626BB0A
:10324400184800EB4510038903F00F01164A52F8A1
:103254002110F9B113F0400F20D10127C3F3011558
:10326400053513F4807F1BD1002613F4007F00D0B2
:10327400022620460CF04AFD33463A4629462046AB
:103284000CF06DFDF8BD09F0FBFCA36913F0800F91
:10329400F9D0D5E72046FFF78CFFF3E70227DDE7F7
:1032A4000126E2E718B70620D4630120034660B183
:1032B400426D32B9064A02F500714165A2F5C06259
:1032C4005163586D034BC01A70470020704700BF0C
:1032D400B0D30120B0CD012008B5FFF7E7FF00F619
:1032E400FF70000B08BD00008446002300E001339A
:1032F4004C2B0ADC064A02EB430012F81320624509
:10330400F5D142788A42F2D170470020FCE700BF31
:103314000079012008B5064BC01A4011054B03FB88
:1033240000F0C0B20E2800D808BD034806F0DAFC4D
:10333400B4A50620ABAAAAAA084A012038B50446B7
:10334400FF210846FFF7D0FF054640B9012120467A
:1033540007F026FA0028F3D1024804F0A3F928461E
:1033640038BD00BF144A012010B50446FFF7D2FF50
:10337400002300E001334C2B0DDC084A12F8132023
:103384009042F7D1054A02EB430CFF218CF801105F
:1033940002F81310EEE70023238310BD0079012007
:1033A400F8B50F4B1B68834216D00546FFF794FF10
:1033B40006462846FFF7AEFF07460024B44207DA64
:1033C4002846FFF7BBFF48B1077044700134F5E7A6
:1033D40001232B830020F8BD0020FCE70C20FAE732
:1033E400B0CD01200023184601E0013001334C2BFD
:1033F40005DC044A12F81320FF2AF6D1F6E7800010
:10340400704700BF0079012008B59A22FF210348C4
:1034140010F002FC024B00221A6008BD0079012062
:10342400B0CD01202DE9F04383B004461D4B18684C
:10343400FFF770FF81462046FFF76CFF8046204669
:10344400FFF74AFF07460026BE4227DAF4B22146B8
:103454004846FFF749FF054621464046FFF744FF2B
:103464000446C5B1B8B1104BE91A4910C31A5B1030
:103474000C484FF4805200EB013100EB033010F0A4
:103484004BFC2B88ADF8043023882B80BDF8043026
:1034940023800136D8E7054806F024FC03B0BDE8D4
:1034A400F08300BFB0CD0120007901202C4A012017
:1034B400030A08D0082B01D000207047C0B20128AD
:1034C40003D000207047012070470120704700009E
:1034D4002DE9F04782B0038BE3B18146224B1A8871
:1034E4004FF6FF739A423BD007F0C4F803B2B3F12E
:1034F400FF3F37D01FFA80FA4FEA0A281FFA88F8EC
:103504004846FFF707FF07464846FFF7E5FE06462D
:1035140000251BE0154806F0E5FBE9B23846FFF745
:10352400E3FE0446124BC31A5B1001220092114AB7
:1035340002EB03334FF4805208EBC5010A480088BC
:1035440007F006F9FF23637023700135B542E4DB0D
:103554000020A9F81800A9F81AA002B0BDE8F08765
:103564000C20FAE70C20F8E7446B01203C4A0120C8
:1035740000790120B0CD01202DE9F04383B0064647
:103584000F02BFB2FFF7C6FE81463046FFF7A4FE26
:103594008046002517E03046FFF7D0FE04460E4B68
:1035A400C31A5B10012200920C4A02EB03334FF45E
:1035B400805207EBC5010A48008807F08BF884F8AD
:1035C4000090657001354545E5DB01233383002315
:1035D400738303B0BDE8F08300790120B0CD0120EE
:1035E400446B01202DE9F04383B00446038B4BB1B7
:1035F4002046FFF78FFE80462046FFF76DFE81468A
:1036040000241DE0418BFFF7B7FFF1E703EB440310
:103614005B78A3421ED112E01A4806F063FB4FF414
:103624008052284606F01AF9174B33F81420ADF8E7
:103634000420328823F81420BDF804303380013488
:103644004C451CDA114D05EB04350F4B13F814707F
:10365400B845DBD0E1B24046FFF746FE06460028F7
:10366400DAD0094BC31A5B10084901EB0331FF2F71
:10367400D5D14FF48052284610F04EFBD4E703B066
:10368400BDE8F0832C4A012000790120B0CD01204F
:103694002DE9F0410D461C4B1F683846FFF71CFE10
:1036A4000446804605F5AF551F352D133846FFF700
:1036B40031FE0646A54222D3A54213D9AC4211DA03
:1036C4003846FFF73BFEE0B1067044700134F5E77D
:1036D400E1B23046FFF708FEFF2343700370013464
:1036E4004445F5D3084B03EB05327A655A63AD00C4
:1036F400BD653846FFF776FF0020BDE8F0812C4613
:10370400EEE70C20F9E700BFB0CD01200E4981425D
:1037140017D810B504460B685B6D834201D90020AD
:1037240010BD411A0020FFF7B3FF0028F8D0064B64
:103734001B685A6DA21A9988044803F0B3FF0C2041
:10374400EEE71620704700BFB0CD01204C4A01209F
:1037540030BF7047EFF305806946F3B440464946ED
:1037640052465B460FB4684633498D46FFF73EFA2E
:103774000698324908603248069070470FB4604694
:103784002E49096803B568462E498D4601B4FFF7F2
:10379400C5FA01BC854606F039F80DBC9E46844640
:1037A40003BC02B09746E0B541464A4653465C46E0
:1037B40065463EB401B424496A468A6106F0A0FA1B
:1037C4001D498D46041CFFF70DFFBFF36F8F0120C9
:1037D40020701D4881698D4600201C49088001BC69
:1037E4003EBC884691469A46A346AC46E0BDE0B549
:1037F40041464A4653465C4665463EB4818802B417
:1038040011496A468A6103B46C460B498D46FFF739
:1038140009FEBFF36F8FA54603BC06F0CBF800206A
:103824000A49088001BC00203EBC884691469A465D
:10383400A346AC46E0BD000000200820ACBC062036
:10384400AC360020B0D30120B0CD012082BC0620CC
:1038540010B5164B1A68EFF3108472B6D2E8CFEFA6
:103864005FF0010CBEF1000FF8D1C2E84ECFBEF1FB
:10387400000FF3D1BFF35F8F5C60827C0F2A0CD8FA
:10388400437CC1540133594203F00F0301F00F018B
:1038940058BF4B42437401328274044B19685B680D
:1038A4000022C1E88F2F83F3108810BDACAD012036
:1038B40010B50346154A1068EFF3108172B68C46B2
:1038C400D0E8CF4F5FF0010E002CF9D1C0E844EFEF
:1038D400002CF5D1BFF35F8F5160987C70B11A7CD6
:1038E40013F802E00132514202F00F0201F00F011D
:1038F40058BF4A421A74013898747046034B1A68C8
:103904000023C2E88F3F8CF3108810BDACAD0120BA
:103914002DE9F04782B0002108460FF039FC0CF085
:103924001BF8074689460646884666E00134032CA0
:1039340022DCE5B228460FF0A9F90028F6D004EB02
:103944008402C4EBC202374B134493F82530002B96
:10395400ECD010461030334B18440330FFF7A8FF67
:103964008DF8070001220DF1070128460FF06CF9CC
:1039740028460FF007F9D9E7002406E04FF0FF319D
:10398400C9B22846FFF764FF0134032C1ADC5FFA3E
:1039940084FA50460FF0D0F80028F5D004EB8405E3
:1039A400C4EBC5051F4B1D44AB7C0F2BECD8012287
:1039B4000DF1070150460FF0CBF80028DED09DF83A
:1039C4000710DDE70BF0C8FF04460D46C31B61EB8F
:1039D4000903002B18DAA31B65EB0803002B0CDB8F
:1039E400FEF7B6FBFEF7ACFD0646FEF703FF864284
:1039F40000D80646361945F1000800214FF0FF3083
:103A04000EF0DAFD002492E7FEF750FCFEF798FD75
:103A14000746FEF7C1FE874200D807463F1945F125
:103A24000009D8E7ACBB062008B5013800EB8003D9
:103A3400C0EBC300044B1844837C13B1FFF738FF79
:103A440008BD4FF0FF30FBE7ACBB0620013800EBAC
:103A54008003C0EBC300054B034493F825300F2BC0
:103A640001D9002070470120704700BFACBB06207D
:103A7400064B1B6823B128B1042805D900207047E0
:103A840000207047002070470120704748BC062082
:103A940038B504460D462046FFF7D8FF0128FAD171
:103AA400013C04EB8403C4EBC30404F11000064B93
:103AB40018440330234493F825300F2B00D938BD24
:103AC4002946FFF7C5FEFAE7ACBB0620013800EB38
:103AD4008003C0EBC300034B0344012283F8262078
:103AE400704700BFACBB0620014B01221A6070472F
:103AF40048BC0620014B00221A60704748BC0620CF
:103B040008B503480BF000FE02480DF031FB08BD78
:103B1400ACAD01204138002010B5044640F23653C4
:103B2400984227D008460222154909F07BFEB0F1DD
:103B3400FF3F16D0124B18781B2813D840F231538C
:103B44009C4219D10BF082F90D4B1A784FF0010108
:103B540041EC44205B78003B18BF012343EC402038
:103B6400002010BD074B13221A7500225A754FF01E
:103B7400FF30F6E71C20F4E74FF0FF30F1E700BF19
:103B84004CB40120B0CD0120004870473C650120B1
:103B9400004870472864012060B9104B40F2094284
:103BA4005A80012301335B009BB20C4843F44073F9
:103BB4000380704704280ED8094A52F820000023D5
:103BC400122BEFD8C25C002AECD00133034921F850
:103BD4001320DBB2F4E70020704700BFB8AD01202A
:103BE400146401200FB400B583B004AB53F8042B64
:103BF40001937AB1084C019BA02120460DF0E0F816
:103C0400064803F001FB204603F0FEFA044803F0E3
:103C1400FBFAFEE7034AEDE7EC830120A84A012002
:103C24000C590120A04A012010F00F0007D10F4BBE
:103C3400DA689B681B699A4213D2002070470B4ACA
:103C4400D3689268411E133052F8200083420AD28E
:103C5400043102EB810252681344044AD360002009
:103C64007047012070470120704700BFA4810120E4
:103C740010B5044602098C20244B00FB0233244A6D
:103C84009360117101290AD002290FD091B1214BFF
:103C940005221A7500225A754FF0FF3010BD092015
:103CA40003F0B6F930B14FF0FF30F7E71A4B1A883A
:103CB400174B5A71174AD2F80811154B1982D2F8CA
:103CC4000011D960D2F80C211A602046FFF7ACFF2E
:103CD4000028DCD100240E4B1B8AABB10C4B9B6833
:103CE4005B68984701460028D1D0094B188A8AB2EC
:103CF400801A1882224494B21A6802EB41221A6094
:103D0400DA680A44DA60E6E76002C7E7B8810120AE
:103D1400A4810120B0CD012086BC0620030900F057
:103D24000F013F2813D80F4A8C2000FB032212698D
:103D34006AB1A1B1013903EB8303C3EBC3030B44A1
:103D44001433084A52F823300BB100207047064B55
:103D540013221A7500225A754FF0FF307047002065
:103D6400704700BFB8810120B0CD012008B5034BD6
:103D740001229A74FFF77CFF08BD00BFA4810120D3
:103D840008B5034B00229A74FFF772FF08BD00BF09
:103D9400A481012070B582B004460B461146060981
:103DA4004FF08C0C1E4D0CFB06551E4EB56040F2B8
:103DB400071C63451DD044F20312934205D0B3F5AA
:103DC400837F06D04FF0FF301DE0AB680BB39847FC
:103DD40019E0EB68FBB1084609F041FD114BD860CE
:103DE4002046FFF721FFC0B90E4B9B68DB6898475C
:103DF40009E010F00F0408D12B69019304220DEBA4
:103E0400020009F037FD02B070BD133455F82430B8
:103E1400F3E70020F7E70020F5E74FF0FF30F2E783
:103E2400B8810120A481012008B50648064B9842B8
:103E340003D843682BB18C30F8E7044803F0E4F965
:103E4400002008BDB88101205C830120BC4A012008
:103E540008B5084BC31A9B10074A02FB03F3074A31
:103E6400906003F1610000F015F80A20FEF724FECB
:103E740008BD00BFB88101208BAFF88AA48101205E
:103E8400034B06221A7500225A754FF0FF30704713
:103E9400B0CD01202DE9F04781460146414803F0A9
:103EA40001FC03F0E5FA06463F4B01229A74002711
:103EB4001F711860DF603D46BA464DE03A4BD3F8B7
:103EC4000CA03A4803F0A0F9042556E00F2B29D0A2
:103ED400852B27D004F11C0306EB0313D3F806103B
:103EE400314A906841442A1D00EB82025160D3F8A4
:103EF4000A2005F1140340F8232001352A464946D7
:103F04002B4803F0CFFB0134032C21D80E2D1FD8EE
:103F140006EB041393F8C231052B03D0D6D8002B3B
:103F2400F1D0D7E704F11C0306EB0313D3F80630F2
:103F340053441D4AD360032DE5D804F11C0306EB5A
:103F44000313002202219972DA721A735A73C1E7B9
:103F54000137154BDB68B3B1134B01221A829B68FE
:103F64005B68984778B1B6F8FE214AF655239A4221
:103F740009D1312F07D8012FA0D00B4BD3F80C80D7
:103F84000024DC60C0E7BAF1000F01D0032D04D88F
:103F9400304603F0BEF9BDE8F087064803F034F973
:103FA400F6E700BFCC4A0120A4810120D44A0120B5
:103FB400D84A0120E04A012070B582B0FCF7FCF930
:103FC4000020FCF7E9F9142402E0FCF70FFA013CA5
:103FD400002CFAD10021402000F03AF9012804D045
:103FE40000F008F9204602B070BD142008F06CFE01
:103FF40005464FF4D571482000F02AF901284CD128
:10400400264607E0FCF7F2F906F108036B4403F8CF
:10401400040C0136032EF5D99DF80630012B16D178
:104024009DF80730AA2B5CD1284608F061FE30B910
:104034004FF08041E92000F00BF90028F4D1284624
:1040440008F056FE38B100F0D5F80024CAE700F0B5
:10405400D1F80024C6E700217A2000F0F9F858B11D
:1040640000F0C8F80024BDE7FCF7C0F904F1080328
:104074006B4403F8040C0134032CF5D99DF8043087
:1040840013F0400F07D0C02600F0B4F80120FCF76D
:1040940083F93446A6E74026F6E70021E92000F03C
:1040A400D7F801281ADD10264124284608F020FEFE
:1040B40028B90021204600F0CBF80028F5D1284685
:1040C40008F016FE30B94FF40071502000F0C0F82B
:1040D400044650B100F08EF8002483E72026E9243A
:1040E400E3E700F087F800247CE700F083F8002E73
:1040F4003FF478AFCAE7000030B585B00146344BD1
:104104001860344803F0CEFAFFF756FF30F080030E
:1041140019D00446FFF788FE054690B12E4B436044
:104124002B4B1B6803F00F0323430370002149202A
:1041340000F08EF858B100F05DF800212846FFF732
:1041440087FE05B030BD254803F0ACFAF9E700F06E
:1041540063F8FE28EFD1002408E0FCF747F904F1E6
:1041640010036B4403F8100C0134E4B20F2CF4D99F
:104174009DF800309B09012B20D09DF8052002F00A
:104184000F029DF80A3002EBD3129DF809305B0050
:1041940003F006031A449DF808109DF807309B00AD
:1041A40003EB91139DF80610890201F440610B445E
:1041B40001332B61073A93402B61BCE79DF809302A
:1041C4009DF8082003EB022301339B022B61B2E725
:1041D400506B0120E44A012009420020F44A0120E6
:1041E40010B5002404B110BD2046FFF785FF01344B
:1041F400E4B2F7E708B5074B1B7833B1FCF7F6F8E0
:104204000028FBD0034B00221A70FCF7D5F8FCF70A
:10421400EDF808BD9ABC062070B50546052008F0E7
:1042240053FD064605E0FF280ED1304608F060FD38
:1042340038B9FCF7DBF80446002DF4D0FF28F4D19C
:1042440002E0024802F0E0FF204670BD044B01206A
:1042540038B504460D46FFF7CDFF14F0800F07D0A4
:1042640004F07F0400217720FFF7F2FF01282CD807
:10427400FFF7C0FFFCF7A6F8402C04D00120FFF79D
:10428400CBFFFF2826D12046FCF7A2F8280EFCF726
:104294009FF8C5F30740FCF79BF8C5F30720FCF72C
:1042A40097F8E8B2FCF794F8402C0FD0482C0FD0C4
:1042B4000120FCF78DF8FCF799F81424FCF796F824
:1042C40010F0800F01D0013CF8D138BD9520F0E703
:1042D4008720EEE7FF20F8E738B5364B9B681B785C
:1042E40003F00F03344A136000242DE0582032E019
:1042F400304BD96838E00120FFF78EFFFF2815D135
:10430400FE20FCF765F8FCF791F8FF20FCF760F855
:10431400FF20FCF75DF80020FFF77EFF00F01F058B
:10432400052D14BF0025012500E00025214B9B7CB1
:10433400002B2BD1214B01221A70002D2CD12048A7
:1043440002F062FF0134E4B2072C2AD8194B9B7C9B
:10435400002BCBD05120174B9B6893F90030002BD6
:10436400C6DB144BD9684902FFF772FF0028DCD181
:10437400104B9D7C002DBED0FFF74EFFFE280CBFD6
:1043840001250025D2D1FCF741F8CFE7FFF732FF32
:104394000A4B00221A70D0E7074BFF221A60012053
:1043A40007E0084B002005221A755875024BFF22BE
:1043B4001A6038BDA4810120506B01209ABC0620EC
:1043C400144B0120B0CD01200378407843EA00204B
:1043D40070470378427843EA0223827843EA02432F
:1043E400C07843EA006070470170090A4170704761
:1043F4000170C1F307234370C1F307438370090EAF
:10440400C170704720B1421E104203D00020704793
:10441400002070470120704790F85831202B06D0B7
:104424004FF6F773994294BF002001207047034868
:10443400814294BF00200120704700BFF7FFFF0FA7
:1044440090F85831202B06D04FF6F773994214BFD9
:104454000020012070470348814214BF002001203E
:10446400704700BFF7FFFF0F90F85831202B02D0A0
:104474004FF6FF7070476FF070407047844600221B
:10448400104608E0C30143EA50031CF8021051FA35
:1044940083F3D8B201320A2AF4D9704708B5042943
:1044A40007D8490089B2013189B20844FFF78CFF6B
:1044B40008BD0A2904D8023189B2490089B2F4E757
:1044C400033189B2490089B2EFE708B50B461146BA
:1044D400042B07D85B009BB201339BB21844FFF74F
:1044E40083FF08BD0A2B04D802339BB25B009BB246
:1044F400F4E703339BB25B009BB2EFE770B4037B3A
:1045040003F0080403F01005082300E001330A2B2C
:1045140004D8C25C202AF9D0012600E0002600223B
:10452400134605E01D2A02D801F802C00132013306
:10453400072B11D810F803C0BCF1200F0CD0002CAD
:10454400F0D0BCF1400FEDD9BCF15A0FEAD80CF110
:10455400200C5FFA8CFCE5E7CEB11D2A02D82E238D
:104564008B540132082304E01D2A01D88C540132F3
:1045740001330A2B0BD8C45C202C08D0002DF3D0B7
:10458400402CF1D95A2CEFD82034E4B2ECE70023C4
:104594008B5470BC704700B54FF01E0E04E093427C
:1045A40026D1BEF1010E25D00378BBB12F2B15D037
:1045B400013011F8012BA3F1610C5FFA8CFCBCF102
:1045C400190F01D8203BDBB2A2F1610C5FFA8CFC1D
:1045D400BCF1190FE3D8203AD2B2E0E70B782BB143
:1045E4002F2B01D0002006E0012004E0012002E08E
:1045F400002000E001205DF804FB80EA014181EA2B
:10460400104083B283EA1040012800D97047023079
:1046140080B2FBE780EA104083B2C0F30F20584019
:10462400012800D97047023080B2FBE710F0030F75
:1046340015D10D4BA3FB00235B09642202FB13037A
:104644009BB273B9084BA3FB0023DB094FF4C87278
:1046540002FB130080B2B0FA80F0400970470020DA
:1046640070470120704700BF1F85EB5110B54B1EEA
:10467400064AD45C022901D0204610BDFFF7D6FFBC
:104684000028F9D00134E4B2F6E700BF50650120F8
:104694002DE9F84F8B469246374DA5FB00352D0C7E
:1046A400364A02FB1502364BA3FB02394FEAD927DF
:1046B400C9F3C7294FF4616303FB1727314BA3FBED
:1046C4000717C7F34717A3FB02384FEA5818C8EB7C
:1046D4000818A2EB88085FFA88F840F2B2740AE07E
:1046E40040F26D13AB4217D8ED1A0134A4B240F670
:1046F4003B039C4207D82046FFF798FF0028EFD0E1
:104704004FF4B773EEE74FF03A083B274FF0170921
:1047140040F63B044FF4B67501260C2E09D83146F9
:104724002046FFF7A3FFA84203D82D1A0136F6B29C
:10473400F3E7EDB20135EDB240F2BB739C4207D80A
:104744004FF000084746C14601252E4640F2BC748E
:10475400A4F2BC74730143EA44231BB22B43ABF8A9
:1047640000307B0143EAC9231BB243EA5803AAF889
:104774000030BDE8F88F00BF07452EC2805101000C
:10478400C5B3A291898888881F281CD97F281CD08A
:104794003C2809D822281AD32238C0B20F4B23FA56
:1047A40000F000F0010070475C2812D003D97C2887
:1047B40007D0002070473E38C0B201280BD9002032
:1047C4007047012070470120704701207047002086
:1047D4007047012070470120704700BF0121000588
:1047E4002DE9F8430378C3B1074688469146202B48
:1047F40013D0002635461D2D1FD87C5DECB12F2C1F
:104804001BD014F0800F10D12046FFF7BDFF60B914
:1048140028F8164001350136EDE7134B16221A75B8
:1048240000225A754FF0FF3014E00F4B16221A7510
:1048340000225A754FF0FF300CE06EB106F10043D0
:10484400013B38F81330202B06D02E2B04D0C9F8A6
:1048540000600020BDE8F883034B16221A7500227D
:104864005A754FF0FF30F5E7B0CD0120A0F12103D8
:10487400DBB25D2B15D83F2809D8222813D3223860
:10488400C0B20C4B23FA00F000F0010070475D2821
:1048940003D97C280BD1012070475B2805D3012064
:1048A40070470120704700207047002070470020A7
:1048B400704700BF0127003F10B50446A0F1610313
:1048C400DBB2192B0AD8A0F12004E4B22E2C09D0B3
:1048D4002046FFF7CBFF38B9204610BD2028F5D17C
:1048E4000020FAE70020F8E75F20F6E72DE9F04F13
:1048F40083B00746019191469B46DDF830A0002421
:104904001460CAF800404FF0FF3800E001341D2C59
:1049140032D83B5D93B32F2B05D02E2BF6D1002C30
:10492400F4D0A046F2E700250FE00026785DFFF7FB
:10493400C3FF48B1B6B1DAF80020022A04D8511CEA
:10494400CAF800100BF802000135A54218D2B8F1DC
:10495400000FEADBA845F7D0454501DC0026E5E772
:104964000126E3E7D9F80020072AEDD8511CC9F83D
:10497400001001998854E7E70025E6E70025E4E7FD
:1049840003B0BDE8F08F00000346012004E0044AB0
:10499400A2FB0323DB080130092BF8D8704700BFC2
:1049A400CDCCCCCC0DE0094BA3FB0023DB081A468D
:1049B40003EB8303A0EB4303303301F80C301046C0
:1049C400624602F1FF3C002AEDD17047CDCCCCCC3D
:1049D400F8B5012924D904461546D0F884318B4210
:1049E4001ED390F85831202B22D04900D4F86831D6
:1049F40001F4FF77002203EB5121208802F00AFD25
:104A04000646E8B194F85831202B13D03844FFF708
:104A1400DBFC0446304602F077FC2C600020F8BD35
:104A2400094B05221A7500225A754FF0FF30F6E73C
:104A34008900DBE73844FFF7CCFC20F07044E9E759
:104A44004FF0FF30EBE700BFB0CD01202DE9F04F70
:104A540083B00446884615461E460C9F97F80B9073
:104A640009F0100B07F11A00FFF7AEFC0190824623
:104A740094F85831202B07D007F11C00FFF7A9FC4C
:104A840001904E4F00220BE007F11400FFF79CFC4D
:104A94004AEA004AF0E77988238899420BD0903794
:104AA400474B9F421FD297F87030002BF3D1002A56
:104AB400F1D13A46EFE797F87410424BE31A1B1111
:104AC400414800FB03F3DBB29942E8D197F8833005
:104AD40013F0010FE3D1FB6FAB42E0D1B7F88030A4
:104AE400B342DCD100E00027002F54D097F8703097
:104AF400002B4CD16822002107F108000FF08CF83C
:104B04000023BB67FB67C7F88030C7F88430C7F859
:104B14008830C7F88C3023887B802A4BE31A1B111A
:104B2400294A02FB03F387F8743031462846FFF71D
:104B340064FDB88046F291033B8063889B0103F0D7
:104B4400400387F87330012387F87030C7F878A0E2
:104B5400FD67A7F8806087F88290D8F87830C7F8A6
:104B64008430BBF1000F20D044F2FF133B810223B9
:104B74007B8119F0010F06D03B8923F092033B811E
:104B8400402387F87330384603B0BDE8F08F013313
:104B940087F87030F7E70AB11746ABE70B4B1721DC
:104BA4001975002159751746EDE748F2B6133B8194
:104BB40001237B81019B3B61DBE700BF80B80120BF
:104BC400C0C301200CAE0120295C8FC2B0CD0120EE
:104BD40008B5232200210FF01FF808BD2DE9F04786
:104BE40005460F78CB7A0F2B29D10C4607F01F0608
:104BF40091F80C80B8F1000F21D101F11A00FFF7F0
:104C0400E3FBE0B917F0400F0AD0EEB123220021F4
:104C140028460FF001F801232B70637B6B70AE7094
:104C24002B7843B13EB195F802A0B24503D1627B23
:104C34006B789A420CD02846FFF7CAFF02E0284658
:104C4400FFF7C6FFBDE8F0872846FFF7C1FFF9E785
:104C540006EB460306EB83060D3E1D2E01D9012308
:104C6400EB70002707E04046B9F11D0F02D8A944B4
:104C740089F8040001370C2F11D807EB06093946CF
:104C84002046FFF70BFC431E9BB24FF6FD72934286
:104C9400E9D87F2801D8C0B2E6E75F20E4E7002323
:104CA40085F822300AF1FF3A85F802A0CAE72DE917
:104CB400F04F87B082460E4693464FF020330B6088
:104CC4004B60C1F80730FF27002300E001331D2BA0
:104CD4000BD81AF8032042B12F2A06D02E2AF5D178
:104CE400FF2F40F083801F46F0E7FF2F51D0002FA5
:104CF4007FD0013BBB427FD00022029204920192FA
:104D04009146904615460392CDF814B0B3461BE085
:104D140000262E2C17D02046FFF7A8FD00286ED1C0
:104D2400A4F16103DBB2192B20D8E6B10296203C32
:104D3400E4B236B3B9F1020F64D809F108030BF8F1
:104D4400034009F1010901351D2D2ED81AF805403B
:104D54005CB32F2C29D0FF2FDAD0BD4201D8002616
:104D6400D7E70126D5E701230193E0E7A4F1410346
:104D7400DBB2192BDDD80EB10396DAE701230493D5
:104D8400D7E7B8F1070F40D80BF8084008F101083D
:104D9400D9E7002202920492019291469046154668
:104DA4000392CDF814B0B346CEE7039ADDF814B0FD
:104DB400B8F1000F2CD0019B0BB1049B5BBB029B91
:104DC40003B15ABB019B1BB1049B6BB1002300E0F0
:104DD4000023029911B10AB943F010038BF8003093
:104DE400002007B0BDE8F08F0823F2E74FF0FF3052
:104DF400F7E74FF0FF30F4E74FF0FF30F1E74FF003
:104E0400FF30EEE74FF0FF30EBE74FF0FF30E8E71D
:104E14004FF0FF30E5E74FF0FF30E2E74FF0FF30AF
:104E2400DFE72DE9F84F074688464FF020330B6043
:104E34004B60C1F80730FF26002300E001331D2B2F
:104E440009D8FA5C3AB12F2A05D02E2AF6D1FF2EC2
:104E54004DD11E46F2E7FF2E3ED0002E4AD0013B34
:104E6400B3424AD04FF0000AD34655461CE04FF0F7
:104E740000092E2C17D02046FFF7F8FC00283FD15C
:104E8400A4F16103DBB2192B01D8203CE4B2B9F1DF
:104E9400000F19D0BAF1020F35D80AF1080308F847
:104EA40003400AF1010A01351D2D1AD87C5DC4B1F5
:104EB4002F2C16D0FF2EDAD0B54202D84FF00009BD
:104EC400D7E74FF00109D4E7BBF1070F1ED808F864
:104ED4000B400BF1010BE6E74FF0000AD3465546B1
:104EE400E2E7BBF1000F14D00020BDE8F88F4FF0CB
:104EF400FF30FAE74FF0FF30F7E74FF0FF30F4E709
:104F04004FF0FF30F1E74FF0FF30EEE74FF0FF30A6
:104F1400EBE74FF0FF30E8E72DE9F8430746894611
:104F240014469846089E099D202200210EF074FE26
:104F340087F800900F23FB727C73002107F11A009D
:104F4400FFF752FA002408E0B24213D04FF6FF7282
:104F540021463846FFF7B9FA01340C2C0CD805EB7E
:104F6400450205EB820222440D3AB242ECD238F8F3
:104F74001220EDE70022EBE7BDE8F8832DE9F047C6
:104F840082B0012910D904469046D0F884318B426E
:104F94000AD390F85831202B0ED04F004FEA5729EE
:104FA40007F4FF77002517E0234B05221A7500222A
:104FB4005A754FF0FF3036E08F00EFE71FFA88F1A3
:104FC40001A8FFF711FABDF80430F353012130466C
:104FD40002F06EF968BB013594F86031AB4221D917
:104FE400D4F86811D4F86C3105FB0311002249444C
:104FF400208802F00FFA0646C0B194F85831202BED
:10500400DCD128F0704AC359019301A8FFF7E1F9F4
:1050140000F0704141EA0A0101A8FFF7E9F9019B98
:10502400F351D3E7002002B0BDE8F0874FF0FF3022
:10503400F9E74FF0FF30F6E7B0CD012070B582B04C
:1050440005460C46D0F880310233012C2AD9D5F814
:105054008421A24226D35E1E1BB301AA2146284600
:10506400FFF7B6FCC0B9002221462846FFF786FFA9
:1050740090B9019C21462846FFF7CEF978B921461C
:105084002846FFF7DDF910B90CB13346DDE70B4BC9
:1050940005221A7500225A754FF0FF3004E033469A
:1050A40000E0334613B1002002B070BD034B05226B
:1050B4001A7500225A754FF0FF30F5E7B0CD012084
:1050C40010B514460022008802F0A4F928B1E522A4
:1050D4000255012102F0ECF810BD4FF0FF30FBE760
:1050E4002DE9F04190F85C8101291DD90646D0F8DC
:1050F40084318B4218D3D0F87C71023908FB0177D4
:105104000024A04518D90122E119308802F082F95F
:105114000546A0B14FF4007200210EF07DFD284633
:1051240002F0FBF80134ECE7064B05221A75002265
:105134005A754FF0FF3000E00020BDE8F0814FF0D9
:10514400FF30FAE7B0CD01202DE9F04182B00546E9
:105154008846D0F88841FFF787F90746012C05D91E
:10516400D5F88431A34202D2022400E002240026AE
:105174001AE03A4621462846FFF700FF10B14FF0E7
:10518400FF3032E021462846FFF7AAFF18BBD5F8C6
:105194008431A34205D0631CC5F88831C8F80040A7
:1051A40023E00223F8E70136D5F88031B34215D95C
:1051B40001AA21462846FFF70BFC48B9019B002BA6
:1051C400D7D00134D5F88431A342ECD20224EAE7E3
:1051D4004FF0FF3009E04FF0FF3006E0044B1C2293
:1051E4001A7500225A754FF0FF3002B0BDE8F08105
:1051F400B0CD01202DE9F04683B08C6F012C15D978
:105204000546894617469A46D0F88431A3420DD301
:10521400B2B1D1F88820DAB1D1F88C60BE4219D885
:10522400012A19D9934219D2002627E0334B0522CB
:105234001A7500225A754FF0FF3003B0BDE8F086AE
:10524400C1F888400020C1F88C00CAF80040F4E797
:10525400002613E0002611E000260FE014460DE0BE
:10526400019C21462846FFF7EBF830BB2CB3012CF8
:105274002BD9D5F884319C4227D80136BE4234D28A
:1052840001AA21462846FFF7A3FB30BB0199284613
:10529400FFF7C2F80028E3D00A9B0BBB01A92846FC
:1052A400FFF752FFF0B9019A21462846FFF766FE40
:1052B4000028D5D04FF0FF30BFE7104B05221A75F8
:1052C40000225A754FF0FF30B7E70C4B05221A75D0
:1052D40000225A754FF0FF30AFE74FF0FF30ACE7D4
:1052E4000120AAE74FF0FF30A7E7C9F88840C9F8C2
:1052F4008C70CAF8004000209FE700BFB0CD0120A9
:105304002DE9F04184B005461E46C2F308074FEA72
:10531400522C90F85831102B05D08B6FA3B9012073
:1053240004B0BDE8F08191F8833013F0010FF4D09C
:10533400D0F8783163452FD9D0F8743163443360A1
:105344000A9B1F800020EBE795F85C81BCFBF8F218
:1053540008FB12C40123009303AB2846FFF74AFF5E
:105364000028DDD1039B012B0ED9D5F8842193426B
:105374000AD8D5F87C21023B03FB082353FA84F4B2
:1053840034600A9B1F80CBE7044B05221A75002268
:105394005A754FF0FF30C3E70120C1E7B0CD0120BB
:1053A400F0B583B005460C4691F8833013F0010F35
:1053B40003D090F85831102B21D0A76F3FB3D5F804
:1053C400806102363346013E002B3CD06A463946A2
:1053D4002846FFF7FDFA002850D1009C21462846B4
:1053E400FFF71AF878BB21462846FFF729F808BBCF
:1053F40004B3D5F884319C421CD82746E2E7224BFB
:105404001C221A7500225A754FF0FF3019E001A9C9
:105414002846FFF799FE70BB019BA367C4F8883048
:105424000023C4F88C3094F8733063F07F0384F85D
:10543400733006E0144B05221A7500225A754FF09A
:10544400FF3003B0F0BD76B101A92846FFF77CFE1A
:10545400B8B9019A39462846FFF790FD0028F0D0E4
:105464004FF0FF30EDE7084B05221A7500225A75FC
:105474004FF0FF30E5E74FF0FF30E2E74FF0FF3049
:10548400DFE74FF0FF30DCE7B0CD012070B584B02A
:1054940005461C460DF10A03009303ABFFF730FFEA
:1054A400064610B1304604B070BD00220399288826
:1054B40001F0B0FF024630B3BDF80A10431850F8AB
:1054C40001C05D689868D968C4F800C06560A060D0
:1054D400E160D3F810C05D699869D969C4F810C057
:1054E4006561A061E161104601F00EFF089B13B1F4
:1054F400039B089A1360099B002BD3D0BDF80A3094
:10550400099A1380CEE74FF0FF36CBE752B12DE96D
:10551400F0478AB006460F469A4690460025A946AB
:105524002C4615E0184B16221A7500225A754FF0B6
:10553400FF30704739463046FFF732FF40B14FF035
:10554400FF301EE005B9A1460135A84514D9203421
:1055540000230193009302AB224639463046FFF7FD
:1055640095FF0128E6D050B99DF80830E52BE9D025
:10557400002BE7D00025EAE7CAF8009001E04FF0DD
:10558400FF300AB0BDE8F087B0CD012038B515462C
:105594001C460022008801F03DFFF0B10246431989
:1055A400D4F800E0D4F804C0A068E16842F805E04B
:1055B400C3F804C09860D960D4F810E0D4F814C0DB
:1055C400A069E169C3F810E0C3F814C09861D96117
:1055D4000121104601F06CFE38BD4FF0FF30FBE7AF
:1055E400F0B58BB006460D46174600240023019300
:1055F400009302AB224629463046FFF747FF0128B5
:1056040013D0A8B920349DF808307BB1E52BEDD038
:105614009DF813300F2BE9D00B22394602A80EF067
:105624004DFB0028E2D1012000E000200BB0F0BDCA
:105634004FF0FF30FAE700002DE9F0418AB006464A
:105644000F461046984605AB009307AB06AA08A977
:10565400FFF74CF9069B6BB946238DF8203049239C
:105664008DF821304C238DF8223045238DF82330DA
:1056740004230693012523E00CF128030DEB030E0C
:105684001EF8083C0EF8203C0CF1010C6445F3D8DC
:10569400611C04F128030DEB03047E2304F8203C71
:1056A40002AB19442846FFF77DF9059A0ABB02AA02
:1056B40039463046FFF794FF031E2CDBF3B1013566
:1056C4001C4B9D422AD82846FFF75EF90246431C2C
:1056D400072B23D8C0F10703069C9C4200D31C4629
:1056E4004FF0203302930393CDF80F304FF0000CAA
:1056F400CCE707A904A80EF00FFBD8E702AA03CA57
:10570400C8F80000C8F8041011889278A8F80810A6
:1057140088F80A2009E04FF0FF3306E0064B1C220C
:105724001A7500225A754FF0FF3318460AB0BDE8C7
:10573400F08100BF9F860100B0CD01202DE9F04F1C
:1057440087B0044608460022114601F063FE002893
:1057540000F0EF80054600F5FF70FEF735FE4AF6CF
:105764005523984240F0998005F10B00FEF72CFE7A
:10577400804695F80D9005F10E00FEF725FE029087
:1057840095F810B005F11100FEF71EFE039005F127
:105794001300FEF719FE064605F12000FEF719FE78
:1057A400074605F11600FEF70FFE824605F12400B8
:1057B400FEF70FFE019006B13746BAF1000F01D093
:1057C400CDF804A0B8F5007F72D14846FEF71AFE62
:1057D40000286DD0029B002B6AD0BBF1000F67D06C
:1057E400002F65D0019B002B62D0039B08EB43166E
:1057F400013EB6FBF8F30593029A019901FB0B22D3
:10580400049202EB030A57455DD9A7EB0A06B6FBDF
:10581400F9F640F6F4739E4260D94FF6F4739E4253
:1058240067D8102303933822002104F5AC700EF0DE
:10583400F3F9012384F85431039A84F85821A4F825
:105844005A8184F85C91029BA4F85E3184F860B1BB
:10585400C4F86471C4F86831019BC4F86C31C4F8AD
:105864007CA1C4F880610136C4F884610223C4F8C1
:105874008831202A40D0049BC4F87431059BC4F8B5
:10588400783100262681022384F84631284601F027
:105894003BFD304607B0BDE8F08F274B16221A7542
:1058A40000225A75284601F02FFD4FF0FF30F1E732
:1058B400214B16221A7500225A75284601F024FD40
:1058C4004FF0FF30E6E71C4B16221A7500225A757A
:1058D400284601F019FD4FF0FF30DBE7164B162286
:1058E4001A7500225A75284601F00EFD4FF0FF305C
:1058F400D0E72023039396E705F12C00FEF769FD1A
:10590400074605F13000FEF75FFD012F06D9BE42C0
:1059140004D3C4F87071A4F88C01B2E7064B1622C4
:105924001A7500225A75284601F0EEFC4FF0FF303C
:10593400B0E74FF0FF30ADE7B0CD012038B50546F4
:105944002F4B002401E0B4B190332E4A934214D279
:1059540093F87020002AF6D0B3F802C029888C4549
:10596400F2D193F8831011F0010FEDD0013283F8D6
:1059740070201C4635E01C46E6E7A4B368220021EB
:1059840004F108000EF048F90023A367E367C4F8A4
:105994008030C4F88430C4F88830C4F88C302B8844
:1059A40063800122A280184BEB1A1B11174901FBDB
:1059B40003F384F8743046F2910323806B889B01CF
:1059C40003F0400384F8733084F8702044F2FF132A
:1059D40023810223638184F8832095F85831202B96
:1059E40007D0204638BD0A4B17221A7500225A7573
:1059F400F7E7D5F87031A367C4F88430F1E700BF46
:105A040080B80120C0C301200CAE0120295C8FC2E4
:105A1400B0CD0120F0B58BB006460F4690F8583152
:105A2400102B04D0202B08D0564C002513E000295D
:105A3400F8D1FFF783FF054679E0D6F87031BB4211
:105A440002D0504C002506E03046FFF777FF0546AC
:105A54006DE02DB390344C4B9C4223D294F87030BB
:105A6400002BF6D0628833889A42F3D194F87420DC
:105A7400464BF31A1B11464901FB03F3DBB29A426E
:105A8400E8D1204602F0BEF94028E3D1A36FBB421F
:105A9400E0D194F87030013384F87030254646E044
:105AA4002546D7E7002D45D06822002105F10800DE
:105AB4000EF0B2F80024AC67EC67C5F88040C5F876
:105AC4008440C5F88840C5F88C4033886B802F4BE0
:105AD400F31A1B112E4A02FB03F385F8743038467F
:105AE400FEF798FDA88046F291032B8073889B01F2
:105AF40003F0400385F87330012385F8703044F2D5
:105B0400FF132B8102236B81AF67102385F882304A
:105B1400C5F884700194009402AB202229463046D3
:105B2400FFF7B4FC18B99DF808302E2B08D028468E
:105B34000BB0F0BD174B17221A7500225A75F6E701
:105B44009DF809302E2BF2D19DF813300F2BEED097
:105B54000DF12200FEF738FC044696F85861202E19
:105B640003D040B1C5F88400E1E707A8FEF72CFC98
:105B740044EA0040F5E7102ED9D10023C5F884305B
:105B8400D5E700BF80B80120C0C301200CAE0120BE
:105B9400295C8FC2B0CD01202DE9F04385B00446C5
:105BA4000E46904622B990F8733013F0400F5DD141
:105BB40094F874904FF4C873424D03FB095595F85B
:105BC4005C71002F5AD094F8833013F0010F08D081
:105BD4003C4B4FF4C87202FB093393F85831102B35
:105BE40064D0A36FD3B9B8F1000F62D194F87330C5
:105BF40013F0400F4AD103A92846FFF7A5FA00285D
:105C04005AD1039AA26794F8733063F07F0384F83F
:105C14007330C4F888200023C4F88C30B6FBF7F244
:105C240007FB1266CDF8008003AB21462846FFF738
:105C3400E1FA002843D1039B012B2FD9214A4FF4C9
:105C4400C87101FB0922D2F88421934226D81D4A47
:105C54004FF4C87101FB0922D2F87C21023B03FBFB
:105C6400072353FA86F005B0BDE8F083164B1E22D5
:105C74001A7500225A754FF0FF30F4E7124B0522D3
:105C84001A7500225A754FF0FF30ECE70E4B1E22B6
:105C94001A7500225A754FF0FF30E4E70A4B0522CB
:105CA4001A7500225A754FF0FF30DCE74FF0FF30D1
:105CB400D9E74FF0FF30D6E74FF0FF30D3E74FF08E
:105CC400FF30D0E70CAE0120B0CD01202DE9F04724
:105CD4009EB00646884690F874304FF4C8724E4F12
:105CE40002FB03770B782E2B0AD02E2B03D198F8C6
:105CF40001302E2B0DD015A8FEF76AFF002440E0DA
:105D04004A78002AF1D190F87030013380F870306D
:105D14007DE098F80230002BEDD196F8833013F033
:105D2400010F05D096F87030013386F870306EE0BC
:105D3400D6F884103846FFF76DFE064667E015A8CE
:105D4400FEF746FF1DE00DA915A8FEF747FF18E072
:105D540005F0010503A90DA8FEF7D0FB19F0080F03
:105D640042D12DB116A94046FEF715FC00283FD1BB
:105D740003A94046FEF70FFC002839D115A8FEF709
:105D840027FF0DF12E0301930CAB00930DAB2246BC
:105D940031463846FFF77AFB0546002836D12034D1
:105DA4009DF8343093B3E52BC9D09DF83F90B9F1F9
:105DB4000F0FC8D01F22002103A80DF02DFF9DF85E
:105DC4005430002BC4D09DF85630002BC0D19DF820
:105DD40055A00DA8FEF752FB8245B9D19DF8583065
:105DE400002BB5D00125B3E715A8FEF7F1FEC8E7EF
:105DF4000DAB0093BDF82E300C9A31463846FEF7B1
:105E040025FE064615A8FEF7E3FE00E00026304610
:105E14001EB0BDE8F08700BF0CAE012070B5A6B07F
:105E2400044690F874304FF4C8728A4D02FB03554F
:105E34001DA8FEF7CDFE884B002283F8102183F8BD
:105E4400112183F8122183F81321D3F8C830934227
:105E540016DB13F01F0F13D17F4B93F8D030002BB8
:105E640000F08F807C4BD3F8C4301F2B40F2898024
:105E740020220021784BD3F8C0000DF0CDFE80E045
:105E8400754B16221A7500225A75734BD3F81031CC
:105E940073B9714BB3F9143053B16F4B4FF0FF32F8
:105EA40083F8102183F8112183F8122183F8132138
:105EB40026B070BD1DA8FEF78BFE62E015A91DA8D3
:105EC400FEF78CFE5DE01DA8FEF782FE59E003A9F3
:105ED40015A8FEF713FB1DA8FEF77AFE2022002169
:105EE4000BA80DF099FEBDF84E101498FEF785FB33
:105EF400ADF82C000DF10C0CBCE80F00CDF82E0011
:105F0400CDF83210CDF83620CDF83A30BCE8070091
:105F1400CDF83E00CDF84210CDF84620BCF8003054
:105F2400ADF84A304C4B93F8D030002B00F082800F
:105F3400494BD3F8C0E00DF12C0CBCE80F00CEF8AF
:105F44000000CEF80410CEF80820CEF80C30BCE8DF
:105F54000F00CEF81000CEF81410CEF81820CEF8AA
:105F64001C303D4BD3F8C0202032C3F8C020D3F8F6
:105F7400C420203AC3F8C420D3F810212032C3F837
:105F84001021354BD3F8C4301F2B7FF67EAF0DF1B3
:105F94004E03019314AB009315AB2F4AD2F8C820DB
:105FA40021462846FFF772FA00287FF46EAF2A4A8A
:105FB400D2F8C8302033C2F8C8309DF85430002BD2
:105FC4003FF463AFE52B3FF475AF9DF85F300F2BC3
:105FD4003FF474AF13F0080F7FF475AF1F22002154
:105FE40003A80DF019FE9DF87430002B3FF46FAF39
:105FF4009DF87630002B7FF46AAF9DF8756015A884
:10600400FEF73CFA86427FF462AF9DF87830002BAD
:106014003FF45DAF0DF10C0C1EAE0FCEACE80F00DB
:1060240096E80F00ACE807002CF8023B1B0C8CF838
:10603400003050E72022084BD3F8C0100BA807F01B
:1060440019FC00288DD0044B0E221A7500225A75B3
:106054001BE700BF0CAE0120B0CD0120F0B585B028
:1060640090F8733013F0400F2FD1044690F8742049
:106074004FF4C873474E03FB026690F8833013F065
:10608400010F03D096F85831102B26D0414B4FF412
:10609400C87000FB023393F85C3133B321B1194467
:1060A4000139B1FBF3F181BBA16F31BB0027A767B5
:1060B400C4F88870C4F88C7094F8733063F07F036C
:1060C40084F87330384605B0F0BD334B1E221A7580
:1060D40000225A754FF0FF37F4E72F4B1E221A7532
:1060E40000225A754FF0FF37ECE72B4B05221A7547
:1060F40000225A754FF0FF37E4E73046FEF79EFF63
:106104000028D3D04FF0FF37DCE7A36F0BB900278B
:10611400D8E74D1E0123009303AB2A46214630469F
:10612400FFF768F801282AD058BB02AA0399304621
:10613400FEF74EFC074638BB02993046FEF76CF971
:1061440058B1039BC4F88830C4F88C5094F8733069
:1061540063F07F0384F87330B4E73046FEF784F9C4
:10616400024603993046FEF709FF80B9029930468A
:10617400FEF764FF0028E4D04FF0FF37A2E70027C2
:10618400A0E74FF0FF379DE74FF0FF379AE74FF056
:10619400FF3797E70CAE0120B0CD01202DE9F04187
:1061A4008AB090F8745090F8732090F97330002BF3
:1061B40080F2C58004464389002B00F0BC80C16F87
:1061C40021B9B0F88030002B00F0B5804FF4C873CB
:1061D40005FB03F300226948C05A01F01BF9064687
:1061E400002800F0AC80B4F880300DF1080C00EB0E
:1061F400030EC058DEF80410DEF80820DEF80C3078
:10620400ACE80F00DEF81000DEF81410DEF81820F9
:10621400DEF81C30ACE80F009DF80830002B00F0CD
:106224009180E52B00F08E809DF813300F2B00F049
:106234008980204601F0E6FD074694F8823003F099
:106244000F03402800F0888043F02003228912F0D5
:10625400920F40F0848043F001038DF8133084F8EA
:106264008230D4F878801FFA88F10DF12200FEF70D
:10627400BBF8424B4FF4C87202FB053393F8583114
:10628400202B6FD0002107A8FEF7AEF8402F6FD067
:10629400216909A8FEF7ACF801AA0DF10601E0692D
:1062A400FEF7F6F9BDF804100DF11600FEF79CF8A0
:1062B400BDF8061006A8FEF797F801AA0DF106012D
:1062C4006069FEF7E5F9BDF806100DF11A00FEF756
:1062D4008BF801AA0DF10601A069FEF7D9F9BDF802
:1062E40004100DF11E00FEF77FF8BDF8061008A893
:1062F400FEF77AF8B4F8807006EB070C02AD0FCD08
:10630400F051CCF80410CCF80820CCF80C300FCDA8
:10631400CCF81000CCF81410CCF81820CCF81C30B1
:106324000121304600F0C4FF94F8733003F07F037A
:1063340084F8733003E002F07F0284F873200AB01B
:10634400BDE8F081304600F0DFFF94F8733003F0CD
:106354007F0384F87330F2E743F0100376E703F029
:106364003E037AE74FEA184107A8FEF73DF88DE7A8
:10637400002109A8FEF73CF88EE700BF0CAE01200F
:106384002DE9F04FB7B01F4690F874804FF4C873EE
:10639400834E03FB086690F8733013F0400F08D067
:1063A400804B00251E221A755D75284637B0BDE85E
:1063B400F08F04460D46914601F0F8FB10F0020FF1
:1063C40024D02B78002B40F07C818DF81530079376
:1063D40099F8003003B3FFB12E2B23D0002203928F
:1063E4002E2B26D00025039B03B97DB34FF0203319
:1063F40011931293CDF84B302E238DF84430002D99
:1064040063D08DF845304FF0000A60E0654B0025FD
:106414000D221A755D75C8E7624B002516221A75A0
:106424005D75C2E799F801200AB10022D7E701227D
:10643400D5E799F801302E2B01D00025D3E799F840
:1064440002300BB10025CEE70125CCE707AA22A92B
:106454004846FEF7C5F90028A7D10DF1150211A988
:106464004846FEF724FC10B94FF0000A2FE0079BC2
:1064740003F10C0A4C4BA3FB0A3A4FEA9A0A19A9F6
:106484004846FEF7CEFCC0B919AA21463046FFF7AC
:10649400A7F8002889DB40B911AB19AA07CA03C3BE
:1064A40023F8022B120C1A7011E011AB4A46214654
:1064B4003046FFF7C1F850B177E711AB4A462146A1
:1064C4003046FFF7B9F810B16FE74FF0000A039BAD
:1064D40003B99DB108AB0AF1010221463046FFF72A
:1064E40015F8002840F0E780BAF1000F48D011A851
:1064F400FDF7C4FF83464FF000092DE049462046CE
:10650400FFF7E4FB0028E5D002F030FB254B112215
:106514001A7500225A7548E70193079B009322AB32
:106524005A4619A8FEF7F8FC0DF11603009309ABBF
:10653400089A02EB491221463046FEF7E1FEA8B95B
:1065440019ABBDF8162009993046FFF71FF800284B
:1065540040F0B38009F10109CA450DD9AAEB09033A
:10656400D9B29A45D8D141F04001D5E70D4B002569
:1065740005221A755D7518E7089B03EB4A13089307
:106584000DF11603009309AB089A21463046FEF735
:10659400B7FE58B1034B002505221A755D7504E753
:1065A4000CAE0120B0CD01204FECC44E20220021BE
:1065B40019A80DF031FB19AB11AA07CA03C323F8BC
:1065C400022B120C1A7097F8829009F00F093846C2
:1065D40001F018FC402860D049F020098DF86F9034
:1065E400D7F878A01FFA8AF10DF17E00FDF7FCFEC2
:1065F400904B4FF4C87202FB083393F85831202BA8
:106604004ED0384601F0FEFB40284FD0396920A80F
:10661400FDF7EEFE9DF815308DF870300DF11A027D
:1066240006A9854B1868FEF733F8BDF81A100DF16A
:106634007200FDF7D9FEBDF818101DA8FDF7D4FEB1
:10664400BDF818100DF17600FDF7CEFEBDF81A1056
:106654000DF17A00FDF7C8FEBDF818101FA8FDF76C
:10666400C3FE19ABBDF8162009993046FEF78EFF1C
:1066740028BB039B4BB945B9099BFB67BDF8163092
:10668400A7F88030A36FC7F8843087F88290072179
:10669400204601F0A9FA012587E649F010099DE793
:1066A4004FEA1A411EA8FDF79FFEAAE7002120A881
:1066B400FDF79EFEAEE7002577E6002575E600258A
:1066C40073E699F8003003B92FB15C4B00252A22F8
:1066D4001A755D7569E619A8FEF77AFA4FF0000994
:1066E4004F4634E019A8FEF773FA20374FF000093B
:1066F4002DE0B9F1130F06D836AB03EB890343F849
:10670400507C09F1010911A919A8FEF767FA20378D
:106714001DE019A8FEF75CFA20374FF0000916E0D7
:1067240008F0010809A92846FDF735FF002847D1DC
:10673400B8F1000F05D01AA92846FDF72CFF002850
:106744003ED119A8FEF744FA20374FF0000906ABF2
:10675400019307AB009311AB3A4621463046FEF74E
:1067640095FE804600285CD19DF84430002B58D01B
:106774009DF84F20E52BB5D00F2ABAD012F0080FA0
:10678400C7D11F22002109A80DF046FA09A911A8B2
:10679400FDF7B4FE9DF86430002BC1D09DF866303F
:1067A400002BBDD19DF865A011A8FDF767FE8245B9
:1067B400B6D19DF86830002BB2D04FF00108AFE796
:1067C400BDF8182007993046FEF77AFC78BBB8F17B
:1067D400000F1DD0002500E00135A94518D90DF1A1
:1067E4001A03009308AB36AA02EB850252F8502C28
:1067F40021463046FEF784FD0028EDD1BDF81A206D
:1068040008993046FEF75CFC0028E5D00025CCE56D
:1068140019A8FEF7DDF90721204601F0E5F9012565
:10682400C3E5064B002502221A755D75BDE50025FA
:10683400BBE500BF0CAE0120F0B20620B0CD0120B4
:10684400F8B5054648B10E4690F8747090F8733068
:1068540013F0400F08D1404C0FE0404B06221A754C
:1068640000225A7504465EE03C4B00241E221A7531
:106874005C7502F07BF956E09034394B9C4254D25B
:1068840094F87030002BF7D1002C50D068220021EE
:1068940004F108000DF0C0F90023A367E367C4F80E
:1068A4008030C4F88430C4F88830C4F88C304FF495
:1068B400C87307FB03F32B4AD35A638095F87430EB
:1068C40084F87430244BE31A1B11274A02FB03F3A8
:1068D4009BB29A1C92B2A280012A31D046F2910353
:1068E4002380204B4FF4C87202FB07335B889B0163
:1068F40003F0400384F87330012384F8703048F2C5
:10690400B61222816381202384F88230AB6FC4F8ED
:1069140084302346324615492846FFF731FD90B1AD
:10692400284602F023F92046F8BD0024ACE70B4BBF
:1069340017221A7500225A75284602F017F9F2E751
:106944000333A380CAE7284602F010F9204602F078
:106954000DF90024E7E700BF80B80120B0CD012085
:10696400C0C301200CAE0120398EE3383C50012015
:1069740030F81100704720F81120704750F82100BA
:10698400704740F821207047006900F2FF10400A68
:106994007047F0B591B007460C461546C908002269
:1069A400023100F037FD002800F0838006463846A7
:1069B40001F02EFA04F00704A40120B1028943F285
:1069C400C8139A4229D006EB040CEE460CF140079A
:1069D4007446DCF80000DCF80410DCF80820DCF86D
:1069E4000C300FC40CF1100CA646BC45F0D1BDF818
:1069F40000302B80BDF802306B80BDF80430AB80D2
:106A0400BDF80630EB80029BAB60039BEB60049BFC
:106A14002B61059B6B61002343E03444EC4604F195
:106A2400400E674620686168A268E3680FC71034A7
:106A3400BC467445F5D1BDF800302B80BDF802305A
:106A44006B80BDF80430AB80BDF80630EB80029B50
:106A5400AB60039BEB60049B2B61059B6B61002384
:106A640008E09A1D10A901EB820151F8401C45F879
:106A740022100133092BF4D90A2304E09A1D0021C2
:106A840045F822100133132BF8D90CE003F10C0163
:106A940010AA02EB410131F8401C9A1D45F822105E
:106AA4000133132BF2D9304600F02EFC002011B034
:106AB400F0BD0120FBE770B590B004468188C90899
:106AC40000220231408800F0A5FC002800F08380F9
:106AD4000546608801F09CF9A68806F00706B60111
:106AE40020B1028943F2C8139A421AD040220021ED
:106AF40068460DF091F82389ADF800306389ADF84C
:106B04000230A389ADF80430E389ADF80630236977
:106B1400029363690393A3690493E36905930023D0
:106B240042E04022002168460DF076F82389ADF852
:106B340000306389ADF80230A389ADF80430E389ED
:106B4400ADF806302369029363690393A369049340
:106B5400E369059300230AE003F1080254F82210C4
:106B64009A1D10A800EB820242F8401C0133092B45
:106B7400F2D9EE46AC1910AEF446BCE80F00206022
:106B84006160A260E360E6461034B445F4D11BE0D2
:106B940003F1080234F8221003F10C0210A800EBF0
:106BA400420222F8401C0133132BF1D9EC46AC19F4
:106BB4000DF1400E66460FCE20606160A260E36076
:106BC400B44610347645F5D10221284600F070FB16
:106BD400002010B070BD0120FBE700002DE9F84F44
:106BE40006460D46904601F00DF9602800F05581E7
:106BF400B6F8029096F87420AA4B4FF4C87101FBC2
:106C0400023393F85431012B28D0A64B4FF4C871AA
:106C140001FB02331A8943F2C8139A4225D0112D7D
:106C240000F2C28005F1080356F82340002C40F01E
:106C34003581B8F1000F40F0B480484601F0D6FA2F
:106C44000446002800F0AD80083546F8250096F883
:106C5400733063F07F0386F873301FE142462946A0
:106C64003046FEF799FF044618E1062D1BD805F1BE
:106C7400080356F82340002C40F01081B8F1000FAF
:106C84000ED1484601F0B2FA044648B1083546F838
:106C9400250096F8733063F07F0386F87330FDE0C7
:106CA4004FF0FF34FAE0A5F1070ABAF17F0F16D9C5
:106CB400A5F1870ABAF5804F2AD3A5F5814AAAF12E
:106CC400070ABAF5001F02D20923032509E0764B0F
:106CD4001B221A7500225A754FF0FF34DEE0072399
:106CE40001251F46083356F82340BCBBB8F1000FFA
:106CF40011D1484601F07AFA044660B1083746F8E3
:106D0400270096F8733063F07F0386F8733025E02C
:106D140008230225E5E74FF0FF34BFE0708801F057
:106D240041FA4FF0FF34B9E01FFA8AFB594638465E
:106D3400FFF724FE044650BBB8F1000F2BD14846A0
:106D440001F054FA044630B3024659463846FFF778
:106D540018FE384600F0E1FA013DEDB2002D00F0D6
:106D64009D8000222146484600F054FB0746002837
:106D7400D4D0012DD8D0022D04D0CAF38F3BCAF34E
:106D84000D0AD3E7CAF3CF1B0AF07F0ACEE73846D1
:106D940000F0BAFAE0E7384600F0B6FA4FF0FF34F4
:106DA4007CE04FF0FF3479E0A5F1120ABAF1FF0F4D
:106DB4000FD9A5F5897ABAF5803F02D213230225AB
:106DC40009E0394B1B221A7500225A754FF0FF3423
:106DD40064E0122301251F46083356F8234024BBE0
:106DE400B8F1000F0ED1484601F000FA044648B14C
:106DF400083746F8270096F8733063F07F0386F867
:106E0400733012E04FF0FF3448E0708801F0CAF9A3
:106E14004FF0FF3442E01FFA8AFB13E0384600F0DB
:106E240073FA022D2AD0013DEDB2BDB300222146F2
:106E3400484600F0EFFA07460028E6D0012DEAD0D4
:106E4400CAF30F2B59463846FFF792FD0446002833
:106E5400E4D1B8F1000F14D1484601F0C7F9044653
:106E6400A8B182B259463846FFF785FD384600F08E
:106E740054FA022DD7D15FFA8AFAD4E75FFA8AFA74
:106E8400D1E7384600F040FA4FF0FF3406E03846C8
:106E940000F03AFA4FF0FF3400E02C462046BDE8FB
:106EA400F88F00BF0CAE0120B0CD01200B4BC3F80E
:106EB400CC00D0F80422C3F80021002283F8042176
:106EC40083F80521012183F8081183F8092183F847
:106ED4000A2183F80B21C3F80C017047B0CD0120BF
:106EE40008B500F00F00024B185CFBF7E5FD08BD88
:106EF4002C4B012008B5024608B90B782BB10B784E
:106F040013430B701046FFF7EBFF08BD08B50246AC
:106F14000D4804E00D4802F0E5FE00F503700C4B4B
:106F240098420FD2B0F800329342F6D1D0F804322E
:106F34008B42F2D190F80932012BEBD0012380F877
:106F4400093200E0002008BD8C840120404B012060
:106F54007CAD012038B504460D46F9F7B7F948B1C0
:106F6400230A03EB8303074A52F82330A9B2E0B2A1
:106F7400984738BD044B06221A7500225A754FF003
:106F8400FF30F6E7C8690120B0CD012070B5044692
:106F94000D461646F9F79AF970B1230A03EB8303F9
:106FA4000F4901EB83031B6932462946E0B2984737
:106FB400B0F1FF3F08D070BD0A4B06221A750022BB
:106FC4005A754FF0FF30F6E7064BB3F91430002B37
:106FD400F1D1044B19221A7500225A75EBE700BF50
:106FE400C8690120B0CD012008B5002244F2031184
:106FF400FFF7CCFF20B1054BB3F91430192B00D0A7
:1070040008BD024B002018755875F9E7B0CD012072
:10701400C21F104B33F812300F49D1F8C82042FA7E
:1070240000FCC1F800C11A420DD10B4AD2F8C410B9
:107034000B4423FA00F0C2F80801D2F8C030C2F8B9
:107044000C310020704705220A7500224A754FF062
:10705400FF3070475C650120B0CD012000207047EF
:1070640000207047034B16221A7500225A754FF000
:10707400FF307047B0CD0120034B19221A7500224E
:107084005A754FF0FF307047B0CD0120EFF3108CEC
:1070940072B60269C3689A420FD083681970036993
:1070A400013303618368013383600168C2680A4461
:1070B400934206D38160012000E000208CF3108805
:1070C40070470120FAE7EFF3108272B603698BB1BF
:1070D40010B443681B780B600369013B0361436888
:1070E400013343600468C16821448B4206D3446081
:1070F400012004E0002082F310887047012082F30D
:10710400108810BC7047EFF3108272B60368836076
:1071140043600023036182F310887047EFF3108209
:1071240072B60369A3B110B4013B03618368013BE8
:1071340083600468A34203D2C368013B1C44846097
:1071440083681B780B60012082F3108810BC7047A1
:10715400002082F31088704708B511F0100F06D193
:1071640003F076F802F0A4FFB8B9002008BD164B6E
:10717400D3F8103173B9144B4FF0FF3283F8102158
:1071840083F8112183F8122183F813210B221A7535
:1071940000225A754FF0FF30E8E70B4BD3F810315B
:1071A40073B9094B4FF0FF3283F8102183F8112192
:1071B40083F8122183F8132104221A7500225A75C8
:1071C4004FF0FF30D2E700BFB0CD012008B511F079
:1071D400100F06D103F03CF802F06AFF48B9002012
:1071E40008BD084B0B221A7500225A754FF0FF3068
:1071F400F6E7044B04221A7500225A754FF0FF304B
:10720400EEE700BFB0CD012010B5044602E0013422
:10721400FBF752FC20780028F9D110BD10B50C46BC
:10722400F9F754F800B110BD2046FFF7EDFF3A20FE
:10723400FBF742FC014802F055FD00BF504B012012
:1072440038B50446B0F8005209492846FFF7E6FF6E
:107254002046FFF72BFE2B0A03EB8303054A02EBC0
:1072640083039B6800221146E8B2984738BD00BFEB
:107274005C4B0120C869012038B50446B0F80052BF
:1072840009492846FFF7CAFF2046FFF70FFE2B0ADD
:1072940003EB8303054A02EB8303DB6800221146F8
:1072A400E8B2984738BD00BF644B0120C86901208B
:1072B40010B50446C1B1012280F80822914201D8D8
:1072C400002012E0FFF7D8FFB0F5007F0AD00C4B86
:1072D40005221A7500225A754FF0FF30002384F8F6
:1072E400083202E00020F9E70020064A138801333F
:1072F4009BB21380A4F80A32002384F8093210BD2B
:10730400B0CD012064BC062008B50021FFF7D0FFF2
:1073140008BD08B5FFF7F8FF08BD08B50121FFF760
:10732400C7FF08BD90F8083203B9704710B504468A
:10733400FFF7A2FF002384F80832B4F80002FFF735
:1073440053FE10BD10B5094C01E004F50374084B5D
:107354009C4209D2B4F800224FF6FF739A42F4D04B
:107364002046FFF7DFFFF0E710BD00BF8C8401204B
:107374007CAD012038B50546094C01E004F50374E1
:10738400084B9C420BD2B4F80032AB42F6D12046F3
:10739400FFF7C8FF4FF6FF73A4F80032EEE738BDDD
:1073A4008C8401207CAD012010B54FF0000C6446A4
:1073B400144B01E003F50373134A93420FD2134AAB
:1073C4001288B3F80A12501A6045F3DB93F80902E5
:1073D4000128EFD0521A0FFA82FC1C46EAE73CB1AE
:1073E400012384F8093294F8083223B9204610BDE9
:1073F400074802F077FC2046FFF73EFF002384F89D
:107404000832F3E78C8401207CAD012064BC0620A3
:107414006C4B01202DE9F04107460D461446FFF759
:1074240075FD064610B13046BDE8F081FFF7BCFF9C
:107434008046A0F80072C0F804520CB10646F2E788
:10744400FFF7FEFEB0F5007F01D14646EBE7074AA1
:1074540000230521117553754FF6FF72A8F8002219
:1074640088F8083288F80932DDE700BFB0CD012082
:1074740008B5FFF799FF4FF6FF73A0F800320449EF
:107484000B8801339BB20B80A0F80A3208BD00BF01
:1074940064BC062038B504460D460749FFF7BEFE16
:1074A400230A03EB8303054A02EB83039B682A4602
:1074B4000121E0B2984738BD7C4B0120C869012006
:1074C40038B504460D460749FFF7A8FE230A03EB27
:1074D4008303054A02EB8303DB682A460121E0B2F9
:1074E400984738BD844B0120C869012010B5044673
:1074F4000749FFF793FE2046FFF73CFF230A03EBFF
:107504008303044A02EB83035B68E0B2984710BD2F
:107514008C4B0120C869012010B50446000BFFF70D
:10752400DFFC200AFFF7DCFC2009FFF7D9FC20462A
:10753400FFF7D6FC10BD10B504460009FFF7D0FCD8
:107544002046FFF7CDFC10BD70B582B00546002380
:107554008DF80730400A444BA3FB0030434C0DF137
:107564000701C009FFF7C6FC4148A0FB0530400EE7
:10757400A4FB0023DB0803EB83030DF10701A0EB5D
:107584004300FFF7B7FC3B48A0FB0530800DA4FB8C
:107594000023DB0803EB83030DF10701A0EB430099
:1075A400FFF7A8FC3448A0FB0530800CA4FB0023A3
:1075B400DB0803EB83030DF10701A0EB4300FFF7A6
:1075C40099FC68092D4BA3FB0030C009A4FB0023E0
:1075D400DB0803EB83030DF10701A0EB4300FFF786
:1075E40089FC2748A0FB0530400BA4FB0023DB08E3
:1075F40003EB83030DF10701A0EB4300FFF77AFCD3
:107604002048A0FB05308009A4FB0023DB0803EB22
:1076140083030DF10701A0EB4300FFF76BFC1A484D
:10762400A0FB05304009A4FB0023DB0803EB830324
:107634000DF10701A0EB4300FFF75CFCA4FB05364A
:10764400F608A4FB0634E40804EB84040DF10701F6
:10765400A6EB4400FFF74EFC06EB8606A5EB4600BE
:10766400FFF73EFC02B070BD834B0400CDCCCCCC04
:10767400893BE6556BCA5F6B83DE1B43C55A7C0AA4
:107684005917B7D1D34D62101F85EB5110B5041EA5
:1076940003DB2046FFF758FF10BD2D20FBF70CFA43
:1076A4006442F6E70FB430B583B006AB53F8044B2D
:1076B40001934EE01446019B1A1D01921D68280C8B
:1076C400FFF72AFFA8B2FFF727FF023441E0019B2E
:1076D4001A1D01921868FFF797FD023439E0019BE7
:1076E4001A1D01921878FBF7E7F9023431E0019B87
:1076F4001A1D01921878FFF71EFF033429E0019B3D
:107704001A1D019218686378643B142B0ED8DFE8C5
:1077140003F00F0D0D0D0D0D0D0D0D0D0D0D0B0DBC
:107724000D0D0D120D0D0B00FFF7F6FE023410E0E7
:10773400FFF7ACFFFAE7FFF707FFF7E7144604E0AB
:10774400144602E0144600E0144614F8010BFBF75B
:10775400B3F92378002B3DD0252BF6D1621C637836
:10776400322BC4D0EAD3782BEAD8632BEAD3633B19
:10777400152BE9D801A151F823F000BF0F760020A2
:107784002F76002079760020797600207976002003
:1077940079760020797600207976002079760020A9
:1077A400E57500207976002079760020797600202E
:1077B400E77500207976002079760020FF75002097
:1077C400797600202F7600207976002079760020C3
:1077D4002F76002003B0BDE8304004B0704700BFEE
:1077E40008B5032805D803285DD8DFE800F064084D
:1077F4001A32412857D1D0B206F09EF95CE0324BE0
:10780400D3F8C420D3F8C010D3F8C80006F032F877
:10781400002852D12C4BD3F8C40080B201F078FC7C
:107824004AE0294B93F8D0305BB1274BD3F8C420FE
:107834000021D3F8C0000CF0EFF9234BD3F8C400B7
:107844003AE0214BD3F8C410D3F8C00006F041F855
:10785400F3E71D4BD3F8C430602B0AD91A4B00222E
:10786400602183F8C41083F8C52083F8C62083F808
:10787400C720154BD3F8C800D3F8C4208318B3F538
:10788400B46F01D9002017E00F4BD3F8C0100F4B91
:10789400184405F0EFFF98B90B4BD3F8C40080B23D
:1078A40001F036FC08E0084B06221A7500225A75CE
:1078B4004FF0FF3000E0002008BD4FF0FF30FBE741
:1078C4004FF0FF30F8E700BFB0CD0120B4A506208B
:1078D40008B5032805D8032826D8DFE800F0080CEB
:1078E400081D412820D1D0B206F0B8FC02E0144BA8
:1078F400D3F8C40008BD124BD3F8C420D3F8C01089
:10790400D3F8C80005F08EFFB0B90D4BD3F8C4000E
:1079140080B201F0FDFBEDE7094B16221A75002237
:107924005A754FF0FF30E5E7054B06221A75002221
:107934005A754FF0FF30DDE74FF0FF30DAE700BF54
:10794400B0CD012008B5034608461146082B12D0D5
:1079540009D8032B12D0062B02D1FBF761FA08BD1C
:107964004FF0FF30FBE7412B02D106F013F9F6E7A5
:107974004FF0FF30F3E7FCF7CFF8F0E7012804D02D
:10798400022808D04FF0FF30E9E7054B188805F0CE
:10799400BBFF0020E3E7602005F0B6FF0020DEE730
:1079A40070BC0620412801D00020704708B5C0B241
:1079B40006F05CF908BD0000084B1B68084A126811
:1079C400934201D018787047064B1A68064B9A8286
:1079D400064B01221A600020704700BF68C40120D2
:1079E4006CC4012060C40120B0CD012064C4012016
:1079F40030F81100704720F81120704750F821002A
:107A0400704740F82120704700230748032B08D80B
:107A140001884FF6FF72914204D000F5C87001331B
:107A2400F4E70020704700BF0CAE012010B588B009
:107A34000446164B0022402183F8C81083F8C9205D
:107A440083F8CA2083F8CB20104B0021202283F82E
:107A5400C42083F8C51083F8C61083F8C7106A469B
:107A6400C3F8C020012283F8D020204601F06AFB2D
:107A74009DF8023033B9054BD3F81031202BE3D0F5
:107A8400012000E0002008B010BD00BFB0CD0120EF
:107A94001E22037853B12F2B08D0013011F801CBEB
:107AA4009C450DD1013AF4D1012070470B782BB1DC
:107AB4002F2B01D000207047012070470120704710
:107AC4000020704700200E280FD800EB40039A00D6
:107AD4000A4B13445B7A0BB10130F4E7074B1344B0
:107AE40001225A7200225A607047054B17221A75F8
:107AF40000225A754FF0FF30704700BF90C4012038
:107B0400B0CD012008B5436893F8732090F90800BC
:107B1400002800DB08BD02F00F010F2909D001394C
:107B240002F0F0020A43184600F8732F01F024FF14
:107B3400F0E70021F4E7000000E00130092806D84E
:107B4400074B034493F8E230FF2BF6D106E0044BD5
:107B540018221A7500225A754FF0FF30704700BF83
:107B6400B0CD012008B50020FFF7E6FF08BD00896D
:107B7400C0F3403070470000034BB3F8D600B0FAAE
:107B840080F04009704700BFB0CD0120064BB3F828
:107B9400D6300BB900207047034B01221A7500221E
:107BA4005A750120704700BFB0CD012010B50446BE
:107BB400FFF7E2FF98B92089A2890A4BB3F8D630BF
:107BC4009A4208D0E289074BB3F8D8309A4204D0DD
:107BD40000F0070010BD8011FAE7C010F8E7072095
:107BE400F8E700BFB0CD012038B590F8733013F03A
:107BF400400F10D105460C4601290DD063F07F03D8
:107C040085F8733014F0010F12D114F0020F14D15F
:107C140014F0040F16D138BD90F874100C4A4FF4C8
:107C2400C87000FB0122528812F0080FE6D0F2E778
:107C340005F1140005F074F8E7E705F1180005F004
:107C44006FF8E5E705F11C0005F06AF8E3E700BF0B
:107C54000CAE01202DE9F04188B005460E461746CA
:107C6400984690F87420654B4FF4C87101FB0233B9
:107C740093F85431012B14D090F8733013F0400F63
:107C840015D1FFF793FF10F0020F18D03B78E3B93A
:107C9400B8F1000F19D05A4B002011221A755875EB
:107CA4000AE043463A463146FEF76AFB04E0544B89
:107CB40000201E221A75587508B0BDE8F081504B9B
:107CC40000200D221A755875F6E74D4B002283F8F3
:107CD400C82083F8C92083F8CA2083F8CB20484CF5
:107CE4000021202384F8C43084F8C51084F8C61019
:107CF40084F8C7106B46C4F8C030012384F8D03030
:107D0400284601F01FFAD4F8104134B10DF10201F4
:107D14003046FFF7BDFE0028E1D00CB9337813BB21
:107D240039687A68BB68F868CDF80210CDF8062087
:107D3400CDF80A30CDF80E0039697A69BB69CDF8FF
:107D44001210CDF81620CDF81A30BB8BADF81E30CA
:107D540000221D2A14DC02F120036B4413F81E3C9C
:107D640073B10132F5E7264B002002221A755875CB
:107D7400A2E702F120036B44002103F81E1C013228
:107D84001D2AF6DDB8F1000F23D0B8F80430ADF8A1
:107D940000302CB11A4AD2F8C830203BC2F8C8309F
:107DA400174C0021202384F8C43084F8C51084F8CB
:107DB400C61084F8C7106B46C4F8C030012384F899
:107DC400D030284601F082FAB4F914302BB10020E7
:107DD40072E70023ADF80030DBE707212846FFF700
:107DE40003FF2B69C3F308022AB19B1A03F500733E
:107DF4002B61012060E701205EE700BF0CAE01208B
:107E0400B0CD01200089001200F0F000704700009E
:107E1400014600230548032B06D802888A4204D071
:107E240000F5C8700133F6E7002070470CAE01205E
:107E340010B582B0FFF7ECFF50B1044603893BB1A3
:107E4400438813F0010F06D004F1080002B010BDFE
:107E5400074801F047FF684604F054FF009BC4F84C
:107E64004831019B84F84731012384F84631EBE71C
:107E7400944B0120F8B50746FFF7DAFF064603885E
:107E840043F2C61293423FD043F2C81293423BD00E
:107E94002F48FFF7B9F9012333802E4B00201C2211
:107EA4001A755875F8BDB6F84821002AF0D0013B80
:107EB4001BB2A6F8D8306C3306EB4303588801286C
:107EC400E6D97368023BB0EBC30FE1D2013AA6F8DE
:107ED4004821E7E7322C11D001339BB2072B1CD881
:107EE4009A018A58002AF5D1AA1E601C03EBC2022B
:107EF4006C3406EB4404628084B2EBE70846FFF777
:107F040003FADCB1A6F8D840B6F9D830002BCAD1B0
:107F140001F0A0FB0024022503E00846FFF7F4F972
:107F240001357368AB42ECD9002229463846FFF785
:107F340071FA01460028ABD00023CFE7B6F8480118
:107F44000028A5D1034B1C221A7500225A75A9E7F3
:107F5400A44B0120B0CD012010B50C46FFF768FFFB
:107F6400038843F2C612934204D043F2C8129342E8
:107F740000D010BD012C15D94368023BB4EBC30FEC
:107F840010D2B0F848310133A0F84831B0F9D830F4
:107F9400312BEEDC5A1CA0F8D8206C3300EB4300E4
:107FA4004480E6E7014801F09DFE00BFC44B012078
:107FB4002DE9F04104460D464B49FFF72FF92046C1
:107FC400FFF726FF074670B190F85431012B10D00B
:107FD400D5B14FF00008FB68023BB5EBC30F20D2CC
:107FE4004248002626E0424B16221A7500225A7592
:107FF40064E0012D05D03E4B002016221A755875F9
:108004005CE0FDF79BFC59E02046FFF733FF054693
:1080140010B14FF00108DEE7354B1C221A75587574
:108024004CE03448FFF7F0F8002047E04388A342CF
:1080340009D09030304B984209D290F87030002B20
:10804400F4D10646F2E78388AB42F2D128E0002E51
:1080540036D006F1080229462046FEF79AFC00288D
:1080640040D17480B580254BFB1A1B11244A02FBB6
:1080740003F386F874300023B367F367C6F88030DF
:10808400C6F88430C6F88830C6F88C3046F29103BE
:1080940033807B889B0103F0400386F873303046BD
:1080A400B8F1000F13D04389BBB90389B3F5805FDE
:1080B40013D290F87030013380F87030BDE8F0814D
:1080C4000B4B17221A7500225A753046F6E743897E
:1080D4001BB10389B3F5805FEBD20A48FFF794F82C
:1080E4000020EBE70020E9E7D44B012080B8012011
:1080F400B0CD0120DC4B0120C0C301200CAE012017
:10810400295C8FC2F84B01202DE9F04780460E46CA
:1081140090F87420224B4FF4C87101FB023393F89A
:108124005431012B21D0FEF72FFC82464FF0000979
:10813400CA4532D9B8F80240012249464046FEF702
:108144004DFD014600222046FFF764F90546D8B1EB
:1081540000240F2C1BD8670105EB44110231304673
:10816400FFF796FC30B90134F3E73146FDF7AEFD75
:10817400054609E0EC5B2846FFF7C6F82146B8F847
:108184000200FFF715FF05462846BDE8F08728469C
:10819400FFF7BAF809F10109CAE70025F4E700BFBF
:1081A4000CAE012008B5FFF733FE0123038102481A
:1081B400FFF72AF808BD00BF104C012010B50C468B
:1081C400FFF726FE40B1028932B1C268A24206D846
:1081D4000369A34203D910BD024801F083FD02489C
:1081E40001F080FD284C0120404C0120F0B5B5B0D1
:1081F4000646FFF71DFE0446038843F2C612934267
:108204000BD043F2C812934207D03E4B00251C22E8
:108214001A755D75284635B0F0BDA389013B9BB244
:10822400312B55D8A3811A1D54F8225065B9D4F8BE
:108234004451002D4CD1334B1C221A7500225A751F
:10824400A3890133A381E5E7002B3AD10022294613
:108254003046FFF7DFF80746002839D0228843F27A
:10826400C8139A4209D06622014601A80BF054FDB6
:10827400BDF80430A38100231EE0CC22014601A8EE
:108284000BF04AFDBDF80430A381002308E034AAB2
:1082940002EB830252F8C81C1A1D44F82210013361
:1082A400312BF4D90AE034AA02EB430232F8CA1C97
:1082B4001A1D44F822100133312BF4D93846FFF744
:1082C40023F829463046FFF779FFD4F844312BB917
:1082D4000D48FEF799FF0123238096E7013BC4F87C
:1082E4004431012229463046FFF794F80646002817
:1082F400EED04FF4007200210BF08EFC3046FFF7F5
:108304000CF887E7B0CD0120584C012001B9704723
:1083140070B5B4B006460D46FFF78AFD04460388DF
:1083240043F2C612934203D043F2C812934211D1CE
:1083340029463046FFF742FFA389322B0CD0D4F8EC
:1083440044310133C4F84431A3895A1CA281043353
:1083540044F8235034B070BD012229463046FFF75B
:1083640059F80646B8B3228843F2C8139A4204D097
:10837400A389ADF80430002320E0A389ADF80430CC
:108384000023ADF8063008E01A1D54F8221034AA70
:1083940002EB830242F8C81C0133312BF4D9CC22FE
:1083A40001A930460BF0B8FC0FE01A1D34F8221076
:1083B40034AA02EB430222F8CA1C0133312BF4D94C
:1083C400662201A930460BF0A7FC3046FEF7A5FF54
:1083D4000023A381B3E701232380B0E710B582B063
:1083E400019109B902B010BD044601AA4FF483718A
:1083F400FEF7CCFD01992046FFF788FFF2E769B349
:108404002DE9F04106461746884632B10022FFF7AF
:1084140001F8054620B17F2108E0FFF7DFFF1BE0EC
:108424003046FFF7BFFE17E0611E09B200290CDBDE
:108434008CB221462846FFF7E1FA01460028F3D022
:108444007A1E3046FFF7DBFFEEE72846FEF75CFFB7
:1084540041463046FFF7C2FFBDE8F08170472DE981
:10846400F04F83B083460D4691461E46032A0BD037
:10847400022A07D00127002D6AD0B6EBC71F06D306
:10848400002066E08027F6E74FF48047F3E70022F8
:1084940029465846FEF7BEFF804630B17F244FF090
:1084A400000ACDF800A0019507E05846FFF77AFED0
:1084B40000204EE0A0B9013C24B2002C33DB07FBC2
:1084C40004F5A4B221464046FFF798FAAE42F1D92A
:1084D4007B19B34212D80028EDD04FF0010AEAE725
:1084E40009F1FF3201465846FFF789FF0022214671
:1084F4004046FFF786FA01230093DCE70028DAD030
:10850400731B09F1FF3201465846FFF7A8FF0546E1
:1085140010B94FF0010ACEE7002221464046FFF78A
:1085240070FA0095C7E7019D009B3BB14046FEF7FA
:10853400F4FEBAF1000F05D000200AE04046FEF731
:10854400E3FEF6E729465846FFF748FF012000E01E
:10855400012003B0BDE8F08F69B32DE9F041064670
:108564001746884632B10022FEF754FF054620B173
:10857400FF2108E0FFF732FF1BE03046FFF712FE51
:1085840017E0611E09B200290CDB8CB22146284693
:10859400FFF72EFA01460028F3D07A1E3046FFF783
:1085A400DBFFEEE72846FEF7AFFE41463046FFF715
:1085B40015FFBDE8F08170472DE9F04F83B0834685
:1085C4000D4691461E46022A07D00127002D68D089
:1085D400B6EB072F04D3002064E04FF48077F5E76F
:1085E400002229465846FEF715FF804630B1FF2485
:1085F4004FF0000ACDF800A0019507E05846FFF7B8
:10860400D1FD00204EE0A0B9013C24B2002C33DBA4
:1086140007FB04F5A4B221464046FFF7E9F9AE4250
:10862400F1D97B19B34212D80028EDD04FF0010ADA
:10863400EAE709F1FF3201465846FFF78DFF0022B1
:1086440021464046FFF7D7F901230093DCE70028D1
:10865400DAD0731B09F1FF3201465846FFF7ACFF2D
:10866400054610B94FF0010ACEE7002221464046E4
:10867400FFF7C1F90095C7E7019D009B3BB1404658
:10868400FEF74BFEBAF1000F05D000200AE0404689
:10869400FEF73AFEF6E729465846FFF79FFE01200B
:1086A40000E0012003B0BDE8F08F000090F87330C3
:1086B40013F0400F35D12DE9F04104460E4690F8F1
:1086C4007420744B4FF4C87101FB023393F8543196
:1086D400012B2ED0B0F802806E4B4FF4C87101FB11
:1086E40002331A8943F2C8139A4226D0B6F5897F19
:1086F40000F29280C16E002940F08780122E00F2B1
:10870400A280A16E002940F09780112E40F2BF8014
:1087140094F8733063F07F0384F873300020BDE86D
:10872400F0815D4B1E221A7500225A754FF0FF30FE
:1087340070473146FDF792FCF1E744F287039E420D
:1087440015D8416C61B9872E27D8216CF1B9072E51
:108754003CD8E16B002932D1062ED9D8062550E049
:1087640003224046FFF74BFE00236364EBE7A6F5C4
:108774008143073B416C0029E5D003224046FFF7C3
:108784006EFE0028DFD000236364DCE7022240464B
:10879400FFF735FE00232364D9E744F287039E42A2
:1087A40014D8A6F18703216C0029D0D002224046B8
:1087B400FFF755FE0028CAD000232364C7E701222F
:1087C4004046FFF71CFE0023E363C5E7872E9FD8CE
:1087D400F31FE16B0029BFD001224046FFF73FFEA3
:1087E4000028B9D00023E363B6E705F1080754F87D
:1087F40027104046FFF7F2FD002344F82730013DDF
:108804002DB233B2AB42F0DD82E702224046FFF7DD
:10881400A3FE0023E36671E7A6F58973C16E002900
:108824003FF46CAF02224046FFF7C6FE00283FF437
:1088340065AF0023E36661E701224046FFF78CFE43
:108844000023A36661E7B6F5897F3FF661AFA6F121
:108854001203A16E00293FF458AF01224046FFF7EE
:10886400ABFE00283FF451AF0023A3664DE705F1AA
:10887400080754F827104046FFF7B0FD002344F8DA
:108884002730013D2DB233B2AB42F0DD40E7112574
:10889400F9E700BF0CAE0120B0CD012010B50446AD
:1088A4000021FFF703FF08B9206110BD4FF0FF302E
:1088B400FBE700002DE9F041D4B004460D4616460E
:1088C4000021FEF747FB002840F00E812046FEF70A
:1088D40051FD894B00E09033884883420AD25A887C
:1088E400A242F8D193F87020002AF4D14FF6FF7217
:1088F4005A80F0E7FFF788F8074688B30022012181
:108904002046FEF787FD8046002800F0F2800388A9
:1089140043F2C612934229D043F2C812934265D05F
:10892400FEF7F2FC324621463846FCF707FF0028E2
:1089340040F0C4807D6025B195F87030013385F82E
:1089440070307E803C803B8943F2C612934204D04F
:1089540043F2C812934240F0C88000F07BFEC4E0AA
:10896400674B18221A7500225A75BEE0E0220146B0
:1089740001A80BF0D1F9BDF804303B81BDF80630F5
:10898400FB60BDF808303B61BDF80A30BB820022B1
:1089940007E0131D01A931F8131007EB8303996055
:1089A4000132312AF5D9BDF97030A7F8E0306422DC
:1089B4000DF1720107F1E2000BF0AEF99DF8D6302B
:1089C40087F846319DF8D73087F84731369BC7F88A
:1089D4004831BDF8DC30C7F84C31BDF8DE30A7F8BB
:1089E40050319DF8E03087F8523140E04FF4A672E0
:1089F400014601A80BF090F9BDF804303B81029BBD
:108A0400FB60039B3B61BDF81030BB824FF0000C50
:108A1400BCF1310F0AD80CF1040301AA52F8232047
:108A240007EB83039A600CF1010CF1E7BDF9DC302C
:108A3400A7F8E03064220DF1DE0107F1E2000BF04B
:108A44006BF99DF8423187F846319DF8433187F838
:108A54004731519BC7F84831529BC7F84C31BDF898
:108A64004C31A7F850319DF84E3187F852314046C9
:108A7400FEF74AFC3B69FA6839892248FEF712FE80
:108A84003B8943F2C612934203D043F2C812934285
:108A94001AD1FA683B699A4216D297F852319BB9B7
:108AA400002387F8543197F84631012B12D016F081
:108AB400010F15D1012387F846313BE7104B0027FE
:108AC40016221A755F7510E00D4B002716221A75D1
:108AD4005F750AE00C48FEF797FB46F00106E6E7EF
:108AE400022387F8463125E70027384654B0BDE80D
:108AF400F0810746F9E700BF80B80120C0C3012018
:108B0400B0CD01206C4C0120A44C012008B5028892
:108B140046F291039A4200D108BD014801F0E2F8FF
:108B2400D84C012010B50446FFF7F0FF94F87420E8
:108B34000D4B4FF4C87101FB023393F85431012BF0
:108B44000AD02046FDF7B7FF50B994F8733003F00C
:108B54007F0384F8733010BD2046FDF71FFBFAE74E
:108B64006088FFF71FFBF6E70CAE012038B504461A
:108B7400FFF748F905462046FFF7C8FF94F8703020
:108B8400DBB1102D1CD094F87030013BDBB284F8BB
:108B9400703053B9638943B9802D03D0402D01D07F
:108BA400102D02D12046FFF779FE94F870301BB9DE
:108BB40094F97330002B07DB38BD114801F092F8AB
:108BC400204600F0D9FEDEE794F874200D4B4FF4F4
:108BD400C87101FB023393F85431012B05D063892A
:108BE4003BB12046FFF79EFFE6E72046FFF79AFFDA
:108BF400E2E72381A1886088FFF7AEF9F1E700BFBF
:108C0400E84C01200CAE012010B50B4C002302E00F
:108C140004F5C8740133032B0DD821884FF6FF7275
:108C24009142F5D062688242F2D1FFF79FFF0121A1
:108C34002088FFF7BDF910BD0CAE012070B50546C4
:108C440050B30E4690F87420314B4FF4C87101FBB9
:108C5400023393F85431012B24D0FEF7A7FF10F010
:108C6400020F24D095F8733013F0400F25D1002162
:108C74006888FFF79DF9044650B3264BB3F8D62015
:108C84008281B3F8D830C3814FF4004303810123B8
:108C940043810023036127E01E4B06221A7500223C
:108CA4005A750FE03146FDF7CBFD04460EE0194B33
:108CB40001221A7500225A7504E0164B1E221A75F9
:108CC40000225A752846FFF751FF0024204670BD44
:108CD400104B17221A7500225A75F3E703F1080C9A
:108CE400002044F82C000133132BF7D92046FFF75A
:108CF40019FF2346324608492846FEF7ABFF18B150
:108D04002846FFF733FFE1E72046FFF72FFFD9E7B7
:108D14000CAE0120B0CD01203C50012010B500EB79
:108D24004000094C04EB8004637A013BDBB26372BC
:108D34004BB963683BB12046FEF7E4FE6068FFF779
:108D440015FF0023636010BD90C4012070B5044674
:108D54000D4609B100230B604FF400712046FAF769
:108D640055F8002800F0E380724A14600444724A03
:108D74001460724A00211160B0F5007F13D0704B6B
:108D84000D221A60FEF718FE2F2810D06D4BD3F871
:108D9400F06096F870305A1C86F87020023386F81A
:108DA4007030344670E0664B25221A60EAE7654B62
:108DB400D3F8F460EDE7634B002283F8F82083F8DE
:108DC400F92083F8FA2083F8FB2066E0594A1368F7
:108DD40001331360FEF7F0FD2F28F7D0002800F0D0
:108DE4008F80564B1B68002B40F08A807CB1304644
:108DF400FFF7BCFE2046FFF705F8402816D12046B1
:108E0400FEF7D4FE10F0010F16D04F4E1EE04D4B6E
:108E140002221A7500225A7534460DB100232B60C4
:108E24002046FFF7A3FE0024204670BD454B1422C4
:108E34001A7500225A75F0E7424B0D221A7500226A
:108E44005A75EAE73B4A136801331360FEF7B4FD31
:108E5400034648B12F2B07D03C4A9642F2D0324603
:108E640002F8013B1646EDE700233370354BD3F887
:108E7400F430A3421DD0A288012A15D032492046DD
:108E8400FFF742F92646044614B12046FFF73EFE9A
:108E94002C4BD3F8F830A3428DD0002C9AD0204626
:108EA400FFF7B2FE044695E76188294A1288914289
:108EB400E4D0254A12782E2AE0D1234A52782E2A69
:108EC400DCD1214A9278002AD8D1A34211D094F857
:108ED4007420204B4FF4C87101FB02335E6896F88E
:108EE4007030013386F870302046FFF73FFE344679
:108EF400C4E794F87030013384F870302646C3E731
:108F04000E4B1B6813B93DB12E608DE70C4B1A68EC
:108F14000C4B9A82344680E73046FFF727FE002C3C
:108F240082D1084B02221A7500225A757CE700246C
:108F34007AE700BF68C401206CC4012064C4012026
:108F440060C40120B0CD012030C401204EC40120F2
:108F540080BC06200CAE012010B5092819D8134B8B
:108F6400034493F8E230FF2B13D00E2B17D803EBF6
:108F740043030F4A02EB83035C680E4B9C4211D3FC
:108F840003F534639C420DD22046FFF7BFFD204613
:108F940010BD064B002409221A755C75F7E70648D4
:108FA40000F0A0FE054800F09DFE00BFB0CD0120FA
:108FB40090C4012080B80120F84C0120144D0120F8
:108FC40070B504460D461646FEF71CFF402810D027
:108FD4000023104A31462846FEF73CFEB8B16389A7
:108FE4005A1E62816BB104212046FEF7FDFD00206C
:108FF40070BD094B15221A7500225A754FF0FF30C7
:10900400F6E7013363810548FEF74CFBEBE74FF0CD
:10901400FF30EDE73C500120B0CD0120284D012068
:10902400024BD3F8C800C0F308007047B0CD01204C
:1090340038B504460D4623699AB29AB994F8723049
:109044002BB129462046FEF7C1F80028F3D00B4B7C
:10905400002083F8C40083F8C50083F8C60083F8B1
:10906400C70038BD054AD2F8C4109BB28B4228BF52
:109074000B46C2F8C4300120F3E700BFB0CD012095
:10908400F8B504460E4615460A4BD3F8C470FFF7EC
:10909400C7FFC0F50070874200D238463060054BE8
:1090A400D3F8C8102A46490A2046FDF797FD80B236
:1090B400F8BD00BFB0CD012038B504460D46238A63
:1090C400B3F5805F1FD994F871303BB1294620462F
:1090D400FEF77CF80028F2D0012015E00B4B4FF08E
:1090E400FF3283F8102183F8112183F8122183F8C9
:1090F400132120221A7500225A750D21186800F0D8
:1091040061FD012000E0002038BD00BFB0CD01208A
:109114000B4BD3F8C8200244C3F8C820D3F8C420AA
:10912400121AC3F8C420D3F810210244C3F8102142
:10913400D3F8C0100144C3F8C01090B2704700BF08
:10914400B0CD0120F0B583B006460C4647885D4B90
:10915400002283F8102183F8112183F8122183F867
:109164001321FEF74FFE602849D00ED8202800F0C6
:109174009A80402817D0102840F09D802146304620
:10918400FFF756FF68B101253DE0802816D0C028BE
:1091940040F09180E1B2304605F0B8FB494BC3F88A
:1091A400100103B0F0BD96F87420474B4FF4C8711A
:1091B40001FB023393F85431012B11D03369414A36
:1091C400D2F8C820934210D83E4B002283F8C42022
:1091D40083F8C52083F8C62083F8C720002512E051
:1091E40021463046FCF71AFEDBE79B1A354AD2F8D3
:1091F400C4108B4228BF0B46C2F8C430EEE7378C4C
:10920400002500E08DBB2F4BD3F8C430ABB3012253
:1092140001A93046FFF734FF014600223846FEF725
:10922400F9F8044648B3FFF7FBFE0146019A2046CD
:1092340000F020FB2046FEF767F8BDF80400FFF7B6
:1092440067FF002DDED01F4BD3F8C8309BB2B3F5B7
:10925400105FD7D31B4B002283F8C82083F8C920A2
:1092640083F8CA2083F8CB20CCE73369019A9B1A90
:109274003361304600F080FBC5E7124BD3F8103160
:10928400002B8ED10F4BB3F91430002B89D00D4B2A
:109294004FF0FF3283F8102183F8112183F8122153
:1092A40083F813217DE72146308CFEF7F3F8054B54
:1092B400C3F8100175E7034B13221A7500225A757F
:1092C4006FE700BFB0CD01200CAE01202DE9F041C5
:1092D40082B005460C46B0F80280584B002283F851
:1092E400102183F8112183F8122183F81321FEF74A
:1092F40089FD602819D009D8202800F091804028E1
:109304001BD0102840F09480012611E0802816D04C
:10931400C02840F08D80E1B2284605F007FB474B9A
:10932400C3F8100102B0BDE8F081B5F82080002632
:1093340014F0080F05D0022728E00026F8E70026DD
:10934400F6E7012722E0002201A92846FFF798FE4C
:109354000146019AB2F5007F14BF00220122404663
:10936400FEF758F80446002836D0FFF759FE0146A8
:10937400019A204600F096FA39462046FDF798FFF8
:1093840050BBBDF80400FFF7C3FE66B92B4BD3F8FE
:10939400C4300BB3002ED6D039462846FFF78CFED6
:1093A4000028D0D0BEE7254BD3F8C8309BB2B3F524
:1093B400105F09D3214B002283F8C82083F8C92009
:1093C40083F8CA2083F8CB202A69019B13442B61BC
:1093D400284600F0D1FAD9E766B9184BD3F8C8305B
:1093E4002A69934206D92B6195F8733063F07F03A1
:1093F40085F87330114BD3F81031002B92D10F4BF9
:10940400B3F91430002B8DD00C4B4FF0FF3283F89E
:10941400102183F8112183F8122183F8132181E7A5
:109424002146288CFEF74CF8044BC3F8100179E769
:10943400024B13221A7500225A7573E7B0CD01202E
:109444002DE9F8430546FFF787FD002867D0064657
:10945400344A2A4492F8E23092F9E24003EB43039F
:109464004FEA8309304F07EB830393F8088008F031
:1094740003085B7A012B19D04FF6FF77294B5A1951
:10948400FF2182F8E210B3F8EC200120A840C04389
:1094940000B20240A3F8EC202046FFF73FFC4FF651
:1094A400FF739F4236D10020BDE8F883FEF75FFBCF
:1094B400D8B93046FEF7A6FC80281FD04FF6FF77B8
:1094C400304605F017F908BBB8F1000F07D096F83D
:1094D4007230013B86F87230B8F1010FCED096F8A5
:1094E4007130013B86F87130C8E757F809200D4BFD
:1094F400C3F8C820308CFDF7F9FFDAE7B8F1000FA4
:1095040001D07788DCE74FF6FF77D9E7304605F0DE
:109514001DFAD9E73846FDF767FD0020C4E74FF090
:10952400FF30C1E7B0CD012090C401202DE9F843FC
:1095340005460E46234B002283F8D0205A6AC3F80E
:10954400C0209A6AC3F8C420186AFFF705FD0746CD
:1095540010B31C4B1A6A134493F8E24004EB44041E
:109564004FEA8409DFF8608008EB8404237A3360CF
:10957400237A03F00303AB4211D0B5B1012138467D
:10958400FEF732FB3846FEF73DFC80280FD058F832
:1095940009200C4BC3F8C8203846BDE8F883094BB2
:1095A400002709221A755F75F6E70721E7E7002D02
:1095B400EDD1237A13F0040FE9D03B6948F8093060
:1095C400E5E700BFB0CD012090C40120F8B5054601
:1095D4000F4616460068048CB4F5007F0FD0B4F52E
:1095E400C06F25D031462046FDF7B4FC074620B9AC
:1095F40004F47F43B3F5007F23D03846F8BD144B01
:10960400D3F8FC3063B1FFF7B1FA114BD3F8FC3057
:109614002B601C8C93F87020013283F87020DEE7F5
:109624000B4B13221A7500225A754FF0FF37E4E7EB
:1096340031463846F6F7D0FF0028D3D04FF0FF3735
:10964400DBE73246E1B2286803F0A8FCD5E700BFA7
:10965400B0CD012030B5D5B0684C00E09034684BF3
:109664009C4211D294F87030002BF7D094F97330E7
:10967400002BF3DA2046FFF755FA94F8733003F021
:109684007F0384F87330E9E75E4C17E0012211464A
:10969400FDF7C0FE054678B1238943F2C612934212
:1096A4001FD043F2C812934260D02088FEF77AFD9F
:1096B40002212846FDF7FCFD04F5C874524B9C4278
:1096C40080F0988020884FF6FF739842F4D094F885
:1096D4004631022BF0D0002BD8D1022384F8463136
:1096E400D4E7E022002101A80AF096FA2389ADF814
:1096F4000430A389ADF80630238AADF80830A38A74
:10970400ADF80A30002307E09A1D34F82200191D31
:1097140001AA22F811000133312BF5D9B4F9E03054
:10972400ADF87030642204F1E2010DF172000AF028
:10973400F3FA94F846318DF8D63094F847318DF821
:10974400D730D4F848313693B4F84C31ADF8DC3026
:10975400B4F85031ADF8DE3094F852318DF8E03081
:10976400E02201A928460AF0D7FAA1E74FF4A6722D
:10977400002101A80AF050FA2389ADF80430E36807
:10978400029323690393A38AADF81030002307E002
:109794009A1D54F82200191D01AA42F82100013330
:1097A400312BF5D9B4F9E030ADF8DC30642204F1A2
:1097B400E2010DF1DE000AF0AFFA94F846318DF8BB
:1097C400423194F847318DF84331D4F848315193FC
:1097D400D4F84C315293B4F85031ADF84C3194F87C
:1097E40052318DF84E314FF4A67201A928460AF081
:1097F40093FA5DE7FDF7A6FD55B030BD80B80120B2
:10980400C0C301200CAE01204CB401200E4B93F9CF
:109814001D0010F0FF0016D010B5194600F110031A
:1098240051F82340002201F8232001EB83035A70EE
:109834009A70DA704A77A047034B93F91D0010F031
:10984400FF00EAD110BD7047B0CD0120024B9B69E7
:109854009D46BFF36F8F0047B0CD012007E003683A
:10986400D1F800C040F804CB41F8043B043A002A84
:10987400F5D1704710B51446094B93F8D0303BB17D
:109884000144074BD3F8C0000AF046FA204610BD45
:109894000144034BD3F8C0000AF03EFAF6E700BFD8
:1098A400B0CD012010B50B4614460A4A92F8D020D8
:1098B40042B122460749D1F8C01018440AF02CFAE4
:1098C400204610BD22460349D1F8C01018440AF0BE
:1098D40023FAF5E7B0CD0120034B0C221A750022C0
:1098E4005A754FF0FF307047B0CD0120034B0C2266
:1098F4001A7500225A754FF0FF307047B0CD012021
:10990400114A136801331360312B1CD900231360EF
:109914000E4A10780E4A03F1010C022B12D800B53E
:109924005188A1EB002192F800E003040EFB0133FF
:109934001B0A5380043263460CF1010C022BEFD94D
:109944005DF804FB704770474CBC0620A3BC06209E
:10995400546B01200278931EDBB2022B09D8022A31
:1099640005D0044A137801331370022303700023D3
:1099740043617047A3BC062070B50546EFF310861B
:1099840072B60A4C00E06034094B1B68A34209D943
:109994002378012BF7D96369AB42F4D12046FFF752
:1099A400D9FFF0E786F3108870BD00BFB4A5062088
:1099B40054AB062070B506460C46EFF3108572B61C
:1099C400038B8B80438BCB80081DF9F7E6F90123C9
:1099D4003370264A1378013313702368B3609A8C6A
:1099E400B2845A8D7285DA8CF2849A8DB2859A7813
:1099F400B270DB88F38064233384F461266000232F
:109A040033647364B364F364194B1B68F363D4F86D
:109A1400F03023B193F87020013283F87020D4F829
:109A2400F43023B193F87020013283F870200023BE
:109A34006377A38204F1EC0604F1E20100E0013152
:109A4400B1420FD20B78FF2BF9D00A4A03EB430043
:109A540002EB8000407A03EB430302EB8302431CD6
:109A64005372ECE785F3108870BD00BFA3BC0620D9
:109A7400E8B2062090C4012038B5304B0B221A7589
:109A840000225A75EFF3108572B62D4C2D4B1B68CE
:109A9400A3424ED923780BB16034F7E7602200214A
:109AA40020460AF0B9F80CE06033264A12689A425C
:109AB40007D91A78002AF7D09A889142F4D1002362
:109AC400A380A3887BB9204A138801339BB21380F7
:109AD400B3F5FA4F02D3134614221A801A4B19888D
:109AE400A180174BE1E7154B5A6B62651B685BB1AC
:109AF400B3F85020A4F85020D3F83220D3F83630ED
:109B0400C4F83220C4F836302046F9F749FC50B97D
:109B1400062323700D4A138801331380074B002258
:109B24001A755A7506E0054B00240C221A755C75EB
:109B340000E0002485F31088204638BDB0CD012014
:109B4400B4A5062054AB062076BC062078BC0620BB
:109B5400074B1B685A7812F0020F07D1054A1168A7
:109B6400D96513605A7842F002025A70704700BFF8
:109B7400B0CD0120FC780120114B93F91D30BBB10D
:109B84000F4A126802F1220113F0100F05D002F1FE
:109B9400280123F010030A4A53770B88084890F9E8
:109BA4001DC0012202FA0CF213430B8000234377F9
:109BB400034B1A68537843F001035370704700BF96
:109BC400B0CD012030B500F1220E0F2901D900F1EA
:109BD400280E01F00F02012393409BB2EFF310848F
:109BE40072B602781AB390F801C04CF0010C80F8F8
:109BF40001C012291ED01339032903D8028D22F083
:109C040004020285BEF802201A420DD1BEF80420D7
:109C14001A4204D10278032A1DD000224261BEF800
:109C240000201343AEF800300378022B1AD084F3DB
:109C3400108830BD052A04D0028D22F078020285F6
:109C4400D9E702220270002280F85320094D2A78B5
:109C540001322A70F0E70222027006490A780132C2
:109C64000A70DAE7044B1B688342E0D101230370D6
:109C7400DDE700BFA3BC0620B0CD012070B970475A
:109C84006034094B1B68A3420DD9B4F85030AB4281
:109C9400F6D131462046FFF795FFF1E770B50E4641
:109CA4000546024CEDE770BD54AB0620B4A5062072
:109CB40010B58468638D13F0020F04D0084B1B6841
:109CC4000020187010BD11212046FFF77BFF2046AD
:109CD400FFF752FE024B1B6807221A700120F1E7BE
:109CE400B0CD012008B504460448FDF78DFA20469E
:109CF400FDF78AFAF9F75CF8FEE700BF3C4D012056
:109D040010B5164B1C68154A136860331360144A67
:109D14001268934202D3114B124A1A600F4B18680F
:109D24000378012B0AD0022B0BD0A042EBD10E4BAF
:109D34001B7F7BB962B6F9F70BFDE4E70B48FFF72D
:109D4400D1FF437813F0040F00D110BD23F00403B6
:109D54004370D8E70648FFF7C5FF00BF606B0120DA
:109D640054AB0620B4A50620B0CD0120484D0120F7
:109D7400604D012038B53A4B1B7823B9394B1B6829
:109D84001A78012A20D0384A13780133DBB21370D1
:109D9400364A1278934222D0314B1B789BB9344A0D
:109DA400138801339BB213802E4A1268128C93429B
:109DB40009D32C4B1B7A33B92E4B1B78012B4BD96F
:109DC4002D4B01221A7038BD264A127A1AB15A6CE8
:109DD40001325A64D7E71A6C01321A64D3E7224B72
:109DE40000221A70254A136801331360244D0FE0D2
:109DF4002448FFF777FF238E012B04D9013B9BB244
:109E04002386012B15D0238E012B16D904F15C0572
:109E14002C68E4B12378002BEAD0E368002BEAD065
:109E2400013BE360002BE6D10E212046FFF7CAFE7A
:109E3400E1E72046FFF78EFDE5E7E368002BE5D177
:109E4400637823F002036370E36D2B60E0E702F0B4
:109E540081FFFFF755FD9FE7054B00221A80B2E70B
:109E64009EBC0620B0CD0120A8BC0620A7BC0620BD
:109E740082BC0620A3BC0620A2BC0620E8B20620B1
:109E8400FC780120744D012070B5454B1B689B88FC
:109E9400012B10D00646FFF7DDFBEFF3108572B6F9
:109EA4003F4B18684FF6FF72C284828500245C77AA
:109EB400F9F75AFA03E03B48FFF714FF0134092C81
:109EC40009D8374B234493F8E230FF2BF6D02046D1
:109ED400FFF7B6FAF2E7324C23681E82D4F8F0009A
:109EE400FEF744FED4F8F400FEF740FE2E4C12E0D8
:109EF4002D4BA3602046FFF7DBFE1AE00023A4F8F5
:109F0400503001212046FFF75DFE12212046FFF765
:109F140059FE15E06034254B1B68A34218D92378F9
:109F2400002BF7D01E4B1B68A342F3D0A2689342C8
:109F3400DED0B4F850201A4B1B689B889A42DDD0BF
:109F4400E26D174B1B689A42E4D1DB6DE365E1E7F0
:109F5400134B1B68164A126893421CD003F072F824
:109F640085F310880E4B4FF0FF321A715A719A71B3
:109F7400DA711868FFF79CFE0E4A1378013B1370E0
:109F84000D4A1388013B1380FFF7BAFEF9F718FC5A
:109F94000A48FFF7A7FEDA6D054B1A60DEE700BF3B
:109FA400B0CD0120804D0120B4A5062054AB06207D
:109FB400FC780120A3BC062078BC06208C4D01202F
:109FC40038B505888388DB431BB21D4064D0012962
:109FD4005ED0324C4FF0010E15E011B11CF0780F39
:109FE4002FD10288DB431BB21340038021B143F21B
:109FF400FE031CEA030F04D1294B1B689A88012A2B
:10A0040038D10EF1010EBEF10E0F16D8043401231F
:10A0140003FA0EF31FFA83FC2B42F2D02268002AC3
:10A02400DBD0012AEDD00288DB431BB2134003804E
:10A034000B01DBB273441A4A5377194B93F91D0091
:10A0440038BDEFF3108272B6154A116805240C70FE
:10A05400116881F853E00188DB431BB20B40038095
:10A06400137F23B10F4B01221A70FF20E8E700F0A1
:10A0740051F8FAE71A78032A03D01FFA8EF0FFF793
:10A0840003FF01221A70084A137801331370F4E7AE
:10A09400064C4FF0000EB6E70020D1E7F0CD0120CA
:10A0A400B0CD0120A2BC0620A3BC06202CCE0120EA
:10A0B40038B5174B1D6815F8223B042B18D0144BE8
:10A0C40093F91D0018BB1B685A7812F0010F1ED0BB
:10A0D4001B78052B1BD00024012C11D821462846BF
:10A0E400FFF76EFFFF28EAD030B901340635F3E7F5
:10A0F400FFF742FD00200AE0054B93F91D0006E03E
:10A10400034B1A68537823F001035370002038BDC1
:10A11400B0CD012008B5EFF3108372B6194B1B685C
:10A124001B78022B03D9184A1378013B1370FFF7ED
:10A13400BFFF90B1134B1B681A78022A03D9124946
:10A144000A7801320A7001221A7062B605E062B61A
:10A15400F9F7FEFAEFF3108372B60B4B1B78002B62
:10A16400F5D0084A11680A78013AD2B2012A03D814
:10A17400012B04D002230B70F9F715FB08BD0B70FB
:10A1840062B6FBE7B0CD0120A3BC062008B5164B90
:10A1940000221A755A755B7A432B19D9124B2A225D
:10A1A4001A7500225A75104B1A6800211186EFF3B4
:10A1B400108272B61B68198C0C4A1288914203D81B
:10A1C4000B4A1278012A0AD862B6FFF771FF08BD5C
:10A1D400084A52F823309847034B1861E3E70222F8
:10A1E4001A70F9F7E0FAEFE7B0CD012082BC06203F
:10A1F400A3BC06206465012010B5EFF3108372B68A
:10A204000F4B1A681378012B09D05CB2A4B1033B3D
:10A21400DBB2022B10D80B4C23780133237011705E
:10A22400074B1A68506108490B8801339BB20B80B5
:10A23400D385FFF76FFF10BD0448FFF753FD00BF40
:10A24400B0CD0120A3BC062088BC0620A04D01206F
:10A2540008B50321FFF7D0FF08BD08B50421FFF7B7
:10A26400CBFF08BD08B50548FCF7CEFFF8F794FD11
:10A2740000F0C6FA0248FFF735FD00BFB04D0120DB
:10A28400C04D012030B44FF0010C094D0AE0094CD7
:10A294000FCC6860A960EA602B6120686861203592
:10A2A4000CF1010CBCF1080FF1D930BC704700BFB0
:10A2B40038B7062074660120094B0CE04FF6FF7294
:10A2C400A3F80022002283F8092283F80822A3F8C5
:10A2D4000A2203F50373034A9342EFD3704700BF86
:10A2E4008C8401207CAD012010B5094C0CE04FF6A4
:10A2F400FF732380002184F85411382204F5AC70D4
:10A3040009F08AFC04F5C874024B9C42EFD310BDDB
:10A314000CAE01204CB4012070B5064609F078FD5E
:10A3240004460A4D421C2968304603F0A3FA084E3D
:10A334003168286803F0E8FA043424F003042B6835
:10A3440023442B6033680433336070BDB0A506200A
:10A354009C79012070B5184D05F50073A5F5C0640E
:10A364006363FFF789FB154B18602060636B4365DB
:10A37400F8F711FDA5F21E5302E0FF2203F8012BAA
:10A384000F4A9342F9D3A2F1EC060C4C31462068F3
:10A39400FFF710FB0123337222681370094B1D6011
:10A3A40005F58070084B1860202103F092FA0748E5
:10A3B400FFF7B2FF70BD00BFB0D30120E0C301209E
:10A3C4009CCE01209C790120B0A50620CC4D012013
:10A3D40010B50A4C2168002003F096FA2268084B55
:10A3E4009A6203F5C06203F5E06119625A62054B93
:10A3F4001B680122A3F8502010BD00BF9C790120E6
:10A40400B0CD0120E0C3012010B55B4B00241C77C4
:10A4140001221A7203F50033584A1360FFF732FF22
:10A42400214640F20120FCF795FD002831D1544C1F
:10A4340021465448FDF736F9F8F7ACFC524B1B782B
:10A4440004F8133C514B1B7804F8143C504C0F2374
:10A454002380504B504A1A60FFF72EFFFFF744FF4A
:10A46400F8F7D2FFFFF776FF23884C4A12884C494D
:10A4740009884C48FDF716F94B4B14221A704B48C7
:10A48400FCF7C2FE62B64A48FCF7BEFEF5F726FFAB
:10A4940019E04848FFF726FC474B00221A700221B6
:10A4A4001FE04648FFF71EFC77224548FDF7FAF8FF
:10A4B400444B1A780021444B1888FEF7FBF90446F4
:10A4C400D8B1002C28D1414B1A68414B1A60414B3A
:10A4D4001A68414B1A60384B1B78002BDCD14FF6BD
:10A4E400FF71394B19804FF6FF739942D9D0354B20
:10A4F4001B78002BD8D06F22D7E73848FCF784FEAE
:10A50400334B1A68314B1A60334B1A68314B1A605B
:10A514002C4B01221A70D4E7D4F84821304B1A602E
:10A5240094F847215A600121274B1888FDF740FD14
:10A534002C4B1860E0B12C48FCF766FEFFF748FF8F
:10A54400284B1B6893F87020013283F870200A4A64
:10A55400C2F8F03093F87010013183F87010C2F82B
:10A56400F4301368214A1268DA63FFF77BFE10BDEA
:10A574001248FFF7B7FB00BFB0CD0120486B0120A4
:10A584009A6B0120DC4D01204C6B01204D6B0120A6
:10A5940070BC062054AB062054AB06207CBC0620BD
:10A5A4007EBC0620FC4E0120A7BC0620404F0120A3
:10A5B4005C4F0120D44D0120646B0120644F0120C5
:10A5C4006C4F0120656B012080BC0620B0A50620DD
:10A5D40048C501209C79012044C50120944F0120E5
:10A5E400F0B2062060AB06209C4F0120E8B20620A2
:10A5F40030B51B4B1C6823464FF0000C6046E64602
:10A6040008E09E4614E06033164A12689A421DD050
:10A61400A3421DD01A8B002AF5D0134A12689A421D
:10A62400F1D05A7812F0100FF2D11A78022AE8D039
:10A63400033AD2B2032AE6D80C4A1288DD8D521BA3
:10A6440092B29445DFD894461846DCE7084BDFE71E
:10A6540000B130BD09B17046FBE7034B1868F8E759
:10A66400606B012054AB0620B0CD012088BC0620CD
:10A67400B4A50620074B1B684BB107498A8A803270
:10A684008A82013B034A1360044AD05C70474FF04E
:10A69400FF307047A0B20620706B012090B20620F4
:10A6A40008B5084B1B68102B09D0591C054A1160CA
:10A6B400054AD054054A538A8033538208BD04485E
:10A6C400FFF710FBA0B2062090B20620706B0120A9
:10A6D400686B012070B582B001911446184AC2F823
:10A6E4000C31C2F80011C4F30803ABB90546630A80
:10A6F400134AC2F80831BDF81820124B1A80030A15
:10A7040003EB8303104A02EB83039B6800220221BC
:10A71400C0B2984706460DE00C48FFF7E3FA01AAD9
:10A724004FF483712846FCF731FC019B01330193FC
:10A73400A4F50074002CF2D1304602B070BD00BF05
:10A74400B0CD012086BC0620C8690120A04F01209D
:10A7540010B50F4CC4F80C31C4F80011C2F308034F
:10A764009BB9520A0A4BC3F80821BDF80820094BCB
:10A774001A80030A03EB8303074A02EB8303DB68B3
:10A7840000220221C0B2984710BD0448FFF7AAFA7C
:10A79400B0CD012086BC0620C8690120A84F012045
:10A7A40010B5FFF725FF044648B1064B01221A7085
:10A7B400F8F78EFE00B10024024B00221A702046E6
:10A7C40010BD00BF9EBC062038B509244FF40075A7
:10A7D40002E06D08013C64B2002C08DB074BB3F8BF
:10A7E400EC302B42F5D02046FEF72AFEF1E7034B6E
:10A7F400002283F8EC2083F8ED2038BDB0CD012091
:10A804002DE9F04F95B0AD4B1F68AD4EBF1BA6F5BB
:10A81400C0630021186AFEF799FA88B30546FDF76C
:10A82400C5F910F0010F13D02A89B5F90830002BAF
:10A834000EDA12F0490F0BD095F87420A14B4FF4A7
:10A84400C87101FB0233B3F8029019F0040F1CD055
:10A854009D4B00240D221A755C75A046274617B13E
:10A864003846FCF756FDB8F1000F02D04046FCF71D
:10A8740050FD14B12046FCF74CFD2846FEF776F94E
:10A884004FF0FF3015B0BDE8F08F01212846FDF7E9
:10A89400ABF9A6F5C064002184F8C81084F8C91087
:10A8A40084F8CA1084F8CB10342384F8C43084F8B4
:10A8B400C51084F8C61084F8C71007ABC4F8C030BC
:10A8C400012384F8D0302846FEF73CFCD4F810313C
:10A8D400342B40F08281079A7C4B9A4240F0858168
:10A8E400BDF848304FEA4318102B00F28081BDF8C0
:10A8F4004630202B01D0002470E1FCF7B9FD04465A
:10A90400A6F5C06A0E9BCAF8C830CAF8C480CAF853
:10A91400C00001238AF8D03000212846FEF712FC3B
:10A92400DAF81031434540F0598100239A4618461D
:10A9340009E0D1F808C04A69033222F003026244F4
:10A9440092450ED30133BDF848209A420BDD5A01DB
:10A9540004EB4311A258012AEBD0022AF2D18868F1
:10A96400F0E79246EEE78346002800F03781C31CE7
:10A9740023F0030303F5805304939F42C0F02E8118
:10A98400BA4500F22B819A4500D29A46FCF770FD35
:10A994000746FCF76DFD804639464B4B586A00F07C
:10A9A4002BF928B1484B0C221A7500225A7556E728
:10A9B4004146454B986A00F01FF90028F2D1424BFA
:10A9C4001B6808221A705146F8F762FE03900028AB
:10A9D400E8D1FFF7F9FECDF814900197CDF808807F
:10A9E400DDF80C8001E008F10108BDF8483043456A
:10A9F40036DD4FEA481304EB4817E358012BF2D134
:10AA0400BB69002BEFD03B69033323F00301B86823
:10AA140030447B68DFF8B090C9F8C830C9F8C41076
:10AA2400C9F8C000002389F8D030F8F7EFF9D9F855
:10AA3400C430984240F0C98000212846FEF782FBCA
:10AA4400D9F810213B699A42C0F0C38079698B42DE
:10AA5400C9D0B8681844C91A304402F03AFFC2E7B2
:10AA6400DDF81490019FDDF8088006EB0B00024628
:10AA740000239B4603E0516806EB010B0832116882
:10AA840029B11129F7D01229F8D15368F6E7DB0868
:10AA9400CDF8089081465A1E0192CBB1DBF8003004
:10AAA400534580F0898031465846F8F787F80028E6
:10AAB40040F082800BF1080B019BECE7486B01200E
:10AAC400B0D301200CAE0120B0CD01207F454C460F
:10AAD4004846DDF80890DDF810A0B2444FF48051E8
:10AAE40002F0F7FE19F0020F0FD12B8913F4006F57
:10AAF40003D0AA893F4BA3F8D6202B8913F4806F87
:10AB040003D0EA893B4BA3F8D8200AF1030323F0CE
:10AB14000303DFF8E090C9F838308022002109F1FE
:10AB2400400009F079F806AA3946AAF1040000F0B9
:10AB340097F8824601900022414600F091F883463E
:10AB4400504602F0D6FE09F1DA0A0822514602F014
:10AB540069FED9F80030D9F8DA10D9F8DE20C3F844
:10AB64003210C3F836200D9B1E4417B13846FCF74B
:10AB7400D0FBB8F1000F02D04046FCF7CAFB14B179
:10AB84002046FCF7C6FB2846FDF7F0FFABF10401B5
:10AB9400019802F0B9FEABF1080B5946069802F091
:10ABA400B3FE144BC3F818B0C3F830B01B680122CD
:10ABB4001A703046FEF74AFE0E4B1A6801211170D6
:10ABC40009211868FEF7FEFF49E6019FDDF80880B9
:10ABD400F2E7019FDDF80880EEE70024054B00272B
:10ABE40008221A755F75B84639E60024F6E7002492
:10ABF400F4E700BFB0CD01202DE9F84380460E46AE
:10AC040001F500778946002349F80C3B4C46404641
:10AC140002F06FFE0546C8B108F104083368013339
:10AC240033602846013502F00FFEC0B223460134DA
:10AC34001870A74202D30028F3D1E8E7074B072294
:10AC44001A7500225A750120BDE8F883A4EB0904A3
:10AC54007460033424F003047460F5E7B0CD01207C
:10AC64002DE9F0410F46164601F10C044B680333FD
:10AC740023F00302851A4AB93A68134602F101081F
:10AC8400A5EB880806B13260464605E02146284611
:10AC940009F042F8F0E73B465F1E63B131462846AF
:10ACA40002F032FE0436002FF5D00135237801344A
:10ACB400002BFAD1EFE73146002002F025FE404692
:10ACC400BDE8F081064A136A134493F8E230D2F8DF
:10ACD400C81003EB43039A00024B9950704700BF1E
:10ACE400B0CD012090C4012010B582B00446174BAA
:10ACF400986AD0B100281ADB22460146134B586AE1
:10AD0400F8F764F8E0B101A9201E18BF0120FEF78E
:10AD14000DFC0346B8B18CB10D4A01991846904711
:10AD2400FFF7D0FF094BD3F8100102B010BD162273
:10AD34001A7500225A754FF0FF30F6E7054AECE722
:10AD44004FF0FF30F1E74FF0FF30EEE7B0CD0120D8
:10AD540075900020FD91002030B583B0042269462F
:10AD6400324B586A02F05EFD002859D105462F4B3C
:10AD7400186A80B2FEF7F0F80446002853D0FCF7B6
:10AD8400F6FE18B1238CB3F5C06F19D02046FDF739
:10AD940039F810281CD0254A136A12FA83F393F861
:10ADA400E23003EB4300224951F820100191926AEA
:10ADB40012B2AAB1012A29D0022A29D1103410E0F2
:10ADC4001A4B1D221A7500225A754FF0FF351AE0EE
:10ADD400164B1D221A7500225A754FF0FF3512E0EA
:10ADE400144C226800990A440192002A10DB03EBF8
:10ADF40043030F4941F8232004220C4B596A0DEBFD
:10AE0400020002F037FD284603B030BD01ACE8E78C
:10AE1400064B16221A7500225A754FF0FF35F2E7D9
:10AE24004FF0FF35EFE74FF0FF35ECE7B0CD0120F1
:10AE340090C4012050BC062008B5FEF70BFC00208E
:10AE440008BD000010B503468E46B0F902200C4C34
:10AE5400228082886280026AA281221D8068D96869
:10AE640003C204F1100C186959699A69DB69ACE8EA
:10AE74000F0024227146204602F0FCFC10BD00BFE6
:10AE84004CAE062038B50021094B186AFDF75EFF69
:10AE940050B10546064B596AFFF7D4FF04462846CD
:10AEA400FDF764FE204638BD4FF0FF34FAE700BFDB
:10AEB400B0CD012008B5074B186A00B2FEF74CF874
:10AEC40020B1044A516AFFF7BDFF08BD4FF0FF30BF
:10AED400FBE700BFB0CD012008B5124B186A80B261
:10AEE400FEF73AF8D0B1FCF73DFEB0F1FF3F14D0C5
:10AEF4000C4A136A12FA83F393F8E230024482F89C
:10AF0400E230094A03EB430102EB8101497A03EB86
:10AF1400430302EB83024B1C537208BD4FF0FF3016
:10AF2400FBE700BFB0CD012090C4012008B5204B41
:10AF3400186A00B2FEF710F8002835D01C4B586A86
:10AF440083B2092B23D800B2194B1B6A1BB2984257
:10AF540025D0174B034493F8E230FF2B21D1144A38
:10AF6400136A506A00B202FA83F393F8E23002449F
:10AF740082F8E2300F4A03EB430102EB8101497A84
:10AF840003EB430302EB83024B1C537208BD084BD3
:10AF940009221A7500225A754FF0FF30F6E7184659
:10AFA400F4E7FEF74DFADAE74FF0FF30EEE700BFC3
:10AFB400B0CD012090C40120044BB3F8D2001A6A2A
:10AFC400C2F30802A3F8D220704700BFB0CD01201D
:10AFD40070B52A4B5C6A186AFDF7BEFF002849D099
:10AFE400240A04F0C0040546244B1A6A134493F857
:10AFF400E23003EB4303224E06EB8306FCF7B7FD76
:10B00400A8B1802C18D0402C1ED0C02C03D1337A88
:10B0140013F0030F1FD0284603F06CFB18BB174B2B
:10B02400596A9A6A89B2288CFBF7B0FF70BD28462A
:10B0340003F060FB0028E4D1104B19221A7500229A
:10B044005A754FF0FF30F1E7FCF7A0FD0028DCD083
:10B054004FF0FF30EAE7094B01221A7500225A75B6
:10B064004FF0FF30E2E7054B9A6A596A284603F02D
:10B0740079FCDBE74FF0FF30D8E700BFB0CD01200B
:10B0840090C4012008B5034B186A40B2FEF7D8F902
:10B0940008BD00BFB0CD01202DE9F843FCF762FDE7
:10B0A4000646B0F1FF3F60D0FCF70CFD0446B0F15A
:10B0B400FF3F73D03A4B334483F8E200FCF752FD70
:10B0C4000746B0F1FF3F5ED0FCF7FCFC0546B0F14B
:10B0D400FF3F58D00021334B1888FCF769FF034623
:10B0E400002845D090F8732012F0400F44D1DFF8C7
:10B0F400B09009EB070282F8E2502B4A04EB4401BA
:10B10400880002EB81014FF0000842F800804B6098
:10B1140081F8088005EB4501880002EB810142F8C3
:10B1240000804B600A460121117293F870200A4492
:10B1340083F8702041F2FF121A81A3F80A8093F871
:10B1440071200A4483F8712093F872200A4483F82A
:10B154007220D9F82010304602F0D6FBD9F820101E
:10B164000431384602F0D0FB46463046BDE8F88349
:10B174002846FDF7D3FD06E0094A1E21117500217A
:10B184005175FDF7F3FC2046FDF7C8FD044B33442D
:10B19400FF2283F8E2204FF0FF36E6E70646E4E7B5
:10B1A400B0CD012080BC062090C4012030B583B00E
:10B1B40001A9124B186AFDF7C9FD019971B1044642
:10B1C40060B10F4AFDF7FCFE05460198FDF7CEFC81
:10B1D4002046FDF7CBFC284603B030BD11B108462C
:10B1E400FDF7C4FC054BB3F9143023B9034B022219
:10B1F4001A7500225A754FF0FF35ECE7B0CD0120E7
:10B2040030C4012008B50120FFF76EFD08BD000021
:10B2140008B50D4B9B6A1F2B0DDD0B4B0022202123
:10B2240083F8281083F8292083F82A2083F82B2018
:10B23400FFF7E8FF08BD044B1C221A7500225A755B
:10B244004FF0FF30F6E700BFB0CD012008B5002075
:10B25400FFF74AFD08BD000038B505460C46FCF76B
:10B26400D1FD402805D12068FDF780FC2560002031
:10B2740038BD054B14221A7500225A752846FDF76D
:10B2840075FC4FF0FF30F3E7B0CD012010B5044654
:10B294008289144BB3F8D6309A4213D194F87330A0
:10B2A40013F0400F15D10F4B5A6AC2F30B022389D6
:10B2B40003F470431343238104212046FCF794FCD8
:10B2C400002010BDFCF762FC0028E7D04FF0FF30EF
:10B2D400F7E7044B1E221A7500225A754FF0FF300F
:10B2E400EFE700BFB0CD012090F8733013F0400FAA
:10B2F4000FD110B50446214B5B6A1BB2B3F1FF3F7B
:10B304000FD11E4B9B6A1BB2B3F1FF3F0FD100203C
:10B314002DE01A4B1E221A7500225A754FF0FF3089
:10B324007047FCF733FC18BB144B5B6AA381134BC7
:10B334009B6A1BB2B3F1FF3F10D0A1890F4AB2F848
:10B34400D620914204D10D4AB2F8D820934202D0BB
:10B35400FCF71CFC78B9094B9B6AE381238923F42D
:10B364004063238104212046FCF73EFC002010BDED
:10B374004FF0FF30FBE74FF0FF30F8E7B0CD01208E
:10B3840008B50021054B186AFDF7E0FC18B1044923
:10B39400FFF762FF08BD4FF0FF30FBE7B0CD01209F
:10B3A400A0CE012008B5094B186A00B2FDF7D4FD00
:10B3B40040B190F87020013280F870200449FFF702
:10B3C4004BFF08BD4FF0FF30FBE700BFB0CD0120BD
:10B3D400A0CE012008B5FCF7D9FB48B90021074BE2
:10B3E400186AFDF7B3FC30B10549FFF735FF08BD16
:10B3F4004FF0FF30FBE74FF0FF30F8E7B0CD01200E
:10B40400A4CE012010B582B02C4B00221A755A75B7
:10B41400FCF7B2FB30B9294B5B6A03F47043B3F514
:10B42400805F1CD101A9254B186AFDF78FFCF0B988
:10B43400019848B32249FDF701FC044600283AD09C
:10B444001E4A536A1BB2B2F8D22023EA02030381D4
:10B45400FCF78DFB00B3194B9B6A9BB21DE0174BA5
:10B4640001221A7500225A754FF0FF3021E0134A69
:10B474001121117500215175FDF778FB0198FDF735
:10B4840075FB4FF0FF3014E00C4B02221A750022BA
:10B494005A754FF0FF300CE0002323620721204649
:10B4A400FCF7A2FB2046FDF73DFB2046FDF75EFBC3
:10B4B400002002B010BD4FF0FF30FAE7B0CD0120FC
:10B4C40030C40120F8B5214B5B6A13F0070F04D098
:10B4D4001E4B186A02F0B8F958B31C4BB3F8D66087
:10B4E400B3F8D8501A68D288A3F8D620B3F8D42079
:10B4F400A3F8D8200021186AFDF728FC074610B3EA
:10B50400FCF754FB114B5B6A03F00703834318D029
:10B514000E4B0D221A7500225A754FF0FF3438462F
:10B52400FDF724FB094BA3F8D660A3F8D8502046B6
:10B53400F8BD064B02221A7500225A754FF0FF30EF
:10B54400F6E70024EBE74FF0FF34EBE7B0CD012042
:10B5540038B50021084B186AFDF7F8FB40B10546E1
:10B56400FFF794FE04462846FDF700FB204638BD4D
:10B574004FF0FF34FAE700BFB0CD012008B5064B09
:10B58400186A00B2FDF7E8FC10B1FFF77FFE08BDB2
:10B594004FF0FF30FBE700BFB0CD012038B50021EC
:10B5A400084B186AFDF7D2FB40B10546FFF79CFE35
:10B5B40004462846FDF7DAFA204638BD4FF0FF343A
:10B5C400FAE700BFB0CD012008B5064B186A00B2F7
:10B5D400FDF7C2FC10B1FFF787FE08BD4FF0FF3046
:10B5E400FBE700BFB0CD012030B585B000212A4B68
:10B5F400186AFDF7ABFB00284BD0044690F8733073
:10B6040013F0400F25D1244B5B6A43B38289224B4C
:10B61400B3F8D6309A4202D0FCF7B8FA70BB1021C6
:10B624001D4B586AF7F7F2FB68B3102269461A4BB0
:10B63400586A02F0F7F8009B6361029BA36104213E
:10B644002046FCF7D1FA2046FDF790FA002005B019
:10B6540030BD114B1E221A7500225A7513E0FCF7F7
:10B66400A5FA10F0020F09D06D46284601F04AFBF6
:10B6740095E8030004AB03E90300DCE7064B012271
:10B684001A7500225A752046FDF770FA4FF0FF3004
:10B69400DDE74FF0FF30DAE7B0CD0120034B16228F
:10B6A4001A7500225A754FF0FF307047B0CD012053
:10B6B40038B500210F4B186AFDF748FBB0B10546B9
:10B6C4004088FCF7A5FB04462846FDF74FFA094DD0
:10B6D400696A01F5A671608802F0EDF84FF4A6726C
:10B6E400696A04F1080002F0C5F838BD4FF0FF3074
:10B6F400FBE700BFB0CD01202DE9F04182B000236B
:10B704000193A44B5A6A93B2013303F0010803F086
:10B71400020602F00303032B5DD04EF2C0031A426B
:10B7240059D1FCF71FFA0746B0F1FF3F00F0F5804E
:10B73400FCF7C8F90546B0F1FF3F00F0A38001A96A
:10B74400944B186AFDF702FB0446002854D0019874
:10B75400FDF70CFA8F4B5B6A03F44073B3F5407F3B
:10B7640041D08D4A05EB4503990002EB83035C60ED
:10B7740000205050874A526A1A727EB12046FCF764
:10B7840041FB402800F086802046FCF7F0F928B9F8
:10B7940094F8733013F0400F40F082802046FCF799
:10B7A400E6F9002840F08280002E00F09280794B68
:10B7B4005B6A13F4806F00F08C802046FCF722FB58
:10B7C400802840F086802046FDF768F8034600286C
:10B7D40000F0A88053E06F4B16221A7500225A75A8
:10B7E4004FF0FF3799E06B4B11221A7500225A75FE
:10B7F4002046FDF7BBF942E0664BB3F914300E2B3B
:10B8040035D0019898B3634B5B6A13F4807F29D0D9
:10B814006249FDF713FA044688B35E4A936AC3F398
:10B824000B03B2F8D22023EA020343F4004303815A
:10B834000721FCF7D9F92046FDF774F92046FCF7F7
:10B84400B5F9B8F1000F02D010F0040F04D0002EA7
:10B8540087D010F0020F84D14E4B0D221A750022AE
:10B864005A7508E04B4B02221A7500225A7501984A
:10B8740008B1FDF77BF914B12046FDF777F92846A6
:10B88400FDF74CFA434B3B44FF2283F8E2204FF090
:10B89400FF3742E03F4B15221A7500225A75EEE736
:10B8A4003C4B1E221A7500225A75E8E705EB450346
:10B8B400394901EB8301374B5A6A92B2081DFDF7EF
:10B8C40085FE0028DBD105EB4502334B03EB8203F5
:10B8D4005C68304BDA1982F8E2505B6A13F4805FDB
:10B8E40007D02C48B0F8EC200121B9400A43A0F855
:10B8F400EC2013F0030304D094F87220013284F88E
:10B904007220012B04D094F87130013384F8713023
:10B914002046FCF777FA102813D0384602B0BDE869
:10B92400F08101330E2BD4DC03EB43011A4A02EB02
:10B9340081025268A242F4D18A001749002088503B
:10B94400EFE705EB4502144B03EB82035B7A012B13
:10B954000ED094F87230002BDFD10E4B5B6A13F0DB
:10B96400100FDAD00B4B06221A7500225A7586E79F
:10B97400084B5B6A13F0100FEBD12046FEF768FC0E
:10B98400FEF796FB0028E4D0024B04221A7500222D
:10B994005A7574E7B0CD012090C4012030C4012051
:10B9A40010B582B000213B4B186AFDF7CFF900288F
:10B9B4006CD00446FCF726FA402837D062894FF64B
:10B9C400FF739A4238D001A9324B586AFDF7BEF989
:10B9D400002837D1019800283ED0628843889A42D3
:10B9E40040D194F874202C4B4FF4C87101FB0233FE
:10B9F40093F85431012B3DD02346284A2849FCF7BB
:10BA040029F900283ED06389013363812046FDF77C
:10BA140089F804212046FCF7E7F80198FDF7A6F819
:10BA24002046FDF7A3F8002002B010BD194B1522E3
:10BA34001A7500225A750FE0164B1F221A75002240
:10BA44005A7509E0FDF792F80198FDF78FF8114B4C
:10BA540011221A7500225A752046FDF787F84FF017
:10BA6400FF30E1E7FDF782F80A4B12221A75002233
:10BA74005A75F1E7FDF77AF8064B2C221A75002265
:10BA84005A75E9E70198FDF771F8E5E74FF0FF30E3
:10BA9400CAE700BFB0CD01200CAE012030C40120A4
:10BAA4003C50012010B53B4B186AFDF755FA0028AD
:10BAB4006CD0384B196A5A1892F8E2205B6A042B4E
:10BAC4005CD8DFE803F017031E263E00324902EB80
:10BAD400420301EB83031B7A2E48806A00F01400B2
:10BAE40023F01403034302EB420201EB82010B72C5
:10BAF400002010BD02EB4202274B03EB8203187AAD
:10BB0400F7E7244BB3F8EC000841000300F480503D
:10BB1400EFE7204B986A10F4805009D01846B3F828
:10BB2400EC3001228A401343A0F8EC300020E0E717
:10BB3400184CB4F8EC3001228A401340A4F8EC30DD
:10BB4400D7E7144B986AFBF7F7FFB0F1FF3FD0D06B
:10BB5400104A136A134493F8E230024482F8E23044
:10BB64000D4A03EB430102EB8101497A03EB4303E2
:10BB740002EB83024B1C53720020BAE7054B1622DA
:10BB84001A7500225A754FF0FF30B2E74FF0FF30BC
:10BB9400AFE700BFB0CD012090C4012038B5124BEF
:10BBA4005D6AADB23D2D00D93E25104C104B1B886B
:10BBB400E380F7F717FC20810F23E3700D4B1B780C
:10BBC40003EB83035B00A3800B4B5A88A281DA88C2
:10BBD400E2815B8923822A46034B196A204601F0DD
:10BBE40049FE284638BD00BFB0CD0120706B01204E
:10BBF4007CBC0620A7BC0620546B01202DE9F84329
:10BC04004E4B5F6A07F0EF07022F30D84B4B186A90
:10BC140080B2FDF7A1F90546002800F08780474A65
:10BC2400136A12FA83F393F8E28008EB4802444B58
:10BC340003EB820990F8734004F00F0499F808208C
:10BC440099F90830002B19DB00263C4B5B6A9BB248
:10BC5400022B32D108EB4808394B03EB880302F07E
:10BC64007F021A724846FBF74DFF002050E016226F
:10BC74001A7500225A754FF0FF3049E01FB10F2C9E
:10BC840005D00126E1E70F2C1FD101241DE0012F6F
:10BC94004FD00126D9E70D2C15D90E2C3AD0274BBD
:10BCA400596A01F0100105F17300FBF78FFA0028BF
:10BCB40041D195F8734004F00F04B442EBD1012F45
:10BCC400E9D10F2401E00134E4B208EB48021C4B33
:10BCD40003EB820393F90830002B23DB95F87330D0
:10BCE40003F0F00385F873302343284600F8733FCC
:10BCF400134B08EB480203EB8202127A08EB480864
:10BD040003EB880362F07F021A72FDF735FE002010
:10BD1400BDE8F883094B23221A7500225A754FF0A7
:10BD2400FF30F5E74846FBF7EDFED7E74FF0FF306D
:10BD3400EEE70020ECE74FF0FF30E9E7B0CD01205B
:10BD440090C4012030B583B004220DEB0201384BBE
:10BD5400586A01F067FD002864D10546344B186A1F
:10BD640080B2FDF7F9F8044600285ED0304A136A21
:10BD740012FA83F393F8E230019A002A39DB03EBD9
:10BD840043032C4A02EB83031B7A13F0030F30D0D6
:10BD9400FCF738F880282CD194F87420264B4FF403
:10BDA400C87101FB023393F85431012B10D0224B9C
:10BDB40001FB02331A8943F2C8139A4221D01F4A65
:10BDC400019B002B04DD03F2FF13B2EB532F1AD3B4
:10BDD400236901998B4209D01DD8019B2361062157
:10BDE4002046FBF701FF2046FCF79CFE284603B0E3
:10BDF40030BD0F4B16221A7500225A754FF0FF35CD
:10BE0400F4E70F4ADCE70A4B1B221A7500225A7525
:10BE14004FF0FF35EAE701F2FF1149122046FCF723
:10BE240045FCDAE74FF0FF35E0E74FF0FF35DDE79B
:10BE3400B0CD012090C401200CAE012012010100FC
:10BE4400874020002DE9F0410546484B5E6AFBF728
:10BE5400DFFF80B106F08006074690F85431012BCD
:10BE640011D04FF00008414B5B6A03F08103812B32
:10BE74002AD03F4B2EE03D4B16221A7500225A75EC
:10BE84004FF0FF3056E04FF00108ECE79034394BA7
:10BE94009C42EED294F87030002BF7D06388AB420A
:10BEA400F4D12046FBF763FE0028EFD194F87230FA
:10BEB40013B96389002BE9D12C4B10221A75002287
:10BEC4005A754FF0FF3035E0294CE0E793F87020C5
:10BED400C2B99033274A93421CD25A88AA42F8D155
:10BEE400002EF3D093F8732002F0BF0283F873207E
:10BEF4001E49496A11F0010FEBD042F0400283F869
:10BF04007320E6E7194B10221A7500225A754FF078
:10BF1400FF300FE086B9B8F1000F02D1002387F893
:10BF24004631FDF797FB7868FCF720FE4FF6FF7368
:10BF34003B800020BDE8F081FDF78CFB7B8823F07B
:10BF440003039BB27B80094A526A02F00302134343
:10BF54007B8013F0010F01D10020EBE7B8F1000F53
:10BF6400FAD1002387F84631F6E700BFB0CD0120AF
:10BF740080B80120C0C3012030B58BB009A9564B4D
:10BF8400186AFCF7E3FE00283DD00546534CEC4606
:10BF940020686168A268E368ACE80F002069616901
:10BFA400A269ACE80700A28BA37FACF800208CF850
:10BFB4000230494BC3F8F85008A9586AFCF7C6FE8A
:10BFC4000446854200F08380089B002B00F08180AA
:10BFD4006A885B889A421DD03F4B12221A75002250
:10BFE4005A7514B12046FCF7C1FD4FF0FF34089890
:10BFF400FCF7BCFD2846FCF7B9FD0998FCF7B6FD33
:10C0040020460BB030BD099808B1FCF7AFFD4FF0E6
:10C01400FF34F5E72846FBF7F5FE402824D02E4BE5
:10C02400D3F8F83033B30998FBF7C0FD10F0020FD2
:10C0340026D07CB12046FBF7E5FE40282AD0274ACB
:10C0440008992046FCF7BCFFB0F1FF3FC9D0204659
:10C05400FCF78CFD2B46214A21490898FBF7FAFD91
:10C06400F0B94FF0FF34C2E71B4B15221A750022BA
:10C074005A75B6E7184B16221A7500225A75B0E79E
:10C08400FBF784FD0028D4D0134B0D221A7500222F
:10C094005A75A6E7104B15221A7500225A75A0E7A7
:10C0A40000230F4A69460998FBF7D4FD48B1089864
:10C0B400FCF738FD0998FCF735FDFDF7CBFA0024B1
:10C0C40095E70848FBF7A0F84FF0FF348FE700240A
:10C0D40090E74FF0FF348DE7B0CD012030C401204C
:10C0E4003C500120B04F012030B583B001A9404B32
:10C0F400186AFCF72BFE002845D1019800284FD080
:10C1040042894FF6FF739A4252D090F8703001334F
:10C1140080F870303749FCF791FD0446002839D087
:10C124004FF4814303810721FBF75EFD2346324A26
:10C1340032492046FBF78EFD00283FD0019B304A50
:10C144002E492046FBF786FD002837D00223638161
:10C154000198438901334381254A536A1BB2B2F8DB
:10C16400D22023EA0203C3F30B0343F48043238165
:10C17400FCF7FCFC2046FCF7D5FC2046FCF7F6FC5B
:10C18400002003B030BD1A4A1121117500215175E8
:10C19400FCF7ECFC0198FCF7E9FC4FF0FF30F0E70A
:10C1A400134B02221A7500225A754FF0FF30E8E74C
:10C1B4000F4B1F221A7500225A75EBE70025658183
:10C1C4002046FCF7AFFC2046FCF7D0FC2B460B4A7C
:10C1D40008490198FBF73EFD28B10198FCF7C6FC1D
:10C1E4004FF0FF30CDE70748FBF75CFAF5E700BFF7
:10C1F400B0CD012030C40120D04F01203C5001209B
:10C20400D44F0120D84F012010B582B001A9444B6E
:10C21400186AFCF79BFD019B002B42D004460028C2
:10C224003FD0404B1B782E2B4BD0A388012B54D0EE
:10C234002046FBF7E7FD402855D16389022B58D1EE
:10C244002046FBF7F3FB002853D00198FBF7AEFC24
:10C2540010F0020F52D00023334A32490198FBF701
:10C26400F9FC00284AD000236381019A5389591E9E
:10C274005181002B4BD004212046FBF7B5FC20460E
:10C28400FCF70CFB0198FCF74DFC2046FCF74AFC3C
:10C294000198FCF76BFC2046FCF768FC002002B018
:10C2A40010BD1F4BB3F9143023B91D4B02221A756C
:10C2B40000225A75019880B3FCF758FC4FF0FF3008
:10C2C400EDE7184B5B78002BAFD1154B16221A758E
:10C2D40000225A75FCF74AFCECE7114B10221A7540
:10C2E40000225A750AE00E4B14221A7500225A7560
:10C2F40004E00B4B24221A7500225A750198FCF7AE
:10C3040035FC2046FCF732FC4FF0FF30C7E7013321
:10C3140053810648FAF778FFADE74FF0FF30BEE7E8
:10C32400B0CD012030C401203C500120EC4F01204D
:10C33400F8B5FBF72BFC00286ED10021394B186AA5
:10C34400FCF704FD0646002869D00021354B586AE5
:10C35400FCF7FCFC0446B8B33046FBF753FD6028F9
:10C3640038D12046FBF74EFD402839D1358C28467C
:10C37400F3F7ACFF00283BD02A4B9B6A13F0010F64
:10C3840034D000212846FAF7E5FD074680BB28464D
:10C39400FBF73EFD90BB94F87030012B2ED1A3889F
:10C3A400012B2BD0FDF756F91E4B9A6A92B2214607
:10C3B4002846FCF77FFA30B32046FCF7D7FB30461B
:10C3C400FCF7D4FB3846F8BD3046FCF7CFFB4FF002
:10C3D400FF37F7E7134B0F221A7500225A7512E044
:10C3E400104B14221A7500225A750CE00221C9E779
:10C3F4000C4B06221A7500225A7504E0094B1022D0
:10C404001A7500225A752046FCF7B0FB3046FCF73B
:10C41400ADFB4FF0FF37D5E74FF0FF37D2E74FF0D2
:10C42400FF37CFE7B0CD012038B5FBF7AFFB40BBFA
:10C434000021174B186AFCF789FC044620B3FBF76C
:10C44400E1FC60280BD0124B0F221A7500225A759A
:10C454004FF0FF352046FCF789FB284638BD258C74
:10C464002846F3F733FF38B9094B06221A75002220
:10C474005A754FF0FF35EDE72846FFF7E3FC054614
:10C48400E8E74FF0FF35E8E74FF0FF35E5E700BF99
:10C49400B0CD0120034B2A221A7500225A754FF0A1
:10C4A400FF307047B0CD012070B5FBF76FFB00285B
:10C4B40076D13E4B5B6A1BB2012B41D13B4B1B6ACD
:10C4C4001BB2012B3FD0032B3DD0384B1B6A1BB250
:10C4D400022B3ED0354B1B6A1BB2102B58D1334B69
:10C4E4005B6A1BB2012B53D1304CA06A01F0B7F93F
:10C4F400FCF732FD0546A06A023001F0B0F90446AB
:10C50400002D50D02A4B1A884FF6FF739A4223D13C
:10C514002846FBF777FC602826D12E8C3046F6F7A8
:10C52400C7FF48B30020FF2C2ED90F282CD8451C58
:10C53400ADB2FEF7B5F8A4F58074A4B22846F2E7CC
:10C54400FDF788F8BAE71B48FAF75EFEF6F730FC09
:10C55400BBE7F6F723FCBDE7144B11221A75002242
:10C564005A754FF0FF3012E0104B16221A75002254
:10C574005A754FF0FF300AE00C4B06221A75002260
:10C584005A754FF0FF3002E0094B1E80002070BD49
:10C59400064B16221A7500225A754FF0FF30F6E743
:10C5A4004FF0FF30F3E74FF0FF30F0E7B0CD01205C
:10C5B400446B01200050012010B5124B1C681B6A0B
:10C5C40013F4004F0DD194F852300E4A106A13FA46
:10C5D40080F000B210F1140F0ADB13280ADD1320D7
:10C5E40008E0FBF7D3FA0028EDD14FF0FF3008E064
:10C5F4006FF0130084F852008310C3F164032384A2
:10C60400143010BDB0CD0120014B1B6898887047D1
:10C61400B0CD0120024B1B689B689888704700BF0F
:10C62400B0CD0120014B1B68D8887047B0CD0120E4
:10C63400014BB3F8D6007047B0CD0120014BB3F8DD
:10C64400D4007047B0CD0120014BB3F8D800704737
:10C65400B0CD012008B5FBF78FFA58B9104B1A6812
:10C66400D2881B6A9BB29A4204D00D4AB2F8D620F3
:10C6740093420DD10A4BB3F8D6301BB9084B1A6A52
:10C684001B68DA80064B1A6AA3F8D620002008BD7E
:10C69400034B01221A7500225A754FF0FF30F6E75A
:10C6A400B0CD012008B5FBF767FA58B9104BB3F8C1
:10C6B400D4201B6A1BB29A4204D00D4AB2F8D82087
:10C6C40093420DD10A4BB3F8D8301BB9084B1A6A00
:10C6D400A3F8D420064B1A6AA3F8D820002008BD7A
:10C6E400034B01221A7500225A754FF0FF30F6E70A
:10C6F400B0CD012000B583B00F4B5B6A9BB24BB148
:10C70400012B13D00C4B16221A7500225A754FF0C8
:10C71400FF3008E0684600F0F5FA0822064B196A73
:10C72400684601F0A7F803B05DF804FB034B1B68EF
:10C73400009300230193F0E7B0CD0120E8B2062076
:10C7440010B582B00F4B5B6A9BB283B9082269466D
:10C754000C4B186A01F066F8044680B9FBF716FA28
:10C7640068B9684600F0E8FA204602B010BD054BEF
:10C7740016221A7500225A754FF0FF34F4E74FF071
:10C78400FF34F1E7B0CD012038B5EFF3108572B670
:10C79400084C20681022216A403001F06BF8216AAD
:10C7A40004221031044801F065F885F31088002054
:10C7B40038BD00BFB0CD0120E8B2062010B50C4C46
:10C7C400206AF6F7A3FF03B2A0826BB9216AA06BBB
:10C7D400814204D8064B1A6A9A63002010BDA163F3
:10C7E400091A01F076F8F5E74FF0FF30F6E700BFDD
:10C7F400B0CD012010B50E4B1A6A9C6B1119196249
:10C80400002A01DDA14208D3002A01DAA14204D89A
:10C81400FFF7D4FF48B9204610BD054B16221A7500
:10C8240000225A754FF0FF30F6E74FF0FF30F3E780
:10C83400B0CD012010B5474B586AB8B9454B1B6AB7
:10C844002BB9444A1368B3F850305B421362FDF7C6
:10C854002FFC404B93F91D30002B5DD03D4B04223F
:10C864001A7500225A754FF0FF3010BD0421F6F7F7
:10C87400D2FA0028E2D1374B0E221A7500225A75DB
:10C884004FF0FF30F1E7072B09D094F853303BB356
:10C89400304A926A12F0020F1BD1012021E02D4B85
:10C8A400596A91B9A088002323702A4B1B689A6C9B
:10C8B400216CD4F848C061440A449A64DA6C616C0F
:10C8C400E46C21440A44DA64CFE7208A01F01CF8BE
:10C8D400E8E71B0243F0FF00002384F85330C4E769
:10C8E400012060341C4B1B68A34218D92378002B09
:10C8F400F7D0A168174A12689142F2D1154A126A18
:10C90400B2F1FF3FBFD0A1888A42BCD0B4F8501026
:10C91400D142B8D00120E4E70020104CE2E748B14E
:10C924000C4B9B6A13F0010F0CD10A4B1868FDF7EE
:10C934008FFC8CE7074B0A221A7500225A754FF0B8
:10C94400FF3092E7034B04221A7500225A754FF008
:10C95400FF308AE7B0CD012054AB0620B4A50620F1
:10C9640008B5054B186A80B2000200F47F40FDF759
:10C974008BFA002008BD00BFB0CD0120F8B51C4BD8
:10C984001B6A1BB2A3B9FDF777F8044668B3EFF34B
:10C99400108672B6164B1B6802221A70F6F727FF30
:10C9A4000546B0F1FF3F0BD086F310882846F8BD4A
:10C9B4000F4B16221A7500225A754FF0FF35F5E712
:10C9C4000B4F3B6801221A702046F6F7CDFC00237A
:10C9D40023700C223A757B75064A1388013B138039
:10C9E400054A1378013B1370DEE74FF0FF35DDE7AE
:10C9F400B0CD012078BC0620A3BC062010B5EFF30F
:10CA0400108472B6114B1B6A1AB27AB90020FDF772
:10CA14001FFC84F310880D4B1B6A1BB273B10B4BC4
:10CA24001B681B8E012B09D8002010BD9BB2074A3E
:10CA3400126801331386FDF78BF8E7E7034B0422F2
:10CA44001A7500225A754FF0FF30EEE7B0CD012081
:10CA540038B52D4B19681B6A5A1E92B21E2A33D858
:10CA640001F122041BB20F2B01DD01F12804EFF3C5
:10CA7400108572B6244B586A01282DD020B10121AB
:10CA8400F6F7C4F9002836D063881F4A116A01F00A
:10CA94000F0101228A4023EA020363801A4A136ABF
:10CAA4001BB203F1100152F8210004B2092B05D086
:10CAB400132B03D0516A103342F82310FDF75CF8AE
:10CAC40085F31088204638BD0F4B16221A750022B4
:10CAD4005A754FF0FF30F6E71B6A1AB2092ADDD007
:10CAE400132ADBD0628803F00F03012101FA03F358
:10CAF40013436380D2E7044B0E221A7500225A7541
:10CB04004FF0FF30DFE700BFB0CD012008B51B4B6D
:10CB1400D3F800C01A6A93B2591E89B21E291BD8D1
:10CB24000CF12200092B17D0132B15D00F2B01D990
:10CB34000CF12800114B5B6A9BB2012B14D0838843
:10CB440002F00F02012101FA02F223EA02038380B8
:10CB5400FDF712F8002008BD084B16221A750022B2
:10CB64005A754FF0FF30F6E7838802F00F02012177
:10CB740001FA02F213438380EAE700BFB0CD01203B
:10CB840038B52D4B5B6A9BB21F2B0DD82A4B1B6A01
:10CB94001BB22BB9284A1368B3F850305B421362B6
:10CBA40000252946254C19E0234B16221A7500222C
:10CBB4005A754FF0FF3039E01F4B1B68DA88E38861
:10CBC4009A421AD11C4B596A09B2E1B91A4B1B6A31
:10CBD4001BB2002B29DC012529466034184B1B6845
:10CBE400A34214D9B4F85020134B1B6A1BB2D3428E
:10CBF400E2D0A2889342F0D1DEE7FAF7BDFF002825
:10CC0400E0D10121E9E72046FCF7DCFFDEE775B956
:10CC1400094B03221A7500225A7551B101221A7563
:10CC240000225A754FF0FF3000E0002038BD00208C
:10CC3400FCE74FF0FF30F9E7B0CD0120B4A50620A2
:10CC440054AB062010B5044A1368DC68126ADA6033
:10CC5400FCF77EFF204610BDB0CD0120034B1B68BE
:10CC64009A88A3F85020002098707047B0CD012016
:10CC7400024B1B68B3F85000704700BFB0CD0120D1
:10CC840008B5FDF747FA002008BD00000B4A1378E9
:10CC94000133DBB213700A2B0ED1134600221A7033
:10CCA400074A13680133136013B95368013353609F
:10CCB400044A137801331370704700BFA9BC0620DF
:10CCC400F0B20620A5BC062010B5044610F4004FAF
:10CCD40004D1054B1888204480B210BD0146034896
:10CCE400FAF7E0FCF5E700BFE8B206200C5001209B
:10CCF400034B1B88834294BF00200120704700BF70
:10CD0400E8B206200346EFF3108C72B6034A03CA56
:10CD1400186059608CF31088704700BFF0B2062089
:10CD2400EFF3108372B6034A1268026083F310882B
:10CD3400704700BFF0B206200246EFF3108C72B6C3
:10CD4400034B0068516803C38CF31088704700BF1D
:10CD5400F0B2062008B5FFF799FF08BD70B582B0A0
:10CD64000446164600EB4003514D05EBC305514BF9
:10CD7400D3F81021D3F8C4309A425FD32046F5F794
:10CD8400DBFE04EB4403DB00103349481844FCF792
:10CD9400F3FD484BD3F8100102B070BD454B062299
:10CDA4001A7500225A754FF0FF30F5E7414B93F89E
:10CDB400D0301BB33F4BD3F8C030019A1A703D4AB0
:10CDC400D2F810310133C2F810313B4A02EB44125D
:10CDD400528912F0100F0AD0012B56D0019A0A2A58
:10CDE400CCD0354B03EB44135B7B9A42C6D0314A1B
:10CDF400D2F8C0300133C2F8C030B8E72D4BD3F8B5
:10CE0400C010BDF8040000F048FDD8E72A4A02EB40
:10CE14004412127B9142B1D22BB1264A12680133DB
:10CE24001386FCF795FE31462846FAF795F9002853
:10CE3400A4D1204B1B681B8E012B9FD063011E4A7B
:10CE4400D35C13F0040F07D004EB4402184B03EB3C
:10CE5400C2031B69002BA1D001A92846FAF733F9B4
:10CE64000028A3D1144B03EB44135B8913F0100F78
:10CE7400D9D1114B03EB44135B7B0E4AD2F810114A
:10CE84000029C3D1002BC8D1C0E70B4B03EB4413DB
:10CE94001A7B019B9A42A1D1064B002283F81021F0
:10CEA40083F8112183F8122183F8132166E700BF68
:10CEB40038B90620B0CD012018B70620102814D8A0
:10CEC40070B504460D46334B03EB40135B78E3B176
:10CED400420130498A5C12F0040F0ED12D4A02EB54
:10CEE400401201335370002070BD2B4B13221A756E
:10CEF40000225A754FF0FF307047274B06221A75EF
:10CF040000225A754FF0FF30EEE7224A430102EB4C
:10CF14004016D15C21F00401D1540021F5F70EFE36
:10CF2400338913F4006F02D115F0100F07D0194B99
:10CF340003EB44135A7801325A700020D4E7EFF31C
:10CF4400108672B62046F5F7DFFDA0B186F310888F
:10CF54006301104AD35C13F0040FE8D00E4A062193
:10CF6400117500215175640123F00403094A135516
:10CF74004FF0FF30B8E7074800EB4410294608306B
:10CF8400FAF724F90028E1D086F310884FF0FF3037
:10CF9400AAE700BF18B70620B0CD012030B4EFF3E4
:10CFA400108372B64FEA411C0F4C14F80CC01CF0ED
:10CFB400040F15D10D4C2468A5788DB90A4D05EBE5
:10CFC400411CBCF802505DB912F4006F08D1A17085
:10CFD400064AC2F8FC001268B2F85000ACF802002D
:10CFE40083F3108830BC704718B70620B0CD0120F9
:10CFF400124A02EB40125378013BDBB2537073B90F
:10D004000F4B1B689A7882420BD00C4B410103EB07
:10D014004010002242805A5C22F004025A5400203C
:10D02400704700229A70064B83F8FC2083F8FD2099
:10D0340083F8FE2083F8FF20E7E700BF18B7062037
:10D04400B0CD01200A4B1B689A783AB1094901EB2B
:10D0540042114988B3F85000814200D070479B8840
:10D064009942FBD1034B03EB421300225A80F5E7AC
:10D07400B0CD012018B70620F8B5124B03EB4013CE
:10D084005B7803B9F8BD04460E4E470106EB401524
:10D0940001216888FCF7F2FD12216888FCF7EEFD97
:10D0A40000236B80F35D43F00403F35504EB440465
:10D0B400054800EBC400FCF75FFC2846FCF75CFC69
:10D0C400E0E700BF18B7062038B906202DE9F04183
:10D0D40086B043015E4DEB5C13F0040F0DD10446A2
:10D0E400164601390B2900F2A880DFE801F0450E4D
:10D0F400584F5A666F737A818B9D564B06221A7568
:10D1040000225A754FF0FF3532E00027524B33F8B6
:10D114001480142201A9304600F084FB0546B0F1C6
:10D12400FF3F25D04A4B03EB441303F10C0506AA39
:10D1340012E9070085E80700BDF804209A80BDF8CD
:10D144000620DA801A896FEA080109B20A401A81B6
:10D15400BDF8081001EA0801ADF808100A431A8165
:10D16400BDF80A205A8139462046F5F7E7FC002528
:10D17400284606B0BDE8F081354800EB441014227F
:10D184003146043000F076FB0546F1E700EB400041
:10D19400324B03EBC000F9F7B6FF0127B6E70127CE
:10D1A400B4E700EB4004E4001034022231462B487B
:10D1B400204400F05FFB0546DAE700EB4004274813
:10D1C40000EBC400F9F79FFF0025D1E7FFF754FFF8
:10D1D4000025CDE7440143F001031D4A1355002502
:10D1E400C6E7440123F00103194A13550025BFE79C
:10D1F40044011834082231461548204400F03AFB13
:10D204000546B5E74301183308221149194430464D
:10D2140000F008FB0546C0B90D4B03EB44131C2179
:10D224005888FCF72BFDA3E7094B03EB4013314669
:10D23400588800F040FB05469AE7064B19221A75F8
:10D2440000225A754FF0FF3592E74FF0FF358FE714
:10D2540018B70620B0CD0120C4B2062038B9062084
:10D2640008B5054B03EB40131B8913F4806F00D101
:10D2740008BDFFF701FFFBE718B7062008B5034B0D
:10D2840003EB40100830FCF777FB08BD18B7062005
:10D2940008B50930FFF712FE08BD08B50930FFF7DD
:10D2A400A7FE08BD08B50930FFF758FD08BD08B54D
:10D2B4000930FFF70BFF08BD70B5044600F10905FE
:10D2C40041F401612846FFF7F9FD064630B9064BE3
:10D2D4001B5D2BB1044A135D01331355304670BDF9
:10D2E4002846FFF7CBFFF5E758AB062010B50446F8
:10D2F400074A135C013BDBB2135423B104F1090068
:10D30400FFF776FE10BD0930FFF7AAFFF6E700BF6E
:10D3140058AB062070B582B01646113000EB4000C1
:10D324001B4D05EBC005002410E01A4B93F8D030D8
:10D3340013B3184BD3F8C030019A1A70154AD2F8B7
:10D34400C0300133C2F8C0300134A4B2114BD3F859
:10D35400C4309C4218D201A92846F9F7B4FE00282B
:10D36400E3D1002CF2D131462846F9F72FFF0028EB
:10D37400ECD04FF0FF3008E0064BD3F8C010BDF8F6
:10D38400040000F08AFAD9E7204602B070BD00BF5D
:10D3940038B90620B0CD012008B50930FFF796FE54
:10D3A40008BD000010B5113000EB4000044C04EB44
:10D3B400C0042046F9F76AFE2046FCF7DDFA10BDEA
:10D3C40038B90620F8B505460F4608280AD802F0F1
:10D3D4001006224B1B7FFBB139462846F5F73EFB6E
:10D3E4000020F8BDC9B2FFF7DDFFF5E71B4B0422AF
:10D3F4001A7500225A750120F3E72EBB5CB3EFF3D4
:10D40400108472B62846F5F781FB154800EB4510E9
:10D41400FCF71EFF84F310882846F5F735FB044615
:10D424000128D9D0FCF744FE0028DFD1002CE4D138
:10D434000C4B1B78012BEFD0084B1B681A8C0A4B42
:10D444001B889A42E8D8D8E7044B0B221A750022AD
:10D454005A750120C5E7FCF75DFEDDE7B0CD01207C
:10D4640018B70620A3BC062082BC062070B504466B
:10D474001546384BD3F8C410D3F8C000F5F7C6FCF2
:10D48400002863D0334BD3F81021D3F8C4309A4228
:10D4940053D063013048C35C13F0040F0ED113F072
:10D4A400010F13D029462C4800EB4410F9F754FE21
:10D4B4000028EED0274BD3F8100106E0254B0622B6
:10D4C4001A7500225A754FF0FF3070BD13F0020F29
:10D4D40018D1204B93F8D03003B31E4BD3F8C0308F
:10D4E4001E781D4B03EB4413DB8813F0010F03D0AC
:10D4F4000A2E18D00D2E24D02A4631462046FFF796
:10D5040061FFD0B9134BD3F8C0200132C3F8C02057
:10D51400D3F810210132C3F81021B3E70D4BD3F82F
:10D52400C0301E78DDE713F0040FE3D02A460D2146
:10D534002046FFF747FF0028DED0064BD3F8100142
:10D54400C3E713F0080FD7D00A26D5E74FF0FF3012
:10D55400BBE700BFB0CD012018B7062008B50930DD
:10D56400FFF784FF08BD08B50022FFF72BFF08BDB5
:10D5740008B5054B03EB40135B8913F0010F00D191
:10D5840008BDFFF7F0FFFBE718B7062010B5044607
:10D594000821FFF7E8FF20212046FFF7E4FF0821D8
:10D5A4002046FFF7E0FF10BD2DE9F04182B00446AC
:10D5B4000D4600EB40037A4E06EBC306794B03EBB2
:10D5C40040135A8902F010079B8813F0800F01D092
:10D5D40001F07F0517B1002D00F0D9800D2D5ED02C
:10D5E4000A2D63D012F0400F0BD06E4A02EB4412A6
:10D5F400D27BAA4271D06B4A02EB4412527CAA42FB
:10D6040059D013F4805F0BD0664B03EB4413DB7CDF
:10D61400AB4264D0634B03EB44139B7CAB4267D0B7
:10D624009FB1604B03EB4413DB7DAB426DD05D4B8C
:10D6340003EB44139B7BAB4200F0A280594B03EBFA
:10D6440044131B7CAB4200F09D800A2D66D0294612
:10D654003046F9F71BFD804600286CD02FB1514BA2
:10D6640003EB44131B7BAB4265D029462046FFF7EE
:10D674007FFF6FB14B4B03EB44135B7BAB4207D093
:10D684000A2D05D0474B03EB44131B7BAB4202D15D
:10D694003046FCF771F9404602B0BDE8F08113F062
:10D6A400080F77D113F0020F9AD00A2513F0200F38
:10D6B40098D00D2596E703213A4D670105EB4414F4
:10D6C4006088FCF7DBFA3046F9F71DFDEB5D23F0CB
:10D6D4000303EB554FF00108DDE70221ECE7314A83
:10D6E4006401135D43F0010313554FF00108D2E7C1
:10D6F4002C486201835C23F00103835400EB441043
:10D70400FCF73AF94FF00108C5E7264A6401135DB6
:10D7140083F0020313554FF00108BCE7214B03EBE0
:10D724004413DB8803F00503052B90D10D2120461B
:10D73400FFF71EFF8BE707212046F5F78FF998E7DF
:10D744003046F9F7A3FC4FF00108A4E7022D24D0DA
:10D7540001A93046F9F7E2FCB0B101990A29EFD0EA
:10D76400104B03EB44135B7B9942E9D00D4B03EB65
:10D7740044135B892B42E9D02046FFF707FFE5E716
:10D784000225E5E70425E3E74FF0010883E74FF0BE
:10D79400010880E74FF001087DE74FF001087AE7C0
:10D7A40038B9062018B7062070B5164600F10905E9
:10D7B40000240EE0194BD3F8C00000F045F80146F0
:10D7C40015E00134A4B2154AD2F8C0300133C2F8CE
:10D7D400C030124BD3F8C4309C421DD20F4B93F887
:10D7E400D030002BE6D00D4BD3F8C0301978284642
:10D7F400FFF7DAFE0028E4D1002CEAD105EB45035B
:10D80400DB001033314606481844F9F7DFFC0028E2
:10D81400DFD04FF0FF3000E0204670BDB0CD0120D6
:10D8240038B9062070B506460D4614461146F5F77C
:10D83400EDFA30B122463146284606F06DFA002052
:10D8440070BD4FF0FF30FBE710B504460121F5F73A
:10D85400DDFA08B1207810BD4FF0FF30FBE710B5BA
:10D8640004460221F5F7D2FA08B1208810BD4FF61C
:10D87400FF70FBE770B506460C4615461146204678
:10D88400F5F7C9FA30B12A463146204606F044FA83
:10D89400002070BD4FF0FF30FBE738B505460C465D
:10D8A40001212046F5F7B7FA10B12570002038BDE4
:10D8B4004FF0FF30FBE738B505460C460221204601
:10D8C400F5F7A9FA10B12580002038BD4FF0FF30DC
:10D8D400FBE738B504460D46F5F79DFA30B12A4604
:10D8E4000021204606F098F9002038BD4FF0FF30A3
:10D8F400FBE710B504460421F5F788FA08B120685F
:10D9040010BD4FF0FF30FBE738B505460C46042147
:10D914002046F5F780FA10B12560002038BD4FF09D
:10D92400FF30FBE70448054B984203D0437913B911
:10D934002030F8E7002070476CAB06206CAC062062
:10D9440070B5364B1B88002B33D0354A12883549C5
:10D9540009888A4259D3C2F580511C468B4200D3B0
:10D964000C46314B186898B1304D002185F8D01021
:10D9740029756975C5F8C4402D4B1B681A44C5F850
:10D98400C8202C4B1B689847B5F91430002B3ED1A6
:10D99400A2B223490B8813449BB20B801F48018811
:10D9A4008A1A0280B3F5805F04D11D4B00221A80CD
:10D9B40000E00024194B1B882BB3194AB2F800C0AD
:10D9C400184A1288A2EB0C021E46934200D3164654
:10D9D400154B186890B1154D002185F8D0102975A4
:10D9E4006975C5F8C460124B1B689C44C5F8C8C06F
:10D9F400104B1B689847B5F914305BB9084A138873
:10DA0400334413803444A0B270BD0024D2E74FF6EF
:10DA1400FF70F9E74FF6FF70F6E700BF6EBC062013
:10DA240084BC062066BC062088C40120B0CD012039
:10DA3400A08101204CC501200279064B9A82002264
:10DA44000271B3F914300BB9002070474FF0FF3066
:10DA5400704700BFB0CD012010B504464279074B92
:10DA64000121995440791844FBF786FF2046FBF7BF
:10DA740083FFA01CFBF780FF10BD00BF64AB062032
:10DA840008B54279044B03EB42135A790A435A719D
:10DA94000248FBF771FF08BD6CAB062070C401207F
:10DAA40010B504463C220F4BD3F8C0100068FFF7B2
:10DAB400E1FEB0F1FF3F12D00A4BD3F8C010202290
:10DAC4003C312046FFF7D6FEB0F1FF3F07D0637923
:10DAD40023F007036371034BD3F8C40010BD4FF068
:10DAE400FF30FBE7B0CD012038B5044643790F4D34
:10DAF40005EB43156B7963F07E036B71A9710C48D8
:10DB0400FBF73AFF63780B3BDBB2012B0BD92046C2
:10DB1400FCF7A3FB95F90530002BF3DB2A79054BC1
:10DB24009A82002001E04FF0FF3038BD6CAB062034
:10DB340070C40120B0CD012010B50446114B1B6800
:10DB440083B1114BD3F8C4305C2B0FD1FFF7EAFE3D
:10DB5400A0B921460D48F9F739FB0028F6D04FF05B
:10DB6400FF300DE00A4B1B68002BEAD1064B16224E
:10DB74001A7500225A754FF0FF3001E0FFF790FF4D
:10DB840010BD00BFE8830120B0CD012070C4012086
:10DB940088C4012008B503460846A3F58843013B21
:10DBA400062B49D8DFE803F004481F272D363F0031
:10DBB400274B1B687BB9FFF752FE00B2FBF7CCF989
:10DBC400234B186000283FD090F87030013380F860
:10DBD4007030002014E01F4B10221A7500225A7571
:10DBE4004FF0FF300CE006221B49FFF71BFE38B153
:10DBF4004FF0FF3004E0FFF732FE184B188000208E
:10DC040008BD04221649FFF70DFE0028F8D04FF096
:10DC1400FF30F5E704221349FFF704FE0028EFD094
:10DC24004FF0FF30ECE704220F49FFF7FBFD00281B
:10DC3400E6D04FF0FF30E3E7064B19221A750022B5
:10DC44005A754FF0FF30DBE74FF0FF30D8E700BFE5
:10DC540088C40120B0CD012058C4012074BC062022
:10DC6400E4C30120DCC30120D8C30120164B1B6888
:10DC740053B110B5154B186808B1FAF777FF134B79
:10DC840000221A60124C08E0104B1B68002BF0D1E4
:10DC940000200D4B186070473C340E4B9C420ED252
:10DCA4006378002BF8D00B236370A37843F003034D
:10DCB400A3702E2323712046FFF7CEFEECE700204D
:10DCC400014B186010BD00BFE883012088C4012007
:10DCD4006CAC06204CAE06207047000038B5437982
:10DCE400234C04EB4314234BD3F8C430B3F5806FB7
:10DCF40030D80546E38B013303F00303A28B934230
:10DD040033D01D4B186878B11A4A002182F8D0101C
:10DD14006B795B0303F58053B4F81CC003EB8C23CD
:10DD2400C2F8C830FBF7D2FA124BD3F81011E38BC8
:10DD34005A1C92B2E283083304EB43039980042A09
:10DD440010D004212846FFF79BFE0A4BD3F810019C
:10DD540080B238BD074B2F221A7500225A754FF630
:10DD6400FF70F6E70023E383EBE70020F1E700BF51
:10DD74006CAB0620B0CD012088C4012038B54379AE
:10DD84001B4C04EB4314228A638A9A422ED0054624
:10DD9400184B1868C0B1184A002182F8D0106B796A
:10DDA400B4F810C00CEBC3039B02C2F8C8300CF1EA
:10DDB400040C34F81C30D2F8C4C0634528BF634651
:10DDC400C2F8C430FBF7BEF9238A01339BB2238225
:10DDD400042B08D002212846FFF752FE064BD3F845
:10DDE400100180B238BD00232382F3E70020F9E755
:10DDF4006CAB062088C40120B0CD012070B5054667
:10DE040042791F4C04EB42141E4BD3F8C41089B260
:10DE14001D4B1980E08B1D4B1880A38B1C4E338047
:10DE2400461CC6F30B069E4228D098421ED31B1AEA
:10DE34009BB203F580539BB2013B9BB2994201D93B
:10DE440011490B80520302F58052124B1A60124B97
:10DE5400124A1A60FFF774FD06460C4B1B88E383D5
:10DE64004FF6FF73984204D1304670BD1B1A9BB223
:10DE7400E2E704212846FFF703FEF5E70026F3E76F
:10DE84006CAB0620B0CD01206EBC062084BC0620FD
:10DE940066BC0620A08101204CC50120FD91002014
:10DEA40070B505464379144C04EB4314134AD2F875
:10DEB400C410134A1180218A124A1180628A1248BE
:10DEC4000280914214D05B03104A1360104B114A34
:10DED4001A60FFF735FD06460A4B1B8823824FF66E
:10DEE400FF73984205D002212846FFF7C9FD00E0E0
:10DEF4000026304670BD00BF6CAB0620B0CD0120BB
:10DF04006EBC062084BC062066BC0620A0810120CD
:10DF14004CC50120759000202DE9F047EFF31086E1
:10DF240072B60025072D44DC6B012A4AD358002B16
:10DF34003CD00135F6E7A378B3B1274AD2F82021C3
:10DF440092B19A4210D001210434237893B3224A27
:10DF5400D2F818219342F7D162781F4BD3F81C31C1
:10DF64009A42E8D00121EFE7C5EB05134FEA830A93
:10DF7400DFF868800AEB08076B01164AD7507D71F9
:10DF8400384600F0ABFE144AD2F81C31FB71022370
:10DF94007B70E37808F80A30D2F820313B817B7932
:10DFA400A2F8343186F3108800200FE00C4C0021D5
:10DFB400CBE7002186F31088072D02DC41B13B2218
:10DFC40000E00922044B9A824FF0FF30BDE8F0874D
:10DFD4002622F7E76CAB0620B0CD01206CAC0620FE
:10DFE400B06B01200023114A02E03C320133DBB262
:10DFF400072B17D851780229F7D991890129F4D12F
:10E00400B2F80EC041888C4503D03C320133DBB2F8
:10E01400EEE71169D0F804C0614501D00029F4D1BC
:10E02400184670474FF0FF30704700BF6CAC0620B5
:10E0340008B5084AD2F800E0D2F804C09168D26862
:10E04400C0F820E0C0F824C08162C2620321FFF757
:10E054004BFD08BDE8CE012008B5084AD2F800E01F
:10E06400D2F804C09168D268C0F820E0C0F824C097
:10E074008162C2620321FFF737FD08BDE8CE0120AB
:10E0840008B50421FFF730FD08BD08B50721FFF7E7
:10E094002BFD08BD0020704710B50446037913BB5F
:10E0A400254B1B6813B36378072B2FD9E379033B04
:10E0B400DBB2012B32D92046FFF760FE4FF6FF7327
:10E0C40098422FD01D4BC3F8100170BBA37813F0F6
:10E0D400010F2CD123F00403A37023794BB3204602
:10E0E400FFF7AAFC10BDFFF7A7FCFBE7144B1B6866
:10E0F400002BD8D1114B20221A7500225A750D21FC
:10E104001868FBF75FFD4FF0FF30EBE70B4B16226F
:10E114001A7500225A754FF0FF30E3E72046FFF7E7
:10E12400BFFECBE74FF0FF30DCE70020DAE700204A
:10E13400D8E74FF0FF30D5E7E8830120B0CD0120C8
:10E1440088C401202DE9F0410546274BD3F8C4606B
:10E15400FFF772FC00283ED1B7B28046002419E0D4
:10E16400214B20221A7500225A750D211868FBF7DD
:10E1740029FD4FF0FF384046BDE8F0812846FFF7FF
:10E184003DFE4FF6FF73984228D02B79CBB9044457
:10E19400A4B230B3BC4219D2B3B21B1B124AC2F8A8
:10E1A400C4306B780B2BDBD0AB7813F0020FD7D1D4
:10E1B400EB79033BDBB2012BE0D92846FFF78EFD58
:10E1C400DFE72846FFF738FC8046D4E7B6B2064BB3
:10E1D400C3F81061CFE74FF0FF38CCE74FF0FF38BA
:10E1E400C9E74FF0FF38C6E7B0CD012041790023DD
:10E1F400084801E03C300133072B08DC4278002A50
:10E20400F8D082798A42F5D1FF23837170470020C8
:10E21400704700BF6CAC062008B54279064B03EB8F
:10E22400421300225A715A821A82DA839A83022193
:10E23400FFF75AFC08BD00BF6CAB0620EFF310815A
:10E2440072B643795B01FF22427100224270024898
:10E25400C25081F3108870476CAB062038B5654B0B
:10E264001B6843B3644BD3F8C430182B27D118224E
:10E274006249614BD3F8C000FFF7D4FAB0F1FF3F15
:10E284001DD05E4B1B78072B19D8C3EB03135C4CD2
:10E2940004EB830462795B4B03EB4213574A5178D6
:10E2A4004A1E082A00F29A80DFE802F0162D371180
:10E2B4004A58746E8000544B1B68002BD2D14E4BCD
:10E2C40016221A7500225A754FF0FF301AE04B4A95
:10E2D4009188D97102219180484A9188617092781D
:10E2E4001A715A7902F07F025A7163794748012200
:10E2F400C2541844FBF740FB2046FBF73DFB3E4B62
:10E30400D3F8C40038BD3D4B9A8862709B7803B142
:10E3140023712046FFF7A0FBF1E7384B9B8843B1FC
:10E32400012BECD13A4D0FCD20626162A262E3620F
:10E33400E5E7374D0FCDE06021616261A361DEE75F
:10E344002E4A92889A83637930480122C254184431
:10E35400FBF712FBA01CFBF70FFBD0E7274A9188C1
:10E364005982083203CA9860D960A37843F0040341
:10E37400A370637925480122C2541844FBF7FCFAC0
:10E38400A01CFBF7F9FABAE7A37843F00203A370E1
:10E394000B236370A37843F00103A370174B9B789E
:10E3A40003B123712046FFF757FBA8E7134A1279FC
:10E3B40062700C2A03D01748F8F726FF9FE7002263
:10E3C4005A71636B5A81626B92F8733063F07F0306
:10E3D40082F873302046FFF731FF90E70E48F9F7D3
:10E3E40061F9054B2C221A7500225A754FF0FF3043
:10E3F40088E700BFE8830120B0CD012070C401206C
:10E404006CAC06206CAB062088C4012064AB0620EB
:10E4140078C40120285001204050012008B54279D9
:10E42400044B03EB42130C229A718121FFF728FB62
:10E43400002008BD6CAB062008B582780A438270C0
:10E44400FFF70AFB002008BD38B50C461546182214
:10E454005E492846FFF7E6F9002840F0B480B4F599
:10E46400806F3CD005225A49584805F027FC0346E2
:10E47400B0B9B4F5826F1BDCB4F5806FC0F29B8039
:10E48400A4F58064102C00F29680DFE804F02841A3
:10E4940045944A94949452946094659469945B006E
:10E4A4004C4B13221A7500225A754FF0FF3325E0A6
:10E4B40044F2114294427EDC44F2034294427ADBF9
:10E4C400A4F58844033C0E2C75D8DFE804F04F749F
:10E4D4005D747474747467746C74747462003B4B0C
:10E4E4009B686BB9394B3A4A92E80300186019717A
:10E4F400182229463548FFF7BDF90346184638BDAA
:10E50400344B13221A7500225A754FF0FF33F5E786
:10E514002E4B00229A60EBE72F4B1A882B4B1A8163
:10E52400E6E72E4B1A68294BDA60284B01221A8140
:10E53400DEE72B4B1A68294B1B6863EA0203234A64
:10E54400D360F2E7274B1A68204BDA60EDE7244BDF
:10E554001A681E4BDA60E8E71C4B03221A81C7E7EE
:10E56400214BB3F90020194B9A60C1E71A490A8874
:10E5740022F0010292B20A801448B0F9080000F0B7
:10E58400010002430A80B9E7104AD168134A1160B6
:10E59400B4E70E4AD168134A1160AFE70B4AD16859
:10E5A4000F4A1160AAE7114A0849D1F80A0010601D
:10E5B400C9899180A2E7074B16221A7500225A7561
:10E5C4004FF0FF339AE74FF0FF3397E7C0C30120C2
:10E5D4004C500120B0CD0120C06B0120E4C30120C8
:10E5E400DCC30120D8C3012074BC062058C4012018
:10E5F400F8B506460C4617460AE0EFF3108572B6E6
:10E604001A4B1B5D8BB1194B00221A5585F31088E8
:10E61400B047A8B1164BB3F91430002BEDD017F066
:10E62400100FEAD04FF0FF3017E039460F4820446E
:10E63400F8F7CCFDB0F1FF3FE8D185F310880CE08A
:10E644000A48012303552044FBF796F9084B93F835
:10E65400361119B9064BD3F81001F8BD1C461868D9
:10E66400FBF7B0FA002384F83631F3E764AB0620F5
:10E67400B0CD012070B50646F9F774FA0546B0F13D
:10E68400FF3F24D0F9F71EFA0446B0F1FF3F23D030
:10E694000021154B1888F9F78BFC0346C8B14CF2DE
:10E6A400FF120281012280F8712080F872200F4A43
:10E6B400A2F83461C2F8300104EB44000C4901EBC8
:10E6C40080014B6002230B722A4482F8E240284600
:10E6D40070BD2046FAF722FB044B2B44FF2283F83B
:10E6E400E2204FF0FF35F2E780BC0620B0CD0120D8
:10E6F40090C40120038903F47043B3F5404F01D063
:10E70400002070470120704770B504460E46FAF7A2
:10E7140023FC054690B1FFF7EDFF88B10B4A1019B1
:10E7240090F8E23003EB4303094901EB83031B7ABE
:10E734003360C2F830512B6AA2F83431284670BDD8
:10E74400024B002516221A755D75F7E7B0CD01203E
:10E7540090C4012070B582B0002301931C21654B45
:10E76400186AF4F753FB1C283DD1624C1C2204F5B3
:10E774008A71206AFFF756F8D4F814315E4AD45CE3
:10E78400092B38D85B4B002283F8102183F8112120
:10E7940083F8122183F813211A755A7514F0400F67
:10E7A40031D1564D14F00C0F36D114F0200F52D045
:10E7B4002B68002B4BD06A68D3B24E4981F83731AD
:10E7C400023BDBB20E2B3BD8D2B24D492868FFF78F
:10E7D40029F800283FD0474B0E221A7500225A759B
:10E7E4004FF0FF304EE0434B0E221A7500225A754B
:10E7F4004FF0FF3046E03F4B2A221A7500225A752B
:10E804004FF0FF303EE001A9D3F81801FFF77CFF79
:10E81400002866D03B4DC5E72A68364BC3F8C020B4
:10E82400C4F3C00269682868F4F7D0FA034610B943
:10E834006A68002A58D10C352E4AC2F8C430B4E7AD
:10E8440016220A7500224A754FF0FF301AE0294B50
:10E85400002283F83721274EB6F834119DF804209E
:10E86400C9B22948FFF7C4FEB6F91430002B3ED1D3
:10E8740014F0800F08D114F0100F01D02B689BB94D
:10E884001C4B186902B070BDB6F83401FFF7F2FEF4
:10E89400061E04DB00F032FA164B1E61EBE700F0B3
:10E8A4000DFA4FF0FF30EDE76868FFF722F80446F1
:10E8B400104E696896F83701FFF726F896F8372165
:10E8C400A24200D3224629680D48FEF7D3FF002850
:10E8D400D6DA084B0E221A7500225A754FF0FF3013
:10E8E400D0E74FF0FF30CDE74FF0FF30CAE74FF0ED
:10E8F400FF30C7E7B0CD012088660120C8CE0120D3
:10E90400E8CE0120CCCE0120B1E8002008B50A46AB
:10E91400036A0449A1F83431D9B20348FFF768FE09
:10E9240008BD00BFB0CD01207DEB002008B50A462C
:10E93400036A0449A1F83431D9B20348FFF758FEF9
:10E9440008BD00BFB0CD012021EB002010B5036A43
:10E95400034CA4F8343100F039F9206910BD00BF2C
:10E96400B0CD012008B50B46006A0449A1F8340172
:10E974001146184600F090F908BD00BFB0CD012043
:10E9840038B58E4BB3F83401C0EB00108C4C04EB5B
:10E99400800400221A755A751A745A749A74DA74B7
:10E9A400D3F81431092B2DD8DFE813F00A000D0039
:10E9B40029004300710090009F00C600DC00E900BC
:10E9C400FFF7AAFA23E06378022B0DD0E379033B27
:10E9D400DBB2012B02D86378032B0CD0774B0020D9
:10E9E40016221A75587512E02046FFF721FB0028FD
:10E9F400ECD000200BE02046FFF742FB07E06378F1
:10EA0400022B05D06D4B002016221A75587538BD9F
:10EA14006C48FFF7E7FAB0F1FF3F05D0674B0020E1
:10EA240028221A755875F2E72046FFF715FB0020D7
:10EA3400EDE76378072B15D0022B1AD06378032BEC
:10EA440020D0083BDBB2012B40F2B18023795B4A32
:10EA54009382002B40F0AD801346002031221A75BA
:10EA64005875D4E7554B27221A7500225A75012090
:10EA7400CDE72046FFF7DCFA002840F09680032318
:10EA84006370DBE72046FFF700FB0120BFE76378F4
:10EA9400042B05D0494B002027221A755875B6E778
:10EAA4002046FFF7A3FB0446002800F084800823D7
:10EAB4004370FFF7EFFA424BE31A9B10424A02FB02
:10EAC40003F33E4AA2F834310020A0E76378022B16
:10EAD40098D0227F394880F8372104F10C0100F5E1
:10EAE4009C7005F019F9002091E76378022B11D08E
:10EAF4006378022B86D9E379033BDBB2012B03D97C
:10EB04002E4BD3F8283163B904F120012046FFF7D6
:10EB140019FB7CE72046FFF78BFA0028E8D0002099
:10EB240075E7284D29462046FFF70CFBA5F59C7395
:10EB340055F8282C1A616AE76378022B0BD06378A6
:10EB4400022B7FF65FAF2046FFF7A6FA1B4BD3F8E4
:10EB540010211A615BE72046FFF76AFA0028EED01D
:10EB6400002054E7154B5B6A022B3FF74BAF134B66
:10EB7400D3F81C11C9B22046FFF75EFC47E763785F
:10EB8400082B05D00D4B002035221A7558753EE729
:10EB940094F83020094880F8372104F1200100F569
:10EBA4009C7005F0B9F8002031E700202FE7002021
:10EBB4002DE700202BE7012029E700BFB0CD01207D
:10EBC4006CAC0620E8CE0120EFEEEEEE08B5064B65
:10EBD400B3F83431C3EB03139A0004481044FFF72D
:10EBE4001DFC002008BD00BFB0CD01206CAC062088
:10EBF40008B5144BB3F83431C3EB0313124800EBDC
:10EC040083004378082B13D00A2B11D0082B09D981
:10EC14000C4B0D2283F8362120221A7500225A75D6
:10EC240000200DE0074B16221A7500225A75F7E7EB
:10EC340000F10C01FFF786FA024BD3F810211A6198
:10EC440008BD00BFB0CD01206CAC062008B5104B48
:10EC5400B3F83431C3EB03130E4800EB830003799C
:10EC640043B94378072B0BD8094B002016221A7599
:10EC7400587504E0064A938200230371184608BDC0
:10EC8400FFF70AFA024BD3F810211A61F7E700BF25
:10EC9400B0CD01206CAC062008B50A46054BB3F88C
:10ECA4003431C3EB03130146034800EB8300FFF741
:10ECB400CBFB08BDB0CD01206CAC062008B5054BDC
:10ECC400B3F83431C3EB03139A0003481044FFF73D
:10ECD400B5FA08BDB0CD01206CAC062008B5012200
:10ECE400427000228270FF2181710271027780F8E4
:10ECF40030204263FFF790FA08BD00000549B1F8DF
:10ED04003431C3EB03139A00034B1A44D1F8303166
:10ED140053637047B0CD01206CAC0620034B132223
:10ED24001A7500225A754FF0FF307047B0CD01209C
:10ED3400034B13221A7500225A754FF0FF307047A7
:10ED4400B0CD0120034B13221A7500225A754FF0DF
:10ED5400FF307047B0CD012000207047034B1322D1
:10ED64001A7500225A754FF0FF307047B0CD01205C
:10ED7400034B13221A7500225A754FF0FF30704767
:10ED8400B0CD0120034B13221A7500225A754FF09F
:10ED9400FF307047B0CD01200C4B03EB800253F8D9
:10EDA400203083F0400303F0C00302F5805CCCF80C
:10EDB4000030C00000F1804000F52030416002F5D1
:10EDC40040524FF480731360704700BF04800340C7
:10EDD40010B40B4C04EB800C71B1082372B1042203
:10EDE400134354F82020534003F00C030CF5805CCB
:10EDF400CCF8003010BC70470023EFE70022EFE7A7
:10EE04000480034039B1084B03EB800303F500533E
:10EE140002221A607047044B03EB800303F540534E
:10EE240002221A60704700BF04800340064B03EBC4
:10EE3400800253F8203083EA011303F0300302F513
:10EE440080521360704700BF0480034008B54FF040
:10EE5400000242EC440042EC40000521FFF79CFF15
:10EE640008BD00B5F4F7BEFE00BEFDE7EFF3108069
:10EE740072B6064BD3E8CF1F01220029FAD1C3E8AA
:10EE8400412F0029F6D1BFF35F8F70479F77012090
:10EE94000023034AC2E88F3F80F31088704700BF05
:10EEA4009F77012070B505460C461646FFF7DEFF36
:10EEB400E208A95C04F0070C012303FA0CF31942DD
:10EEC40005D1DBB20B43AB54FFF7E2FF70BD214623
:10EED4003046FFF7C6FFF8B506460D4614461F46F2
:10EEE400FFF7C4FF00E00134BC420ED84FEAD40C53
:10EEF40016F80C1004F0070301229A401142F2D1D3
:10EF0400D2B20A4306F80C2001E04FF0FF34FFF7B9
:10EF1400BFFF002C01DB2046F8BD002DFBD0069876
:10EF2400FFF79FFF38B505460C46FFF79FFFE10842
:10EF34006A5C04F007040123A3401A4205D022EAC4
:10EF440003026A54FFF7A4FF38BD034B034A33217D
:10EF5400034801F05BFF00BF545001209466012078
:10EF640074500120054A1078431CDBB21370172B30
:10EF740002D9134610221A70704700BFC26B0120D9
:10EF840000B583B00146054B00931F2318220448A3
:10EF9400FFF7A1FF03B05DF804FB00BFB4500120EC
:10EFA4007CAD01204FF0E022936843F0005393605E
:10EFB40070470000002305E0044A1A440021C2E817
:10EFC4008F1F01331F2BF7D9704700BF947701209F
:10EFD40008B51F2805D8064B18440023C0E88F3F06
:10EFE40008BD044B044A0F21044801F00FFF00BF81
:10EFF40094770120D0500120A4660120EC50012018
:10F00400064B9B68103043F82010BFF35F8F00233A
:10F014000349C1E88F3F82F31088704700ED00E098
:10F024009D7701200048704700E400E008B5FFF731
:10F03400F9FF002304E04FF0803240F8042B013341
:10F044000C2BF8D962B608BD08B50388DA0A1C2A65
:10F0540006D15B050BD45B15023300EB430008BDFE
:10F06400064B074A4FF48E71064801F0CFFE03F5B4
:10F07400FF1303F5FF531F33EDE700BF4051012099
:10F08400006701205851012008B5091A01F2FC72E9
:10F0940040F6FE739A4208D8081F11F0010F04D1FC
:10F0A400C0F34A0040F4604008BD034B034A4FF4E8
:10F0B4008771034801F0AAFE98510120F4660120EB
:10F0C4005851012008B5091A04394B08090B0AD113
:10F0D400C1F30A0141F4704101806FEA43536FEABE
:10F0E4005353438008BD034B034A4FF48B710348C9
:10F0F40001F08CFEC8510120D06601205851012036
:10F104004209064B53F8222000F01F0001238340DC
:10F114001A4214BF01200020704700BF00E100E044
:10F124003AB1064B00F1600243F8221043F8201074
:10F1340070472030014B43F82010704700E100E095
:10F1440008B50A4600F01F03012199404009FFF762
:10F15400E7FF08BD024B9B68103053F8200070474E
:10F1640000ED00E070B505460C46EFF3108672B66C
:10F174000F4BD3E8CF1F01220029FAD1C3E8412F56
:10F184000029F6D1BFF35F8FFFF7E4FF094B9842E4
:10F1940001D0A04205D1324621462846FFF730FF70
:10F1A40070BD054B054AED21054801F02FFE00BF57
:10F1B4009D77012011010010D851012028670120FA
:10F1C400585101202DE9F04F87B000911546EFF317
:10F1D400108A72B67C4BD3E8CF1F01220029FAD1E2
:10F1E400C3E8412F0029F6D1BFF35F8F774B93F922
:10F1F4000040002C44DB804604EB4407744B03EBD3
:10F20400870797F90610714A1170724A926800F1E3
:10F21400100152F82190A9EB03022F2A3ED96E4B1C
:10F22400994534D14FF42143ADF80C304FEA4409E9
:10F2340004EB4400664E06EB800068490230FFF799
:10F2440023FFADF80E004BF60153ADF81030FF2349
:10F254008DF812308DF81350009B0593A14406EBF2
:10F26400890306AA12E9070083E8070047F00109A9
:10F27400524649464046FFF7C3FE07B0BDE8F08F4B
:10F28400574B584A4FF4BE71574801F0BFFD574BD6
:10F29400544A40F28311544801F0B8FD29F0010B9F
:10F2A400ABEB0303524AA2FB0312D20802EB420265
:10F2B400B3EB820F0FD15B460026DA79AA4212D94A
:10F2C40093F90620002A0DDB02EB42021E46404B56
:10F2D40003EB8203F1E7474B424A4FF4CA714248B9
:10F2E40001F094FD1E46A6B344F60103ADF80C30BC
:10F2F4004FF48F43ADF80E3096F906B0BBF1000F12
:10F304001ADA4BF60150ADF810008DF812B08DF8F2
:10F314001350009B05933946301DFFF7B5FEB080AE
:10F32400B47104EB44042A4B03EB840306AA12E9E8
:10F33400070083E807009BE7301DFFF785FE0146C1
:10F3440004EB4402224B03EB8203181DFFF79CFEDF
:10F35400D9E74FF42143ADF80C306300019304EB7B
:10F364004406DFF86C9009EB86061C49B01CFFF7D5
:10F374008BFEADF80E005946301DFFF785FEADF843
:10F3840010004AF6AA235A464946521A5241534398
:10F394001B0D8DF812308DF81350009A0592019BC5
:10F3A400234409EB830906AB13E9070089E8070046
:10F3B40044F60103ABF800304FF48F43ABF802304E
:10F3C40047F0010954E700BF9D7701209FBC062048
:10F3D400C46B012000ED00E011010010F46B01206A
:10F3E4001052012010670120585101203852012089
:10F3F400ABAAAAAA605201202DE9F04706460D46A1
:10F40400EFF3108872B6504BD3E8CF1F01220029C6
:10F41400FAD1C3E8412F0029F6D1BFF35F8F4B4BDC
:10F424009B6800F1100A53F82A70494B9F4207D099
:10F43400AF4200F087803C46464BFB1A2F2B06D97F
:10F44400424639463046FFF7DBFDBDE8F087FFF75B
:10F4540057FE814600213046FFF772FEBFF35F8FEF
:10F46400EFF30580C0B208B1824510D124F0010445
:10F474000021A268954212D094F90630002B0DDBCE
:10F4840003EB43032146334C04EB8304F1E7324B93
:10F49400324A40F20221324801F0B8FC214695423A
:10F4A40049D194F90650002D2BDB05EB4502294B7D
:10F4B40003EB82039A68A260DA79E27193F9063069
:10F4C400A371002B10DA4BF60150A08005EB450226
:10F4D400204B03EB8203234A117899711570494636
:10F4E4003046FFF72DFEABE705EB4503194800EB6B
:10F4F40083000430FFF7A8FD0146201DFFF7C4FD7B
:10F50400E3E798B981B1FF238B714BF601538B80EC
:10F51400144A1378A3714AF6AA230E49641A644163
:10F5240063431B0D1370DAE7094FF1E70E49201D01
:10F53400FFF7C8FDD3E70D4B084A4FF41171084893
:10F5440001F064FC024F7BE79D77012000ED00E0B1
:10F5540011010010C46B0120E4520120E066012077
:10F56400585101209FBC0620FE6B01201853012036
:10F5740038B540F00104324BE31A2F2B31D8EFF3A6
:10F584000581C9B2002933D0EFF3108E72B62D4B2A
:10F59400D3E8CF5F0122002DFAD1C3E8452F002D17
:10F5A400F6D1BFF35F8F4AF6AA230246244D521BBD
:10F5B400524153431B0D4FFA83FC234B9B6853F872
:10F5C4002130A3421BD00023032B32D803EB430189
:10F5D4001B4A02EB810292F90620624520D00133D6
:10F5E400F2E71A4B1A4A40F27F211A4801F00EFC46
:10F5F400194B174A40F28221164801F007FC124BBE
:10F604009B68164A43F82120154B1A78827183F8B7
:10F6140000C000230B4AC2E88F3F8EF3108838BD28
:10F62400074A02EB8101FF248C714BF601538B8056
:10F63400EAE70C4B064A40F29321064801F0E6FB48
:10F64400C46B01209D77012000ED00E020530120D0
:10F65400B4660120585101204853012011010010C3
:10F664009FBC062054530120014B0B440360704798
:10F674009477012010B50446FFF774FC0146204638
:10F68400FFF7F2FFFF232371BFF35F8F10BD10B5A7
:10F694000446FFF767FC01462046FFF7E5FFFF231A
:10F6A400237100236371BFF35F8F10BD10B50D4C40
:10F6B40009E00D4B0D4A1A210D4801F0A7FB204625
:10F6C400FFF7D8FF08340B4B9C4209D22368002B68
:10F6D400F5D0012BEDD12046FFF7D9FF0834F2E72E
:10F6E40010BD00BF3C6C01205C5301206867012001
:10F6F4007C5301204C6C0120024B0B440360BFF38C
:10F704005F8F70479477012010B504460120FFF7FE
:10F7140037FC01462046FFF7EFFF10BD08B5EFF3B5
:10F724000583DBB213B900F029F908BD0148FFF7DE
:10F7340098FB00BF0854012038B5062871F1000376
:10F7440002D200F011F938BD841F41F1FF3500F0F9
:10F7540003F9201845EB0101002902DB00F00EF942
:10F76400F1E74FF0FF306FF00041F7E708B5C30E43
:10F774004101091A63F100039B0043EA9173890074
:10F78400091843F10003DB00C80043EA5171FFF795
:10F79400D3FF08BD084B5B6A994209D8064A926AAE
:10F7A400824207D2994201D001207047002070475D
:10F7B400002070470120704700000B400168426838
:10F7C400084B5B6A9A4209D80648806A884207D285
:10F7D4009A4201D0012070470020704700207047F2
:10F7E4000120704700000B40C0E900230048704727
:10F7F400EDF60020F8B5EFF30580C0B2A0F11003D8
:10F8040000F003009B082ED0204DEFF3108C72B64D
:10F814001F4AD2E8CF4F0121002CFAD1C2E8441F7D
:10F82400002CF6D1BFF35F8F01228240EA6305F515
:10F8340041514A601749C95C21FA00F414F0010FE0
:10F844001AD06E6A00EB8304134F57F82440A64283
:10F854000BD300EB8305114C54F8254021EA020137
:10F864000C4AD15409E00E4DCFE7031D55F823206F
:10F8740045F82320002400E000240023044AC2E8C1
:10F884008F3F8CF3108804B1A047F8BD00800B4073
:10F894009E770120ECB20620A4B20620DC78012079
:10F8A40000000B4010B5054A054C064BA04214BF9E
:10F8B4001846581CFFF7F6FA10BD00BF5854012033
:10F8C40000800B4080AD012008B501460148FFF7D8
:10F8D400E9FF08BD00000B4008B5044A044B904200
:10F8E40014BF1846581CFFF71DFB08BD00800B40D1
:10F8F40080AD012008B501460148FFF7EDFF08BDC2
:10F9040000000B400246436A906A1946536A9942C2
:10F91400FAD17047416A00E0416A9942FCD300E0A1
:10F92400416A994202D1816A9142F9D3704770B514
:10F93400064614461D46FFF7E5FF021941EB050391
:10F94400824273EB010102D24FF0FF32134630467C
:10F95400FFF7E0FF70BD000008B50248FFF7D2FFD3
:10F9640008BD00BF00000B4008B502460B46024824
:10F97400FFF7DDFF08BD00BF00000B4008B50246DD
:10F984000B460248FFF7C6FF08BD00BF00000B404E
:10F994002DE9F84305460C4617462A4B98420CBFFE
:10F9A4004FF001094FF0000931D000262644EFF34F
:10F9B400108872B6244BD3E8CF1F01220029FAD154
:10F9C400C3E8412F0029F6D1BFF35F8F0FB3304650
:10F9D400FFF7C0FB1D4B83420CD019463046FFF79E
:10F9E400C1FB01213046FFF7ABFB0123A34005F522
:10F9F40001552B6004EB8909154B43F8297000234A
:10FA0400114AC2E88F3F88F31088BDE8F8830426C2
:10FA1400CCE704EB890200250D4B43F822500D4935
:10FA240011F809300122A24023EA020301F8093047
:10FA340006493046FFF7E0FC29463046FFF780FBD5
:10FA4400DDE700BF00800B409E77012025F70020F2
:10FA5400DC780120ECB2062008B50A4601460248CB
:10FA6400FFF796FF08BD00BF00000B402DE9F84FDB
:10FA740004460D4617461E46FFF744FFB842B141FF
:10FA84006AD2374B9C4214BF4FF000094FF0010972
:10FA9400EFF3108A72B6334BD3E8CF1F012200294B
:10FAA400FAD1C3E8412F0029F6D1BFF35F8F2E4A64
:10FAB40012F809B04FF0010808FA05F85FFA88F364
:10FAC40043EA0B0302F80930C4F83C802B1D44F8C8
:10FAD400237005EB8902254B43F82260236A18EA58
:10FAE400030F11D1A36C18EA030F07D000200023E1
:10FAF4001C4AC2E88F3F8AF310882EE01C4B1D4A33
:10FB0400EF211D4801F082F92046FFF7FBFEB842C1
:10FB1400B1411DD3144B13F809305B451AD0C4F816
:10FB24002080C4F83C800E4B9C420FD000231D441F
:10FB340005F01F036D09012000FA03F360350F4A35
:10FB440042F82530084B03F809B0D0E70423EEE768
:10FB54000020CCE70120CAE70120BDE8F88F00BFF0
:10FB640000800B409E770120ECB20620A4B2062050
:10FB74007C540120886701209C54012000E100E0AE
:10FB840008B501460148FFF771FF08BD00000B40AE
:10FB940010B4EFF3108C72B6104AD2E8CF4F0123A1
:10FBA400002CFAD1C2E8443F002CF6D1BFF35F8F9A
:10FBB400012303FA01F10162094B984214BF0020AA
:10FBC4000120084C235C23EA010323540023C2E8E8
:10FBD4008F3F8CF3108810BC704700BF9E770120C4
:10FBE40000800B40ECB2062008B501460148FFF73F
:10FBF400CFFF08BD00000B4030B5EFF3108E72B696
:10FC0400114CD4E8CF2F0123002AFAD1C4E8423F93
:10FC1400002AF6D1BFF35F8F0C4A904214BF002232
:10FC240001220B4D15F802C0012303FA01F1CBB2F6
:10FC34004CEA0303AB540023C4E88F3F8EF31088CF
:10FC440000F50150416030BD9E77012000800B40DB
:10FC5400ECB2062008B501460148FFF7CDFF08BD08
:10FC640000000B40074B98420AD01A2301229A4005
:10FC7400054B1A60054B9B6832EA0303FAD17047BF
:10FC84001B23F3E7008007400030024000000240DD
:10FC940038B5046B14F0010F01D1204638BD00F5CE
:10FCA400405340F201321A63436A856A05EB8315B7
:10FCB400AD02062000F016F9044BA3FB0030C00A85
:10FCC400B5FBF0F00021FFF74FFEE6E7757B2B8FC5
:10FCD40070B505460C461646FFF7DAFFEB6A5C4042
:10FCE400344005F58153DC60286370BD054B9842B0
:10FCF40005D01A2201239340034A136070471B2244
:10FD0400F8E700BF008007400020024070B50546B8
:10FD14000C46062000F0E6F8C300B3FBF4F301330D
:10FD2400DC0907D04FF6FE72944214D82646C3F37A
:10FD3400450400E001266E62AC62002211462846AA
:10FD4400FFF7C6FF062000F0CDF8800004EB861410
:10FD5400B0FBF4F070BD00244FF6FF76EBE708B576
:10FD64000539013AD20042EA411219464BB1022345
:10FD74001343012907D000216E221943FFF7A8FF7E
:10FD840008BD0023F4E70421F6E708B501B110210A
:10FD94001022FFF79DFF08BD49B10A22054B984286
:10FDA40014BF00200120044B23F8102070474FF4A7
:10FDB4008072F3E700800740A8BB062038B50446EC
:10FDC4000D46062000F08EF8F8B1114B9C421DD070
:10FDD4001A22012393400F4A13602046FFF742FF83
:10FDE40000212046FFF7D8FF29462046FFF78EFF63
:10FDF400E36A83F0700303F07E0304F58152D36059
:10FE040040F2013323630323A36438BD1B22E0E7DC
:10FE1400008007400020024070B51646049D00EBA8
:10FE2400400C4FEA8C0C0CF1804C0CF5803CDCF857
:10FE34000420AA4201D2CCF80450A0F1040E5FFAC7
:10FE44008EFEBEF1010F28D90CF540524FF4006428
:10FE540014601E4A52F8202042B11C4C6469B4FB61
:10FE6400F2F4013404EB4404033CFDD2DCF800203A
:10FE740082EA461202F0E0020CF580542260BEF1E0
:10FE8400010F16D90CF500524FF400611160CCF843
:10FE940004500E4A42F8203070BD0129D4D10CF52B
:10FEA400405203241460DCF8082012F0010FFAD049
:10FEB400DCE7DCF800204A4002F003022260DCF8B0
:10FEC400084001228A401442F9D0DBE784AD0120C6
:10FED40010B582B04FF480340094FFF79DFF02B058
:10FEE40010BD0000014B53F82000704784AD012081
:10FEF40070B5049C344DB5FBF1FC344D1544344EBF
:10FF0400B54237D8B2FBFCF5A5F1100EBEF5987FCB
:10FF140036D803F1FF3EBEF1060F37D804F1FF3E99
:10FF2400BEF1060F32D8BCEB121F35D8240344EAC5
:10FF340003440368002B35DB264B984242D00E2342
:10FF440001229A40244B1A6003F580531A60234B14
:10FF54009B6832EA0303FAD10160856000F54052E0
:10FF64000432212313600368002BFCDAC4600823E5
:10FF7400136070BD1A4B1B4A11211B4800F046FF49
:10FF84001A4B184A1921184800F040FF184B154A1B
:10FF94001C21154800F03AFF164B124A232112483F
:10FFA40000F034FF036803F03F038B42C4D183683D
:10FFB400C3F30B03AB42BFD1C36803F4EE23A342E4
:10FFC400BAD1D6E70F23BBE7001BB70080E84BD3B9
:10FFD40080F8A93200800540002002400000024061
:10FFE400E0540120A86701203055012070550120FC
:0CFFF4008C550120D8550120024B1A68E2
:020000041001E9
:10000000024B5A60704700BF50C4012000800D4071
:1000100008B5164B4FF080421A60A3F54123144AED
:100020009A6051B103F540234FF0E0621A6048B97D
:10003000104B4FF000421A6008BD0C4B4FF0E062CD
:100040001A60F4E74FF47A7303FB00F00A4B186070
:10005000B0F1807F02D36FF07F421A60FFF7CEFFCE
:10006000044B4FF080421A60E6E700BF00B00D403D
:10007000F3FFFF0100A00D4050C4012010B50C4B50
:100080004FF080441C6070B140F0010309480A4CF5
:10009000C4610A4C5C4004624162836200211046E4
:1000A000FFF7B6FF10BD034B0021D961F6E700BF93
:1000B00000B00D4000800D40D3C007B02D3FF84F79
:1000C000054A00EB400302EB8303596000EB40005C
:1000D0008000012313507047008010402DE9F0414B
:1000E00005460E46174698460023DB8A002242E862
:1000F00000F212F4800F0BD1102144F252209847E5
:10010000044643463A4631462846A047BDE8F081BA
:10011000042144F2522098470446F2E708B5002330
:10012000DB8A002242E800F212F4800F02D1102193
:10013000984708BD04219847FBE708B50A460346DF
:1001400028B141F0200290FAA0F3B3FA83F30A2118
:100150004FF48170FFF7C2FF034BD3F82838002B10
:10016000FAD0BFF35F8F704700000E40002207E017
:10017000054B13449B00BFF35F8F002119600132D0
:10018000072AF5D9704700BF0382031008B5FFF7AF
:10019000EDFF08BD074B4FF42A621A604FF48D72D1
:1001A000DA6003F50053044A1A60024B5B68002BC7
:1001B000FBDA70470080044000B0FA0010B5044636
:1001C00002E054F8043B9847014B9C42F9D310BD20
:1001D000886C01207047000008B50248FFF7EEFF69
:1001E00008BD00BF4C6C012008B50248FFF7E6FFD0
:1001F00008BD00BF746C0120064B074A1A6003F566
:100200008053064A1A60064B9A68044B9343FAD10E
:10021000704700BF002002407F3BEFEFF6FFF30383
:1002200000000240054BDB6CB3F5004F00D0704777
:10023000034B4FF48022DA64F9E700BF000011504D
:10024000002011504FF0E022D2F8881D034B0B43E1
:10025000C2F8883D10EE3004704700BF0303300041
:10026000054B6FF060421A60044B9B68DB4333F030
:100270006043F9D1704700BF0030024000000240E7
:1002800008B545F25320FFF749FF0346042098477D
:1002900008BD08B545F25320FFF740FF0346012093
:1002A000984708BD08B5FEF787FE08BD10B50C4994
:1002B0000C4A521A92101446442A28BF4422920033
:1002C000094803F02BFD04E0084A074B43F82420BB
:1002D0000134432CF8D9044A054B9A6010BD00BF85
:1002E000000000101001001000000020110100109B
:1002F00000ED00E038B50420FFF7F6FD064BA3FB48
:100300000035AD0C002404E02946E0B2FFF7D8FE2A
:100310000134052CF8DD38BD83DE1B4330B583B0D6
:10032000264B0022C3F88420FFF734FF244B012220
:10033000DA63224B5B6C012BFBD1214B03221A6346
:100340001E4B9B6B012BFBD10224009405231D4AFD
:1003500001211D48FFF7CEFD052500952B461B4AC0
:1003600001211B48FFF7C6FD1A4B0022214604203D
:10037000FFF7B0FD184C2346002201212846FFF765
:10038000A9FD164D2B46002211460820FFF7A2FDBD
:100390002B46002211460920FFF79CFD2346002230
:1003A00011460620FFF796FD23460022114607203E
:1003B000FFF790FDFFF79EFF03B030BD0000014046
:1003C00000300140002F685900000540008C86472E
:1003D00000800540001BB70080D1F008006CDC02F3
:1003E0009A4200D288547047704720B108B50A6815
:1003F0004968904708BD70470146002008E000EBBF
:100400008000531C0B60137803EB4003A3F1300012
:100410000A681378303BDBB2092BF0D970472DE91D
:10042000F04F83B005460E4693461F46DDF830A0D8
:100430000D9CDDF838900F9B13F0030F19D1A046E7
:100440000192C84509D202F1010B3B4631462020FA
:10045000A84708F101085A46F3E7DDF804B008E0C0
:10046000013C02F101083B4631461AF80400A84756
:100470004246002CF4D10F9B13F0020F03D110461B
:1004800003B0BDE8F08FA2EB0B034B45F7D2541C31
:100490003B4631462020A8472246F4E72DE9F043A9
:1004A00085B099460C9D0D9C9DF83880DDF840E0A4
:1004B000119F129E16F0020F21D17FB116F0010F8D
:1004C0000CD0B8F1000F02D116F00C0F06D0013F8E
:1004D00004E04FF0300C05F804C00134744501D23B
:1004E0001F2CF6D916F0010F09D0BC4207D21F2CE1
:1004F00005D84FF0300C05F804C00134F2E716F0CF
:10050000100F14D016F4806F04D11CB1744522D0A2
:10051000BC4220D00F9B102B36D00F9B022B3ED01D
:100520001F2C0ED84FF0300C05F804C001341F2CDE
:1005300007D8B8F1000F3AD04FF02D0C05F804C0E1
:10054000013403960297019400954B46FFF767FF2D
:1005500005B0BDE8F083B4F1010C13D00F9B102B54
:100560000ED064460F9B102BD7D116F0200FD4D09D
:100570001F2CD2D84FF0580C05F804C00134CFE737
:10058000023CC7E76446C5E716F0200FEAD11F2CEE
:10059000E8D84FF0780C05F804C00134C0E71F2CF0
:1005A000CFD84FF0620C05F804C00134B8E716F05C
:1005B000040F05D04FF02B0C05F804C00134C0E740
:1005C00016F0080FBDD04FF0200C05F804C0013420
:1005D000B7E7F0B591B0169C189D1B9E0CB926F09C
:1005E000100616F4806E16D064B34FF0000E12E0C1
:1005F0000CF1300C5FFA8CFC0EF101070EF1400E8D
:10060000EE440EF820CCB4FBF5FCAC421BD31F2FFC
:1006100019D8BE466446B4FBF5FC05FB1C4C5FFADA
:100620008CFCBCF1090FE3D916F0200F08D041274C
:10063000BC445FFA8CFCACF10A0C5FFA8CFCDBE783
:100640006127F5E7274606961A9C0594199C0494A1
:1006500003959DF85C400294019708AC0094FFF765
:100660001DFF11B0F0BD2DE9F04F95B009900A9132
:100670000B929846DDF878B0DDF87C90229D239FA0
:10068000269E5BEA090201D126F0100616F480646A
:100690001ED05BEA09022FD0002419E03032D3B219
:1006A00004F1010A04F150020DEB020404F8203CAD
:1006B0002A463B465846494603F016F9AB4579EBC6
:1006C00007091BD3BAF11F0F18D854468346894631
:1006D0002A463B465846494603F006F9D2B2092A53
:1006E000DCD916F0200F05D041231344DBB20A3BBE
:1006F000DBB2D5E76123F8E74FF0000A0696259BA9
:100700000593249B049303959DF880300293CDF8C4
:1007100004A00CAB009343460B9A0A990998FFF783
:10072000BDFE15B0BDE8F08F2DE9F04F91B08046C9
:1007300017460F938946002900F0328300260F9B4D
:100740001878002800F02F83252809D0741C3B4618
:1007500032464946C0470F9B01330F932646EEE7CA
:1007600001330F9300251FE045F0010501320F9280
:10077000012318E045F0020501320F92012312E037
:1007800045F0040501320F9201230CE045F0080505
:1007900001320F92012306E045F0100501320F925D
:1007A000012300E000234BB30F9A1378203B102B5A
:1007B000F8D801A151F823F0B9060120D106012093
:1007C000D1060120C5060120D1060120D106012055
:1007D000D1060120D1060120D1060120D106012039
:1007E000D1060120AD060120D1060120A10601207D
:1007F000D1060120D1060120950601200B930F9B05
:100800001A78A2F13003DBB2092B18D92A2A1BD09F
:10081000DDF82CB00F9B1A782E2A25D00F9A13786A
:10082000683B122B5CD8DFE803F0495BAC5B3B5BB9
:100830005B5B5B5B5B5B575B5B5B5B5BB1000FA810
:10084000FFF7DAFD8346E5E71A9B1A1D1A921B682B
:10085000002B04DB9B460F9B01330F93DAE745F037
:100860000205C3F1000BF6E745F480655A1C0F92B0
:100870005A78A2F13003DBB2092B0CD92A2ACDD148
:100880001A9B1A1D1A921C6824EAE4730B930F9B9F
:1008900001330F93C2E70FA8FFF7AEFD0B90BDE742
:1008A00045F48071531C0F9353786C2B01D00D4687
:1008B00016E045F4407502320F9211E045F08001D8
:1008C000531C0F935378682B01D00D4608E045F078
:1008D000C00502320F9203E045F4807501320F9299
:1008E0000F9B1878672856D82528C0F04F82A0F1B2
:1008F0002503422B00F24A82DFE813F03D02480252
:100900004802480248024802480248024802480297
:100910004802480248024802480248024802480287
:100920004802480248024802480248024802480277
:1009300048024802480248024802480293017C01EA
:10094000930148024802480248024802480248020D
:100950004802480248024802480248024802480247
:100960004802710048024802480248024802480210
:1009700048024802480271009601710093017C010F
:10098000930145F4007501320F92A9E745F4807593
:1009900001320F92A4E7782800F2F8816928C0F0AC
:1009A000F581A0F16902D2B20123934049F24102DC
:1009B000134214D113F0800F40F0C28113F4806F02
:1009C00000F0E4811A9B1A1D1A92D3F800A00B9B29
:1009D000002B40F077814FF0FF32534658E16F28EB
:1009E0000CD005D858283CD0622803D1022306E059
:1009F000782838D025F010050A2300E0082358286D
:100A000033D0692803D0642801D025F00C0515F4F3
:100A1000806F01D025F00105692829D0642827D0EE
:100A200015F4007F40F0948015F4807F40F0AC8096
:100A300015F0400F00F0BD801A9A111D1A9112781E
:100A40000595CDF810B00B99039102930023019303
:100A500000923B46324649464046FFF7BAFD0646FD
:100A600027E01023CBE71023C9E745F02005C8E7AE
:100A700015F4007F21D115F4807F42D115F0400F8D
:100A800058D01A9A111D1A91127882EAE271A1EBDC
:100A9000E2710595CDF810B00B9803900293D20F38
:100AA000019200913B46324649464046FFF791FD90
:100AB00006460F9B01330F9341E61A9A073222F044
:100AC000070202F108011A915168126808460029CC
:100AD00013DB0895CDF81CB00B9C069404930023FF
:100AE0000593C90F0291009201903B463246494658
:100AF0004046FFF7B8FD0646DBE7524261EB410096
:100B0000E7E71A9A111D1A91126882EAE271A1EBC5
:100B1000E2710595CDF810B00B9803900293D20FB7
:100B2000019200913B46324649464046FFF751FD4F
:100B30000646BEE715F0800F05D01A9A111D1A91CE
:100B4000B2F90020A1E71A9A111D1A9112689CE7C8
:100B50001A9A073222F0070202F108011A91089549
:100B6000CDF81CB00B9906910021049305910291D8
:100B7000D2E90023CDE900233B46324649464046B0
:100B8000FFF771FD064694E71A9A111D1A91059513
:100B9000CDF810B00B9903910293002301931368D1
:100BA00000933B46324649464046FFF712FD064653
:100BB0007FE715F0800F04D01A9A111D1A91128840
:100BC0003EE71A9A111D1A91126839E7551C3B46E7
:100BD00049463F20C04701342A46012CF6DD16461F
:100BE0001A9B073323F0070308331A930F9B013333
:100BF0000F93A4E500243246EFE7551C3B464946D7
:100C00003F20C04701342A46012CF6DD16461A9BC8
:100C1000073323F0070308331A930F9B01330F9315
:100C20008DE500243246EFE715F002051DD00124C2
:100C30001A98031D1A9306F1010A3B4632464946AB
:100C40000078C047A5B90F9B01330F93564676E550
:100C500002F1010A3B4649462020C047234652463E
:100C60005C1C9B45F4D81646E2E701233246F7E7C1
:100C7000524606E0561C3B4649462020C0472C46BB
:100C80003246651CA345F5D89246DCE701330A4697
:100C9000197811B1511E002AF8D1A3EB0A0315F4FB
:100CA00080620C9203D00B9A934228BF134615F032
:100CB000020409D00D94CDF838B00B9D32460C9E3D
:100CC0009B461FE00B9A88E63246264606E0541CF7
:100CD0003B4649462020C0472B4622465D1C9B458B
:100CE000F5D834462B460D94CDF838B00B9D0C9EAC
:100CF0009B4607E01D460AF1010A541C3B46494643
:100D0000C04722469AF8000020B1002EF3D06B1E97
:100D1000002DEFD10D9C16465B46DDF838B054B976
:100D20000F9B01330F930AE5551C3B464946202093
:100D3000C04723462A465C1C9B45F5D81646EFE77C
:100D400045F021051A9B1A1D1A921B680595082269
:100D500004920B9A039210220292002201920093B5
:100D60003B46324649464046FFF733FC06460F9B5A
:100D700001330F93E3E4741C3B4632464946252079
:100D8000C0470F9B01330F932646D8E4741C3B46A3
:100D900032464946C0470F9B01330F932646CEE4A7
:100DA000DFF81C80CAE4BE4208D37A1E3B4649469F
:100DB0000020C047304611B0BDE8F08F3246F5E75D
:100DC0001503012000B583B0009313460A4601467F
:100DD0000248FFF7A9FC03B05DF804FB0D030120F6
:100DE00000B585B002900391009313464FF0FF3297
:100DF00002A90348FFF798FC05B05DF804FB00BFAB
:100E00001703012000BEFDE708B5FFF7FBFF000058
:100E100000B583B08C4619465AB11446064B01946E
:100E2000009363460246054800F0DCF80120FFF716
:100E3000E9FF034B1C46F2E7F4550120045601205C
:100E40003C50012010B5EFF30583DBB203B100BEC7
:100E5000FFF7C2F9044C02E054F8043B9847034BF7
:100E60009C42F9D310BD00BF886C0120906C01201A
:100E7000F8B507460D461646437D13B100242046BB
:100E80000CE003681146284698472EE03B7D10E0B1
:100E90003B68022115489847601C0134B44214DABB
:100EA000002CF3DD2B1913F8013C0D2B14BF00238C
:100EB00001232A5D0A2AF0D1002BEED1A042E7DA05
:100EC0003B68211A28449847E2E7B04203DA3B68BE
:100ED000311A28449847002E07DD354415F8013CA7
:100EE0000D2B14BF002301233B75F8BDB46701200F
:100EF00038B50368BBB105460B4B1C6806E02946B4
:100F000051F8042B2046FFF7B3FF24694CB1236846
:100F1000002BFAD0054B1B68002BF0D0A342F4D174
:100F2000EDE700232B6038BDE0AD012008AE0120C5
:100F300038B505460C460B68802B05D023685A1C33
:100F400022601C44257138BD0846FFF7D1FFF5E744
:100F500008B5FEF703FD074A821841F10003002B94
:100F600003DB054803F066F808BD4FF0FF326FF071
:100F70000043F6E740420F00446C012008B50248E8
:100F800003F09AF808BD00BF446C012010B5054B72
:100F90001C6801E0984724691CB16368002BF9D1F3
:100FA000F9E710BDE0AD012070B5A2B004460E46D1
:100FB000FFF7CEFF0546002301933346224601A9E1
:100FC0000748FFF70DFF044601A8FFF791FFFFF761
:100FD000DDFF15B9204622B070BDFFF7CFFFF9E75E
:100FE0005D0E01200FB400B583B004A951F8040BC5
:100FF0000191FFF7D9FF03B05DF804EB04B070472F
:1010000003BD10B50446FFF7EFF8A04710BD4FF041
:1010100050431B6D13F0020FF9D04FF05043586549
:1010200040BF704700E020BF4FF050431B6D13F0EE
:10103000010FF8D04FF05043986D704710B5134B27
:101040004FF080725A60124B5B6813F0807FFAD0C9
:101050001920FEF757F8044600211920FEF772F810
:101060000C4B00225A700C4B4FF080725A60FFF705
:10107000D9FF20B921461920FEF764F810BD074BAF
:10108000074A86210748FFF7C3FE00BF00A00140C2
:101090000080014054C4012000B00140A45601204A
:1010A000DC6701205C5601202DE9F04186B0044642
:1010B0000F4690461920FEF725F806460021192014
:1010C000FEF740F800250095019501230293CDF825
:1010D0000C80049705940DE04FF050439B6D4FF04A
:1010E00050431B6D13F0010FF6D140BF09E00135ED
:1010F000052D0FD806AB03EB850353F8184C002CD5
:10110000EDD02046FFF783FFFFF78CFF8442EED03F
:101110000025EDE731461920FEF714F806B0BDE8CA
:10112000F081000008B512F0030F11D122F0030284
:101130008B180A4A926843F80C0C43F8081C0849BB
:1011400043F8041CA3F10C010648FFF7ADFF08BDEE
:10115000054B064A8E210648FFF75AFE00ED00E0D7
:101160002F0F01202D0F0120B0560120B86701205C
:101170005C56012008B5064A064B9A4205D3114633
:101180004FF40062FFF7CEFF08BD4FF0FF31F7E7E5
:101190000008082000000820074B98420AD01323BB
:1011A00001229A40054B1A60054B9B6832EA030303
:1011B000FAD170471223F3E70000084000300240E4
:1011C0000000024070B505460C460620FEF78CFE76
:1011D000AE465EF8046F06F002060EF5405202239A
:1011E0001360FE2B09D81A02A2FB042190424FF093
:1011F00000028A4104D30233F3E74FF4807101E027
:101200004FF48071012909D901F1FF3C03FB0CF275
:10121000B0FBF2F2A24201D86146F3E72B614C1E0B
:101220002A6882EA042202F47F4205F580552A608A
:101230000EF5005ECEF8006001FB03F3B0FBF3F0A7
:1012400070BD000038B504460D46164B984226D0B6
:10125000132201239340144A13602046FFF79CFF9A
:1012600029462046FFF7AEFF234653F8041F01F03E
:10127000020103F5405202251560226882F0070240
:1012800002F0CF0204F5805CCCF8002003F5005397
:10129000196004F50054032262621D6038BD1222F9
:1012A000D7E700BF0000084000200240074B834200
:1012B0000AD0052301229A40054B1A60054B9B6812
:1012C00032EA0303FAD170470423F3E7146C0120D8
:1012D00000300240000002402DE9F04F85B0074683
:1012E000924601939DF838200F9EDDF840800368F8
:1012F0000025DD660368596003680121D966A946A7
:1013000002952C46039227E03B79002B32D0012333
:1013100030E0039A0AB1002230E001222EE00021E1
:101320004046B0470543EDB238B93B685B6B13F0FC
:10133000100F02D1002EF2D1F6E7044640B93B6807
:10134000D3F88020029212BB002D32D1CB4521D0A0
:10135000002D37D109F10109019B994532DA019B32
:1013600003F1FF3B16B101214046B047B9F1000F30
:10137000CAD000239B02CB45CBD0002243EA4223B4
:101380001AF8011B3A680B4313612046D2E75B6DE4
:1013900001250EE0039B002BDAD10AE00021404634
:1013A000B0470543EDB238B93B685B6B13F4007F7F
:1013B00002D1002EF2D1F6E704460028C8D13B68DE
:1013C0001B6EC5E7039A45B164B9029B6BB113F07C
:1013D000010F0DD113F0080F0DD03A71484605B03A
:1013E000BDE8F08F6FF00109F7E74FF0FF39F4E740
:1013F0004FF0FF39F1E74FF0FF39EEE72DE9F04FFD
:1014000083B0054600929A469DF8303001930D9FB7
:10141000DDF8388003680024DC66036859600368DF
:101420000122DA66A1462646D1453FDA0AF1FF3BA2
:1014300017B101214046B8472B685A6F102AFBD0DC
:10144000B9F1000F0AD000229202CB450BD0002147
:1014500042EA412242F480721A6117E02A79002A96
:10146000F2D00122F0E7019909B10021F0E7012152
:10147000EEE75B6D01242FB100214046B8470646D8
:101480000443E4B294B92B689A6F3AB92B68D3F845
:1014900080205A6B12F0400FEDD0EAE71A69009BEA
:1014A00003F8012B09F101090093BDE714B13EB126
:1014B0006FF00109019B2B71484603B0BDE8F08F26
:1014C0004FF0FF39F6E70000F8B504460D46052059
:1014D000FEF70AFD00EB5502B2FBF5F202EB420CFF
:1014E000244BA3FB0C139F08A2EB9306224B9D42B7
:1014F00021D800EB40032149A1FB03139B0D0133CD
:10150000B91E99421FD321680025CD6621680D6858
:1015100085F0040505F0060501F580510D60216890
:10152000CE6121680F62BCF14F0F12D91149A1FBA6
:101530000C5189090EE000EB40031149A1FB031394
:10154000DB0D0133DCE70F4B0F4A5D210F48FFF73E
:101550005FFC01212568C5F8A0102168CD6F6B40A4
:101560009BB201F58351CB6123680121D966B0FBA1
:10157000F2F0F8BDCDCCCCCC3F420F006BCA5F6B14
:10158000893BE655CC560120F4670120EC5601203A
:1015900038B504460D46114B98421CD00522012354
:1015A00093400F4A13602046FFF780FE002323710B
:1015B0002268D366226840F2651111602268D36305
:1015C0002268936323680322C3F8882029462046B3
:1015D000FFF77AFF38BD0422E1E700BF146C012059
:1015E000002002402DE9F04188B004460D46164621
:1015F0001F460DF11008DDE910234046FEF7F6F80E
:10160000CDF8088001909DF8383000933B46324673
:1016100029462046FFF760FE08B0BDE8F0812DE9BD
:10162000F04188B004460D4616461F460DF11008DD
:10163000DDE910234046FEF7D9F8CDF80880019087
:101640009DF8383000933B46324629462046FFF746
:10165000D5FE08B0BDE8F08110B400F07F044FEA79
:10166000440C0CEBD01C284B03EB4C139870C009B6
:101670000CBF4FF0010C4FF0000C83F801C04FF08D
:10168000000C83F803C01983DA76D8B9E3001F4A47
:101690001A4400EB44011C4B03EB41139A6000EB2E
:1016A0004402194B03EB42139B6800221A609CB959
:1016B00000EB4400144B03EB40104260144BC3603A
:1016C00010BC7047134A02EBC40200EB44010E4BFE
:1016D00003EB41139A60E2E750B9631EDB000E4A48
:1016E0001A4400EB4400084B03EB40135A60E7E751
:1016F000631E0A4A02EBC30200EB4400024B03EBF9
:1017000040104260DCE700BF58B401208400105054
:1017100000011050800010500C00105008001050B4
:1017200008B5038B3F3323F03F03C27E022A08D063
:1017300008490A68C26013440B60074A934202D802
:1017400008BD5B00F4E7054B054A52210548FFF749
:101750005FFB00BF8CC40120FF0F10502C570120ED
:10176000386801207057012070B500F07F054FEAFE
:10177000450C0CEBD0130C4C04EB4314FFF76CFF3F
:1017800005B970BD218B2046FFF7CAFFE27EE368F2
:1017900083F0A04383F4801343EA826343F0004361
:1017A00062681360EDE700BF58B4012008B500F08F
:1017B0007F035B0003EBD010024B03EB401000F003
:1017C0001BF908BD58B4012008B520B901210E202D
:1017D000FDF7B8FC08BD034B034A40F297110348DC
:1017E000FFF716FBD8570120286801207057012009
:1017F00008B528B9002211468020FFF7D7FF08BDA1
:10180000034B044A40F2A1110348FFF701FB00BF5C
:10181000D85701201868012070570120024B4FF45F
:101820008032DA64704700BF0020115070B548BBA9
:10183000064600F0C1F8174C0C23A367FF22164997
:101840000E20FDF7C1FC40252A460021134802F076
:10185000E5F9002229461046FFF786FF00222946B7
:101860008020FFF781FF02F0A5FC012525644FF0E1
:101870000053E3640A4BC4F890303046FFF7CEFFC4
:10188000284670BD074B084A40F263110748FFF72E
:10189000BFFA00BF00001150B141012058B401202F
:1018A00010D00100D85701204C680120705701204A
:1018B000044B197021B1044B4FF40032C3F890204F
:1018C000704700BF8DBC0620002011500B7813F02C
:1018D0007F0F02D14B78052B00D070474B88DBB2CD
:1018E000014A1360F9E700BF00001150CA7802F006
:1018F0000302012A09D008B50B468988C1F30A0101
:101900009878FFF731FF012008BD0020704708B527
:1019100002F050FC08BD000010B530B90846114671
:101920001A46FFF743FF012010BD034B034A4FF453
:1019300001710348FFF76CFAD857012008680120AD
:101940007057012008B511F07F0304D1CA090ED1E8
:101950000220084A90665B0003EBD1134FF400624B
:101960000021054800EB431002F038FE08BD0120BD
:10197000EFE700BF0020115058B4012008B511F066
:101980007F0300D108BD5B0003EBD113044800EBDB
:1019900043100022C2706FF4006102F01FFEF1E7F5
:1019A00058B4012004E011F8012B00F8012B1A466D
:1019B000531E002AF7D1704708B54FF080530A4AEA
:1019C000136002F580521360084B9B6813F0805F30
:1019D000FAD04FF480520021054802F01FF9054B60
:1019E00009225A6708BD00BF0020024000000240E3
:1019F000000010500000115070B504460D46164608
:101A0000837EABB9A6820023E3820123A3762561FE
:101A1000204602F05FFD20B10B4B4FF40032C3F8BB
:101A20009020204602F06CFD50B10123237770BD59
:101A300081780648FFF7D6FA204602F0C8FDE1E7B4
:101A4000204602F0F1FDF2E700201150C0580120BD
:101A50000020704738B50546002408E0E31A1A4A0A
:101A600002EB4313DB68284698470134E4B2174B76
:101A70001B78A34215D3A342F0D9154B1B6813EB77
:101A80004413EFD140F2252212491348FFF7AAFA76
:101A90004FF0E023D3F8F03D13F0010F13D000BE58
:101AA00011E00E4C54220021204602F0B7F84FF00E
:101AB000FF336360A360E36023612022FF2104F110
:101AC000140002F0ABF838BD206901208CBC062060
:101AD00018720120EC680120F8580120C07701201D
:101AE00008B5FFF7B7FF00F037FF08BD70B5054632
:101AF0000C461646486900F039FF636932460121F9
:101B00002846984770BD00002DE9F04F83B081460C
:101B1000481EC0B2F2F73EF820B1824643780193E6
:101B2000022B11D040F2D6325F496048FFF75AFAD3
:101B30004FF0E023D3F8F03D13F0010F00D000BECA
:101B4000002003B0BDE8F08FC279C2F34010584BBB
:101B5000197860F304111970C2F38012C9B262F3EC
:101B6000451119700AF10908BAF802309A4477E071
:101B700098F803B098F80030984479E040F2F132D8
:101B800049494A48FFF72EFA4FF0E023D3F8F03DD9
:101B900013F0010F00D000BE0020D2E7E31A454D3C
:101BA00005EB43152B693A46414648469847064699
:101BB000082801D987421CD20134E4B23E4B1B787D
:101BC000A34249D3A342E9D93C4B1D6815EB441508
:101BD000E8D140F2FA3234493448FFF703FA4FF0C3
:101BE000E023D3F8F03D13F0010F00D000BE002039
:101BF000A7E7BBF1010F11D00022934525D998F832
:101C000002301344DBB22A4919440979FF290CD167
:101C100027490B441C710132D2B2EEE72A69284BE6
:101C20009A42E9D1DDF804B0E6E740F219421E49D4
:101C30001E48FFF7D7F94FF0E023D3F8F03D13F03B
:101C4000010F00D000BE00207BE72346324641460C
:101C50001C4801F0ABFBB044174B1B78A34210D3D8
:101C6000D0451ED298F801300B2B81D04FF0010BDC
:101C700098F80130042B81D1AAEB0807BFB20024E9
:101C80009CE74FF4856208490848FFF7ABF94FF02D
:101C9000E023D3F8F03D13F0010F00D000BE002088
:101CA0004FE701204DE700BFC0680120F858012030
:101CB000C0770120206901208CBC06201872012009
:101CC000412D0120D47701207047704700207047D4
:101CD000002070470020704738B505460C464B88F9
:101CE0001A0AD8B2531E0E2B64D8DFE803F0082D71
:101CF0004E6363592D636363636363632200F1F78B
:101D000045FF024628B112232146284600F0CEFDA9
:101D100051E040F23A422C492C48FFF763F94FF06A
:101D2000E023D3F8F03D13F0010F00D000BE0020F7
:101D300041E0FFF7CBFF024600283DD04388214613
:101D4000284600F0B3FD36E0022A09D0FFF7C2FFB3
:101D5000024698B353882146284600F0A7FD2AE0A2
:101D6000F1F718FF02460028F4D140F2614216490B
:101D70001648FFF737F94FF0E023D3F8F03D13F0A2
:101D8000010F00D000BE002015E0A188F1F706FF8A
:101D90000246A8B103782146284600F087FD0AE0F4
:101DA000FFF796FF024668B103782146284600F007
:101DB0007DFD00E0002038BD0020FCE70020FAE7B0
:101DC0000020F8E70020F6E7A8680120F858012075
:101DD00070477047024B5878003818BF0120704791
:101DE000C0770120024B1878C0F38000704700BF15
:101DF000C0770120024B1878FF3818BF01207047C8
:101E0000386C0120F8B506460D46FFF7F3FF07468C
:101E1000002852D105B354220021364801F0FEFEBD
:101E2000354B00221A70354C2046FDF725FC344B0B
:101E30001C60344C2046FDF769FC143C204601F040
:101E40001BFD314B1C60314B23B13148AFF3008097
:101E5000304B1860002417E04FF4E9722E492F48E8
:101E6000FFF7C0F84FF0E023D3F8F03D13F0010F77
:101E700023D000BE21E0E31A294A02EB43135B683A
:101E80006BB198470134E4B2214B1B78A34216D3BF
:101E9000A342F0D91F4B1B6813EB4413EFD14FF44F
:101EA000F8721D491D48FFF79DF84FF0E023D3F865
:101EB000F03D13F0010F00D000BE3846F8BD194BBD
:101EC0001E7029463046FFF7B1FC074618B1304670
:101ED000FFF77AFCF1E74FF4FC720F490F48FFF768
:101EE00081F84FF0E023D3F8F03D13F0010FE4D078
:101EF00000BEE2E7C07701208EBC0620B877012043
:101F000014780120306C01201878012000000000B6
:101F10008CBC06201872012010690120F85801209D
:101F200020690120386C012070B51A4B1E788B781F
:101F300013F0700F0ED10C46174B9978204601F024
:101F4000C5F90546B0B121463046FFF7CFFC05463E
:101F5000284670BD40F20B5210491148FFF742F875
:101F60004FF0E023D3F8F03D13F0010F00D000BE96
:101F70000025EDE740F20C5208490948FFF732F816
:101F80004FF0E023D3F8F03D13F0010FE0D000BE96
:101F9000DEE700BF386C0120C0770120786801209F
:101FA000F85801202DE9F84F80460C4616461F468A
:101FB000DDF82890DDF82CA0002526E040F2E7426D
:101FC0001F492048FFF70EF84FF0E023D3F8F03D0B
:101FD00013F0010F00D000BE4FF0000B5846BDE8D3
:101FE000F88F4FF49D6216491648FEF7FBFF4FF03D
:101FF000E023D3F8F03D13F0010FEFD000BEEDE782
:102000008AF8003023781C440135AE4214DD637831
:10201000052BD3D1E17801F00301B942CED121469D
:102020004046FFF781FF83460028DAD0A378DA091B
:10203000E6D189F80030E5E74FF0010BCEE700BFAD
:1020400088680120F858012008B501F07F004000A1
:1020500000EBD1103030044B1844044B19680430A5
:1020600001F0EEF808BD00BFC07701201478012010
:1020700008B501F07F00400000EBD1103030044B78
:102080001844044B1968043001F002F908BD00BF80
:10209000C07701201478012070B51F48007801F046
:1020A0007F051E4C04EB450C0CEBD11C9CF8344016
:1020B00014F0010F1FD1CE09184C04EB4504344431
:1020C00094F834C04CF0010C84F834C03034FFF77D
:1020D00023FCF8B9227922F001022271227922F040
:1020E000040222714FF0E023D3F8F03D13F0010F0A
:1020F00010D000BE0EE040F2395209490948FEF7FF
:1021000071FF4FF0E023D3F8F03D13F0010F00D042
:1021100000BE002070BD00BF386C0120C0770120D8
:1021200068680120F858012038B501F07F05CC0916
:102130000A4B1878FFF706FC094B03EB45032344D1
:1021400093F8342042F0020283F8342093F83420CC
:1021500042F0010283F8342038BD00BF386C012002
:10216000C077012038B501F07F05CC090A4B1878FB
:10217000FFF704FC094B03EB4503234493F8342099
:1021800022F0020283F8342093F8342022F0010276
:1021900083F8342038BD00BF386C0120C07701209F
:1021A00001F07F02044B03EB420303EBD11191F8E2
:1021B0003400C0F340007047C07701202DE9F041A2
:1021C00082B006460C46002000F0D0FB237803F0D6
:1021D0006003602B21D0402B32D0227802F01F0206
:1021E000012A00F00181022A00F04181002A40F01A
:1021F000C781202B2ED0002B4CD16378092B00F205
:10220000E880DFE813F0D300C300E600B300E60087
:102210005100AD00E60060006D004FF43572B14929
:10222000B148FEF7DFFE4FF0E023D3F8F03D13F0A6
:10223000010F00D000BE0025284602B0BDE8F081A5
:10224000AA4800F093FB224601213046FFF700FC2C
:102250000546F1E7A388DBB20F2B00F29B81A44A6D
:1022600013441B79A34A1278934206D2A24A1168FA
:1022700011EB431108D10025DEE7934200F28C8177
:102280009B1A9E4901EB431122463046FFF72EFC74
:102290000546D1E74FF0E023D3F8F03D13F0010FEE
:1022A00000D000BE0025C7E7204600F065FB61882E
:1022B000C9B23046FFF79CFA8D4A137843F0020307
:1022C00013700125B8E78A4B5B788DF8063001233F
:1022D0000DF106022146304600F0E8FA0125ABE791
:1022E0006588EDB2824B5B78DBB2AB4232D0804B7B
:1022F0005B785BB97E4B5D7055B329463046FFF77E
:1023000003FC054690B1F1F7F1FB23E000213046D4
:10231000FFF7CEFA3046FFF7FAFA754F97F80280CA
:102320003046FFF797FB87F80280E3E74FF44972E6
:102330006C496D48FEF756FE4FF0E023D3F8F03DB0
:1023400013F0010F00D000BE694B00225A7073E7F2
:10235000F1F7D2FB2146304600F094FA01256BE7F5
:1023600021463046FFF7B8FC054665E76388012B38
:1023700001D0002560E75E4A137843F0080313702C
:102380002146304600F07EFA012555E76388012B8F
:1023900001D0002550E7564A137823F00803137044
:1023A0002146304600F06EFA012545E7504B1B7878
:1023B0009A08C3F3401302F002021343ADF806304B
:1023C00002230DF106022146304600F06FFA012586
:1023D00032E74FF0E023D3F8F03D13F0010F00F0A7
:1023E000DD8000BE002527E7A388DBB20F2B00F2BB
:1023F000D7803F4A13441B793E4A1278934222D237
:102400003D4A116811EB431100F0CC802246304662
:10241000FFF76CFB054600287FF40EAF237813F01E
:10242000600F7FF409AF63780A3B012B3FF604AFDE
:1024300000F09CFA63780A2B0DD02146304600F05C
:1024400021FA0125F8E6934200F2AE809B1A2B494F
:1024500001EB4311DAE700238DF8063001230DF17B
:1024600006022146304600F021FA0125E4E6A28862
:10247000D1B202F07F05C2F3C01012F0700F17D175
:102480001B4A02EB45020244127D1A480078824240
:102490001ED21948056805EB42158BB3002D00F0DC
:1024A0008580224629463046FFF720FB0546C3E6D5
:1024B00040F295320B490C48FEF794FD4FF0E023B3
:1024C000D3F8F03D13F0010F00D000BE0025B3E6B5
:1024D000824204D8121A094D05EB4215DDE70025AA
:1024E000DBE700BFD4680120F85801207D190120E6
:1024F000C07701208CBC06201872012020690120C1
:102500006378012B10D0032B0ED07BBB3046FFF736
:1025100047FEADF8060002230DF1060221463046C3
:1025200000F0C4F9012587E6628822B9012B19D091
:102530003046FFF7F9FD002D3AD0224629463046B5
:10254000FFF7D4FA002000F011FA1B4B93F8355036
:1025500015F001057FF470AE2146304600F092F987
:10256000012569E63046FFF7FDFDE4E74FF0E02383
:10257000D3F8F03D13F0010F00D000BE00255BE65C
:102580004FF0E023D3F8F03D13F0010F12D000BE5E
:10259000002551E600254FE600254DE600254BE6D7
:1025A000002549E6002547E6002545E6002543E6E7
:1025B000012541E600253FE6C077012010B584B033
:1025C000FFF718FC48B904B010BD9DF80400FFF7F0
:1025D00087FA9DF80820854B9A70854B1C686369C3
:1025E000EFF3108272B6D3E8CF0F01210028FAD1A1
:1025F000C3E8401F0028F6D1BFF35F8FA26101A995
:10260000204601F0E1F86169A3690022C1E88F2F3B
:1026100083F310880028D6D09DF80530013B072BA6
:1026200000F2D98001A252F823F000BFF724012064
:1026300079250120EF260120B5260120CF26012093
:10264000872501201D260120E12601209DF8040098
:10265000FFF746FAF1F750FABFE7664B1B78002BFD
:1026600036D0644A1378013BDBB213701378002B29
:10267000B3D15E4B1A7842F001021A7093F83420FD
:1026800022F0010283F8342093F8342022F004026F
:1026900083F8342093F8352022F0010283F83520A6
:1026A00093F8352022F0040283F8352002A99DF822
:1026B0000400FFF783FD00288FD100219DF804005E
:1026C000FFF740F980219DF80400FFF73BF984E70C
:1026D00040F2652248494948FEF784FC4FF0E02368
:1026E000D3F8F03D13F0010F3FF46DAF00BE6AE781
:1026F0009DF8081001F07F00CC093C4B03EB400330
:1027000003EBD11393F8342022F0010283F8342034
:1027100093F8342022F0040283F83420A8B1334B1C
:1027200003EB400323441B7D354A1278934214D2B5
:10273000344A126812EB431316D09C69039B9DF830
:1027400009209DF80400A04747E7039B9DF8092056
:102750009DF8040000F01EF93FE7934204D89B1A4D
:10276000294A02EB4313E8E74FF424722249234835
:10277000FEF738FC4FF0E023D3F8F03D13F0010FE3
:102780003FF421AF00BE1EE7184B1B7813F0010F7A
:102790003FF423AF154B1878C0F3C000FFF718FBC8
:1027A0001BE7124B1B7813F0010F3FF416AFFFF736
:1027B00010FB12E7029B002B3FF40FAF03989847E2
:1027C0000BE70A4BDB7813F0010F3FF406AF0298DA
:1027D000FFF77BFA01E74FF0E023D3F8F03D13F069
:1027E000010F3FF4FAAE00BEF7E600BFC07701204C
:1027F000187801208EBC062000690120F8580120BD
:102800008CBC0620187201202069012008B591F9BE
:102810000030002B05DB802100231A46FFF73CFC2B
:1028200008BD0021F8E70000F8B50746134B9E8964
:10283000DD89741BA4B2402C28BF402493F90030DA
:10284000002B08DB0021AE4213D00D4A2346384648
:10285000FFF722FCF8BDAE4209D0084B9968402C26
:1028600009D82246064801F059FA8021EBE7802179
:10287000E9E70022EAE70020ECE700BF80770120CB
:102880004077012008B586460B46074A94460868FB
:102890004968ACE8030000219160D181918119461B
:1028A0007046FFF7B3FF08BD8077012038B50546B5
:1028B0008C46264CA64608684968AEE80300A2602C
:1028C0000021E181BCF806108B4228BF0B46A38192
:1028D000BCF8061029B303B132B12846FFF7A4FFB4
:1028E000044680B1204638BD722219491948FEF7C6
:1028F00079FB4FF0E023D3F8F03D13F0010F00D047
:1029000000BE0024EEE7742211491248FEF76AFB6C
:102910004FF0E023D3F8F03D13F0010FE2D000BEFA
:10292000E0E761462846FFF771FF04460028D9D149
:10293000762207490748FEF755FB4FF0E023D3F80E
:10294000F03D13F0010FCDD000BECBE78077012022
:1029500058690120F8580120034B00221A605A6080
:102960009A60DA601A61704780770120014B186124
:10297000704700BF807701200146054B1A4600686A
:10298000496803C200229A60DA819A81704700BFC9
:102990008077012038B505461C463D4B1B78DB0986
:1029A000B3EBD11F1CD07CB19D223A493A48FEF7C7
:1029B00019FB4FF0E023D3F8F03D13F0010F00D0E6
:1029C00000BE0024204638BD314C2146FEF77EFF74
:1029D00023691BB122460321284698470124F1E7C9
:1029E0002B4B93F90030002B07DB294B986800280C
:1029F0004CD02246294901F091F9254AD38913FA8E
:102A000084F39BB2D381916821449160D288934230
:102A100001D03F2C26D81E4B1B6923B11C4A022132
:102A200028469847A0B11A492846FFF7EFFE04460A
:102A30000028C7D1C52217491748FEF7D3FA4FF02F
:102A4000E023D3F8F03D13F0010FBBD000BEB9E78F
:102A500000212846FEF776FF80212846FEF772FF08
:102A60000124AFE72846FFF7DFFE04460028A9D17E
:102A7000CD2208490848FEF7B5FA4FF0E023D3F815
:102A8000F03D13F0010F9DD000BE9BE7002499E7B5
:102A90008077012040690120F8580120407701200B
:102AA00038B50446FFF796F950B90023184633B1FC
:102AB000204BC82202FB0433DB7843B9002038BD29
:102AC000FFF790F908B90123F0E70023EEE7154678
:102AD00004FB05F51035174B1D44284600F05EFE3B
:102AE0003F2801D80020EAE7124BC82202FB04333A
:102AF000D9780020FFF7A8FA0028E0D0284600F097
:102B00004DFE3F280CD90B49C82303FB0411402379
:102B1000094A02EBC412C9780020FFF7BDFACEE7DC
:102B2000044BC82202FB0433D9780020FFF7A0FA37
:102B30000020C4E7207401201C72012008B5C823BE
:102B400003FB00F01030024B184400F0F6FD08BD06
:102B50002074012038B50446C82300FB03F310336A
:102B6000084818444FF6FE739A4208D892B200F013
:102B70004AFE05462046FFF793FF284638BD4FF62C
:102B8000FF72F4E72074012070B50546FFF722F9C3
:102B900018B9002343B9002070BDFFF723F908B925
:102BA0000123F7E70023F5E7C82405FB04F42034EC
:102BB000224B1C440434204600F0BFFD08B900201D
:102BC000EAE71E4BC82202FB053399780020FFF785
:102BD0003BFA08B90020DFE7EE014036184B1E44EF
:102BE00040223146204600F00EFE0446D8B113497B
:102BF000C82303FB05110346324689780020FFF7FE
:102C00004BFA08B12046C7E7D5220E490E48FEF719
:102C1000E9F94FF0E023D3F8F03D13F0010F00D0B5
:102C200000BE0020B8E7054BC82202FB05339978A7
:102C30000020FFF71DFA0020AEE700BF207401203E
:102C40001C72012088690120F858012070B50546E2
:102C5000C82400FB04F420340C4B1C4404344FF60D
:102C6000FE739A420BD892B2204600F000FE064650
:102C7000204600F062FD3F2804D8304670BD4FF674
:102C8000FF72F1E72846FFF77FFFF6E72074012087
:102C900008B5C82303FB00F02030034B1844043070
:102CA00000F07CFD08BD00BF207401202DE9F04339
:102CB00083B04FF448720021244800F0AFFF002792
:102CC000234B1F703DE0214EC82407FB04F4351947
:102CD000FF236B714FF4E133AB604FF0000885F8D0
:102CE0000C8085F80D800823AB7304F1380104F1E2
:102CF0001000CDF80080012340223144304400F020
:102D0000EBFC04F1780104F120003044012300932E
:102D100040223144043000F0DFFC04F1B809B14432
:102D20004846FCF7A9FCC03434442046FCF7A4FC18
:102D3000C5F81C80C5F820902C63C5F83480013795
:102D4000FFB2032FBFD903B0BDE8F0832074012088
:102D50001C740120002308E00F4AC82101FB0C224B
:102D60000021116351630133DBB2032B11D89C4660
:102D7000094AC82101FB0322116A106B31B1064ACE
:102D8000C82101FB03220021D16111620028E3D197
:102D9000E9E70120704700BF2074012038B5002505
:102DA00014E0C82305FB03F310330846184400F071
:102DB00063FD1BE0C82303FB04F02030134B1844D1
:102DC0000121043000F073FD0135EDB2032D1CD854
:102DD0002C46C82305FB03F30C4958180022CA509F
:102DE00002710B4B1B7813F0010FDAD0084B1B78E4
:102DF00013F0020FDED1C82004FB00F02030034B9B
:102E00001844043000F038FDD4E738BD20740120A8
:102E10001C7401202DE9F04182B04B79022B79D14D
:102E200080468B79022B7AD10026032E08D8C8233E
:102E30003C4F03FB0677BB7813B10136F6B2F4E7DB
:102E4000032E05D88B783B700B78CC18092513E03E
:102E500040F2411234493548FEF7C4F84FF0E02300
:102E6000D3F8F03D13F0010F00D000BE002552E072
:102E700023781D44ADB21C446378242B01D19542C4
:102E8000F6D9052B09D06378042B02D163790A2B7C
:102E90001FD03046FFF704FE3DE021464046FFF7D5
:102EA00043F830B1A3787B7023781D44ADB21C4445
:102EB000E9E740F253121C491C48FEF793F84FF023
:102EC000E023D3F8F03D13F0010F00D000BE002541
:102ED00021E021780D44ADB2BB1C0193033700976C
:102EE00002231A4621444046FFF75CF810B10E3524
:102EF000ADB2CEE74FF4B1720B490C48FEF772F851
:102F00004FF0E023D3F8F03D13F0010F00D000BEE6
:102F1000002500E00025284602B0BDE8F08100252C
:102F2000F9E700BF207401207C690120F8580120D6
:102F3000137803F06003202B79D170B594460024F8
:102F4000032C0DD8C82304FB03F33F4A03EB020E06
:102F5000D25CBCF804309A4202D00134E4B2EFE70C
:102F6000032C66D89CF80130203B032B63D8DFE8A4
:102F700003F0021A264A012903D0032909D00120AF
:102F800058E007230EF108026146FFF78FFC01208D
:102F900050E02E4B002B50D00EF108012046AFF32D
:102FA0000080012046E0012901D0012042E00723F2
:102FB0000EF108026146FFF779FC01203AE0012991
:102FC00003D0032906D0012034E06146FFF75AFC04
:102FD00001202FE0BCF8023013F001010D46C3F3CD
:102FE00040068EF804300CBF012100210EF12400B0
:102FF00000F05DFC164B13B3324629462046AFF372
:103000000080012016E0012903D0032906D0012009
:1030100010E06146FFF736FC01200BE00D4B83B159
:10302000BCF802102046AFF30080012002E000202F
:103030007047002070BD0020FCE70120FAE7012066
:10304000F8E70120F6E700BF20740120000000002F
:1030500000000000000000002DE9F84F80460E46F9
:103060001F460024032C0CD8C823434D03FB0455F2
:10307000EA78B24205D0AB78B34202D00134E4B270
:10308000F0E7032C0AD8A246EB78B34216D0AB780F
:10309000B34248D001242046BDE8F88F4FF4E672D1
:1030A00036493748FDF79EFF4FF0E023D3F8F03D57
:1030B00013F0010F00D000BE0024ECE705F1100B67
:1030C000BAB2304901EBC411584600F0D0FB2E4B88
:1030D000DBB16B79FF2B18D04FF0000901E009F14B
:1030E0000109B94511D26A79264B03EBCA1313F8CB
:1030F00009309A42F3D1584600F033FB0028EED154
:1031000069792046AFF30080E9E7204B1BB15846B0
:1031100000F027FB18B12046FFF7C2FCB7E72046B6
:10312000AFF30080F7E71A4B13B12046AFF30080EE
:103130002046FFF729FD08B10124ACE705F1240082
:1031400000F0FBFAA0B9AFB117F03F0F01D0012496
:10315000A1E7A9784046FEF777FF044608B90124A5
:1031600099E700231A46A9784046FEF795FF92E7B3
:10317000012490E701248EE7207401206C6901206E
:10318000F85801201C72012000000000000000001F
:103190000000000010B582B051B10A46012824D8C1
:1031A0000B7813B323490B54012B2FD001242AE0B1
:1031B00001238DF8043000208DF8050001A9FEF7E9
:1031C00021FE044618B11B4B01221A701BE0472256
:1031D00019491A48FDF706FF4FF0E023D3F8F03DF8
:1031E00013F0010F0FD000BE0DE05A221249134810
:1031F000FDF7F8FE4FF0E023D3F8F03D13F0010F98
:1032000000D000BE0024204602B010BD1146FEF7DB
:10321000F9FD04460028F6D15F2207490748FDF76B
:10322000E1FE4FF0E023D3F8F03D13F0010FEAD0B8
:1032300000BEE8E7B4770120B4690120F858012006
:1032400070B50446037813F001001FD10D462378B2
:10325000C3F3800613F0040F19D14FF0FF31284655
:1032600000F001FF237813F0010308D1227812F057
:10327000040F09D1237843F0040323700126284664
:1032800000F01AFF304602E01E46F8E7002070BD4D
:1032900070B505460C464FF0FF31204600F0E3FEC6
:1032A0002B78C3F3800613F0040F04D1204600F0FE
:1032B00003FF304670BD2B7813F0010F04D12B783B
:1032C00023F004032B70F1E70026EFE708B58388AD
:1032D000C3F30A02C37803F00303022B1DD0032BB0
:1032E00044D0012B5BD1022905D040F2FF33934239
:1032F00004D3012054E04FF48063F8E7D122294938
:103300002948FDF76FFE4FF0E023D3F8F03D13F0AE
:10331000010F00D000BE002042E0022903D0402A65
:1033200015D801203CE0B2F5007F01D1012037E043
:10333000D8221C491C48FDF755FE4FF0E023D3F876
:10334000F03D13F0010F00D000BE002028E0DB228A
:1033500014491548FDF746FE4FF0E023D3F8F03D41
:1033600013F0010F00D000BE002019E0022904D0A4
:103370004023934204D3012012E04FF48063F8E726
:10338000E12208490848FDF72DFE4FF0E023D3F86D
:10339000F03D13F0010F00D000BE002000E000203F
:1033A00008BD00BFA0690120F85801200A4404E0CC
:1033B0005DF804FB91F800C0614491421AD291F883
:1033C00001C0BCF1050FF5D100B591F802C00CF0B9
:1033D0007F0E00EB4E0E4FEADC1C0EF80C3091F81D
:1033E00000C061449142E3D291F801C0BCF1050FE5
:1033F000F5D1EAE7704703460A4490B2814202D809
:10340000B0EB430F03DB5B009BB2C01A80B2704786
:1034100010B586460846BEF804C09A420CD3D41AAA
:10342000A4B224B3A44514D294450CD8A2EB0C0248
:1034300093B2AEF80A300CE0D41A4FEA4C0111FAFC
:1034400084F4A4B2EDE7624493B2F2E7A3EB0C0379
:103450009BB29C45FAD9DEF80010BEF80620C2F3F4
:103460000E0202FB031100F059FC012010BD0020E8
:10347000FCE72DE9F84304460D469DF82080B0F89E
:1034800004C0ACEB030080B2A3EB0C0C94441FFA15
:103490008CFCE188C1F30E0EF1461EFB00F71EFB0B
:1034A0000CFE216809FB0311B8F1000F09D1BFB26E
:1034B0001FFA8EF6904206D309FB02F2284600F06E
:1034C0002DFCBDE8F8833A46284600F027FC32463A
:1034D0002168E81900F022FCF3E730B583B09E467E
:1034E000BDF81830B0F804C09E4511D3AEEB03040C
:1034F000A4B224B3A44507D2F44511D8AEEB0C0E08
:103500001FFA8EF343816446944210D314460EE0B2
:10351000AEEB03044FEA4C0515FA84F4A4B2E8E7D5
:10352000E6441FFA8EF3EDE7A3EB0C039BB29C4538
:10353000FAD99DF81C2000922246FFF79AFF2046F8
:1035400003B030BDF0B583B004460D4616461F46A5
:10355000006918B14FF0FF3100F085FD23896289C1
:1035600092B2019700929BB2324629462046FFF75D
:10357000B4FF05466189024689B2A088FFF73BFF88
:103580006081206908B100F097FD284603B0F0BDC6
:103590002DE9F04104460D469DF818E0B0F804C04E
:1035A000ACEB030189B2A3EB0C0C94441FFA8CFC26
:1035B000C688C6F30E00804610FB01F710FB0CF026
:1035C00086B2206808FB0300BEF1000F07D1BFB22E
:1035D000914206D308FB02F2294600F09FFBBDE8AA
:1035E000F0813A46294600F099FB3246E9192068F5
:1035F00000F094FBF3E72DE9F04383B09146002AF5
:1036000068D0044688461F46C06818B14FF0FF31A5
:1036100000F029FD2689B6B2618989B2E379DB0918
:1036200018D1A3888E420DD3711A89B28B420FD95B
:103630005D1AADB24D4528BF4D46002D42D0A2883F
:10364000334631E0711A5A0012FA81F189B2EDE77E
:103650000025EFE7A5884D4509D8FFB9A9EB050975
:10366000E388C3F30E0303FB09880E46E5E78E42A9
:103670000ED3731A9BB24B44B3EB450F10DBA5EB93
:10368000090292B22846FFF7B6FE06464D46D4E739
:10369000731A6A0012FA83F39BB2ECE70E46CCE78A
:1036A0004D46CAE79B1A9BB29A42FBD900972A461D
:1036B00041462046FFF76CFF2A463146A088FFF7B7
:1036C0009AFE2081E06808B100F0F6FC284603B0BD
:1036D000BDE8F0831546F9E7B2F5004F29D8F8B5F3
:1036E00004460F4615461E46C06818B14FF0FF311C
:1036F00000F0B9FC206918B14FF0FF3100F0B3FCC5
:103700002760A580E38866F30E03E380E3799DF8E4
:10371000182062F3C713E371002363812381E068FB
:1037200008B100F0C9FC206928B100F0C5FC0120F7
:10373000F8BD002070470120FAE70246808813890F
:103740009BB2528992B2934205D39B1A9BB2984284
:1037500028BF184670479B1A420012FA83F39BB2A7
:10376000F5E7028992B243899BB29A4214BF0020C6
:1037700001207047818803899BB2428992B29342AB
:1037800006D39B1A98B281428CBF0020012070475B
:103790009B1A4A0012FA83F398B2F4E782880389ED
:1037A0009BB2418989B28B4206D35B1A9BB29A4283
:1037B00008D9D01A80B270475B1A510011FA83F30E
:1037C0009BB2F4E70020704738B504460D46006907
:1037D00018B14FF0FF3100F046FC228963899BB29B
:1037E00092B229462046FFF713FE0546618902463C
:1037F00089B2A088FFF7FFFD6081206908B100F061
:103800005BFC284638BD08B50023FFF79BFE08BDCA
:10381000F8B504460E46C06818B14FF0FF3100F00D
:1038200022FC2589ADB22046FFF7A4FF10B1E7794D
:10383000FF0916D0A2882B4601E09B1A9BB29A4240
:10384000FBD92068E288C2F30E02314602FB030076
:1038500000F064FA01222946A088FFF7CCFD208100
:103860000127E06808B100F027FC3846F8BD08B52C
:103870000023FFF7C0FE08BD10B50446C06818B1AC
:103880004FF0FF3100F0EFFB206918B14FF0FF312E
:1038900000F0E9FB002363812381E06808B100F0B8
:1038A0000BFC206908B100F007FC012010BD38B501
:1038B00004460D46C06818B14FF0FF3100F0D3FB4D
:1038C000206918B14FF0FF3100F0CDFBE37965F3CB
:1038D000C713E371E06808B100F0EEFB206908B19E
:1038E00000F0EAFB012038BD53B94AB9002908BFEE
:1038F00000281CBF4FF0FF314FF0FF3000F08CB9B3
:10390000ADF1080C6DE904CE00F006F8DDF804E036
:10391000DDE9022304B070472DE9F04F099D0E4602
:1039200004460F46002B47D18A429446B2FA82F3EE
:103930005AD943B102FA03FCC3F120029F409C40D4
:1039400020FA02F217434FEA1C461FFA8CFE220CA3
:10395000B7FBF6F106FB117701FB0EF042EA0742D6
:10396000904208D91CEB020201F1FF3702D29042CB
:1039700000F23C813946121AA4B2B2FBF6F006FB03
:10398000102200FB0EFE44EA0244A64508D91CEBB7
:10399000040400F1FF3202D2A64500F22A8110464B
:1039A00040EA0140A4EB0E0400211DB1DC400023DD
:1039B000C5E90043BDE8F08F8B4205D90DB1C5E9DB
:1039C000000100210846F5E7B3FA83F100294FD141
:1039D000B342C0F00281824240F2FF800846002DCF
:1039E000E8D0C5E90047E5E7002B40F0AF808A1A30
:1039F0004FEA1C4E1FFA8CF70121B2FBFEF60EFBBC
:103A00001620220C42EA004207FB06F090420FD932
:103A10001CEB020206F1FF382CBF4FF001094FF0FA
:103A20000009904203D9B9F1000F00F0DC8046464E
:103A3000121AA4B2B2FBFEF00EFB102200FB07F735
:103A400044EA0244A7420FD91CEB040400F1FF3200
:103A50002CBF4FF0010E4FF0000EA74203D9BEF16C
:103A6000000F00F0C9801046E41B40EA06409CE7C6
:103A7000C1F120048B4006FA01FC00FA01FE22FA93
:103A800004F7E6408A401F4320FA04F34FEA174840
:103A900043EA0C031FFA87FC4FEA1349B6FBF8F020
:103AA00008FB106649EA064600FB0CF9B1450ED941
:103AB000BE1900F1FF3A2CBF4FF0010B4FF0000B85
:103AC000B14503D9BBF1000F00F0A2805046A6EB30
:103AD00009061FFA83F9B6FBF8F308FB136603FB2C
:103AE0000CFC49EA0646B4450ED9BE1903F1FF386D
:103AF0002CBF4FF001094FF00009B44503D9B9F1CB
:103B0000000F00F08280434643EA0040A6EB0C061B
:103B1000A0FB028C66454346E14602D307D1C64569
:103B200005D2B8EB02036CEB070C0138E1465DB13E
:103B3000BEEB030266EB090606FA04F422FA01F36F
:103B4000CE401C43C5E90046002133E702FA03FCDE
:103B5000C3F1200299409C40D6404FEA1C4E20FA07
:103B600002F21FFA8CF7B6FBFEF00A430EFB10665A
:103B7000110C41EA064100FB07F68E420ED91CEB00
:103B8000010100F1FF382CBF4FF001094FF000098F
:103B90008E4202D9B9F1000F34D04046891B92B24F
:103BA000B1FBFEF60EFB161142EA014206FB07F1DD
:103BB00091420ED91CEB020206F1FF382CBF4FF0E8
:103BC00001094FF00009914202D9B9F1000F16D056
:103BD0004646521A46EA00410FE7841A66EB030292
:103BE00001201746FBE6023E624421E702396244A7
:103BF000C1E664440238D3E66444023834E7023E46
:103C00006244E6E702386144C8E7023B3E447BE792
:103C100002383E445BE700BF704700BF70B58607BF
:103C200047D0541E002A3ED0CAB2034601E0013CF0
:103C300039D303F8012B9D07F9D1032C2CD9CDB230
:103C40000F2C05EB052505EB054535D9A4F1100C26
:103C500003F1100E1A462CF00F064FEA1C1CB64456
:103C6000C2E90055C2E9025510327245F8D10CF193
:103C7000010214F00C0F04F00F0C03EB021213D02E
:103C8000ACF1040323F003030433134442F8045B50
:103C90009342FBD10CF003042CB1C9B21C4403F8CD
:103CA000011BA342FBD170BD64461346002CF4D126
:103CB000F9E703461446C0E71A46A446E0E700BF0A
:103CC000032A30B415D941EA000484460B46A40700
:103CD00004D0541E0FE0043A032A08D9194660465E
:103CE00053F8044B5CF8045BA542F4D0F1E760465E
:103CF0001946541E7AB1431E0139021901E09A4255
:103D000009D013F8010F11F801CF6045F7D0A0EBEF
:103D10000C0030BC7047002030BC7047844641EA3C
:103D2000000313F0030349D1403A23D30B68036027
:103D30004B6843608B688360CB68C3600B69036129
:103D40004B6943618B698361CB69C3610B6A036211
:103D50004B6A43628B6A8362CB6AC3620B6B0363F9
:103D60004B6B43638B6B8363CB6BC36340304031DE
:103D7000403ADBD230320BD30B6803604B684360B0
:103D80008B688360CB68C36010301031103AF3D277
:103D90000C3205D351F8043B40F8043B043AF9D205
:103DA000043208D0D2071CBF11F8013B00F8013BD8
:103DB00001D30B8803806046704700BF082A13D3E5
:103DC0008B07B1D010F00303AED0C3F10403D21AB5
:103DD000DB071CBF11F8013B00F8013BA4D331F80D
:103DE000023B20F8023B9FE7043AD9D3013A11F88D
:103DF000013B00F8013BF9D20B7803704B7843701C
:103E00008B78837060467047002301461A46184637
:103E100000F042B820F0030110F00300C0F10000F0
:103E200051F8043B00F1040C4FEACC0C6FF0000297
:103E30001CBF22FA0CF213434FF0010C4CEA0C2C7D
:103E40004CEA0C4CA3EB0C0222EA030212EACC125D
:103E500004BF51F8043B0430F4D0C2F1000102EA7F
:103E60000102B2FA82F2C2F11F0200EBD2007047E7
:103E700038B5074D074C2C1BA41005D0013C55F854
:103E8000043D9847002CF9D1BDE8384000F040B817
:103E9000906C0120906C012070B4164D2C681CB3FE
:103EA00065681F2D23DC38B96B1C00200235636068
:103EB00044F8251070BC704704EB850C0228CCF840
:103EC00088204FF00102D4F8886102FA05F246EA30
:103ED0000206C4F88861CCF80831E5D1D4F88C31F9
:103EE0001343C4F88C31DFE7034C2C60D8E74FF064
:103EF000FF30DFE7546E0120C46C0120024B13B188
:103F00000248FFF781BF7047000000009D3D01207F
:043F1000F8B500BF41
:103F14004FF0000C08E0C36813F0020FFBD011F857
:103F24000C3083600CF1010C9445F4D3704700E02D
:103F34008368C36813F0040FFAD1C36813F0100F39
:103F4400FBD100E08368C36813F0040FFAD10123A6
:103F54000362704700B503460068EFF3108272B63F
:103F6400D0E8CFEF5FF0010CBEF1000FF8D1C0E84C
:103F74004ECFBEF1000FF3D1BFF35F8F93F904006E
:103F840000280ADB81B10860002019680023C1E819
:103F94008F3F82F310885DF804FB4FF0504191F994
:103FA400001019710120F0E70020EEE7F8B51E4675
:103FB4000368002B27D0044615464FF0504393F96D
:103FC40000702168EFF3108C72B6D1E8CF2F012373
:103FD400002AFAD1C1E8423F002AF6D1BFF35F8F2D
:103FE40094F904E0BEF1000F13DB22680023C2E859
:103FF4008F3F8CF3108828463146FBF7CBFB002813
:10400400DFD000200DE0074B074AA6210748FCF744
:10401400FDFE277122680023C2E88F3F8CF31088CD
:104024000120F8BDBC530120506701207C530120BE
:1040340070B582B0064615461C4601A9FFF78AFFF3
:1040440038B99DF904204FF0504393F900309A4257
:1040540001D102B070BD2A4623463046FFF7A6FFC1
:10406400F7E738B504460D46FBF776FCEB0E4FEA4E
:10407400451CBCEB050C63F100039B0043EA9C73F5
:104084004FEA8C0C1CEB050C43F10003DB0043EA04
:104094005C734FEACC0C10EB0C0243EB0103002BD6
:1040A40003DB2046FFF782FF38BD4FF0FF326FF08D
:1040B4000043F6E708B50268EFF3108372B6D2E85E
:1040C400CFCF0121BCF1000FF9D1C2E84C1FBCF1E4
:1040D400000FF4D1BFF35F8F90F90420002A09DBAD
:1040E400FF22027101680022C1E88F2F83F3108838
:1040F40040BF08BD024B034AD5210348FCF786FEA6
:10410400D0530120446701207C53012000B584462C
:1041140010464FF0000E0AE0DCF80C3013F0020FEA
:10412400FAD011F80E30CCF808300EF1010E8645A5
:10413400F2D301E0DCF80830DCF80C3013F0040FA3
:10414400F8D1DCF80C3013F0100FFAD101E0DCF8F0
:104154000830DCF80C3013F0040FF8D10123CCF84C
:1041640020305DF804FB70B4844618461D461C4696
:104174000BE06DB94CB1DCF80C6016F0040F04D000
:10418400DCF8086002F8016B013C002CF1D165B148
:10419400DCF80C6016F0020FECD005F10806A6421C
:1041A400E8D9CCF80810013DE4E770BC7047000082
:1041B40008B5002308E00A4A0133002142F833100D
:1041C40002EBC3025160DBB20E2BF4D94FF47072D0
:1041D40000210448FFF720FD034B044A1A6008BD80
:1041E4000000105098B401208CC4012080011050AC
:1041F4002DE9F04385B01F4B9E6D0024012504E09A
:1042040026EA05066D000134E4B286B31F2C2ED8CD
:104214002E42F7D0184B9D654FEA540984F00107EC
:1042240007F0010704F0FE033B44144A02EB431871
:10423400404600F02FFA0028E2D007EB49070F4B65
:1042440003EB47139978DA8A00238DF804300720AA
:104254008DF805008DF8081003928DF809300121BE
:1042640001A800F035FA404600F0AFF9C8E705B000
:10427400BDE8F083000011500030115058B4012003
:104284002DE9F04385B0724BD3F8985015F40037FC
:1042940047D0704B9A6A704B1A60002427460AE094
:1042A4006E4B03EB8413002283F83C2000F0BAF930
:1042B40037460134E4B20F2C19D8A20102F12000D0
:1042C400664B1844134493F83B30022BF1D1634BF3
:1042D40003EB841393F83A60002EEAD05F4B03EBB0
:1042E400841393F83C30002BDAD13746E1E73FB929
:1042F4005B4B1B7823B95B4B4FF40032C3F890201F
:10430400534B9B6CC3F30A0300228DF80420032251
:104314008DF805200293012101A800F0D9F94FF48A
:10432400003715F0100F06D115F4803F45D047F43F
:10433400803700241FE047F01007FFF759FFF3E729
:104344000226494B1E66424B5B6E36EA0303FAD1E2
:104354004FF440520021404600F03EF9404600F040
:1043640034F9404B5E661E663C4B03EB4913012255
:10437400DA701444E4B2012C0BD8A146374B03EB9A
:10438400441898F81A30002BEED0002CD8D001260F
:10439400D7E700238DF8043006238DF80530334B1E
:1043A40093E8030004AB03E90300012101A800F032
:1043B4008FF92C4B4FF400321A6515F4805F0AD143
:1043C40015F4804F1DD115F4004F2BD1AF423AD1D3
:1043D40005B0BDE8F08347F4805700241C4B1C60F3
:1043E400FFF7E6FE8DF8044001218DF805108DF8E5
:1043F400084001A800F06CF91A4B4FF400221A652A
:10440400DEE747F4804700238DF8043004238DF859
:10441400053001210DEB030000F05AF9114B102275
:104424001A65D0E747F4004700238DF804300523CC
:104434008DF80530012101A800F04AF9094B4FF429
:1044440000621A65C2E787EA05010948F5F74AFCE4
:104454000000115000000B40E4AD012058B40120CD
:104464008DBC062000301150002011500000105067
:10447400C4570120F8B504460F46838A068B9E4232
:1044840028BF1E469B1B838246F48062C3787BB19F
:104494004FF40055154383F00103E37063784BB187
:1044A400A38A0BB945F4804507B12D042846F8BD0D
:1044B4000025EFE7E0683246216900EB8710FDF73D
:1044C4006FFA23693344236145F40045E8E70000AB
:1044D400094B1B6C13F0020F0BD18378DB0901D15C
:1044E40000207047C37E022B01D0002070470120BA
:1044F40070470020704700BF0000115008B5FFF757
:10450400E7FF40B1054B9B6A054A12689B1AA3F565
:104514004873C62B00D808BD0020FCE700000B4000
:10452400E4AD012038B5044683681B68084601B130
:104534001B0CC3F30905627892B913F4004F09D137
:10454400E38A2B44E382238BAB4201D90023A38269
:10455400284638BD0E4B0F4AE8210F48FCF756FC9D
:1045640013F4004F0DD0E1682A4601EB8011206955
:10457400FDF716FAE38A2B44E38223692B44236173
:10458400E1E7064B034AEE210348FCF73FFC00BF7A
:10459400E45701205868012004580120585801208C
:1045A40010B5044683681B680021FFF7BBFF6368EE
:1045B4001B6813F0804F02D0238B834200D010BDC0
:1045C40001212046FFF7AEFFF9E7002383768382BB
:1045D400C38203617047000008B50B4611B18168BE
:1045E40009680B409AB1134312F4806F0FD08268AC
:1045F400116811F4806F0DD123F480611160074AB2
:10460400126C12F0020F02D10C22033AFDD282681E
:10461400136008BD81780248F5F764FB000011506F
:104624007858012070B5044643681D680021FFF7DF
:1046340021FF40F48056164B1B6C13F0020303D188
:10464400A278D20914D0ABB1A37813F07F0F13D1A1
:104654000023A28A02B18BB125F0A04545F0005594
:1046640063681D60324600212046FFF7B5FF70BD28
:104674000123EEE70023ECE70123EAE701212046CA
:10468400FFF7F8FE064325F0005545F0A045E7E79F
:104694000000115038B50446857E2DB1FFF780FF28
:1046A400A38A2BB9284638BD81780848F5F71AFB48
:1046B4002046FFF723FF054618B101232377002581
:1046C400F0E72046FFF7AEFFECE700BF9858012063
:1046D400F0B585B005460E464378023B042B15D849
:1046E400DFE813F0050068003B004600F900854B45
:1046F4001A7822F001021A701A7822F002021A7053
:10470400002159701A7861F382021A707E4B1C687A
:104714006369EFF3108272B6D3E8CF0F012100284A
:10472400FAD1C3E8401F0028F6D1BFF35F8FA2611E
:1047340029462046FFF76AF86169A3690022C1E8A7
:104744008F2F83F31088002800F0CB8032466978DD
:104754002878FDF7B7FA05B0F0BD6A4B1B7813F063
:10476400010FF8D0674A137843F004031370CDE7C0
:10477400644B1B7813F0010FEDD0624A137823F0D9
:1047840004031370C2E7E31A604800EB4313DB69C8
:1047940013B16968287898470134E4B25C4B1B78FC
:1047A400A34209D3A342EED95A4B1B6813EB44131B
:1047B400EDD1F1E70024F1E7524B1B7813F0040F1D
:1047C40036D1504BDB7813F0010FC4D0002701978A
:1047D400029703972B788DF8043003238DF8053066
:1047E4006B680293484B1C686369EFF3108272B6DE
:1047F400D3E8CF0F01210028FAD1C3E8401F0028D5
:10480400F6D1BFF35F8FA26101A92046FEF7FEFF38
:104814006269A369C2E88F7F83F3108800284AD0B5
:1048240032469DF805109DF80400FDF74BFA92E717
:10483400344A137823F00403137000270197029776
:1048440003972B788DF8043005238DF805302E4B13
:104854001C686369EFF3108272B6D3E8CF0F0121AD
:104864000028FAD1C3E8401F0028F6D1BFF35F8FB8
:10487400A26101A92046FEF7C9FF6269A369C2E8E3
:104884008F7F83F3108838B132469DF805109DF868
:104894000400FDF717FA94E740F265121E491F4819
:1048A400FCF79EFB4FF0E023D3F8F03D13F0010F2B
:1048B40087D000BE85E740F2651217491748FCF718
:1048C4008FFB4FF0E023D3F8F03D13F0010F3FF4DA
:1048D40042AF00BE3FE7124A13780133DBB21370D4
:1048E40014E740F265120C490C48FCF779FB4FF0D1
:1048F400E023D3F8F03D13F0010F3FF42CAF00BEDA
:1049040029E700BFC0770120187801202069012021
:104914008CBC0620187201209C680120F8580120E4
:104924008EBC0620496E76616C696420666F6E7475
:10493400206E756D6265722C6D617820697320310B
:1049440035000000757362006465767474793A20EA
:1049540025732061732064656661756C74207474BA
:10496400790A00006C636400756E737570706F7201
:104974007465642041524D2072656C6F6361746983
:104984006F6E2025640A0000464C414752414E5444
:104994002053595354454D204552524F52212045DE
:1049A4005843455054494F4E2025640A00000000E6
:1049B4002072303D25702072313D257020207232E6
:1049C4003D2570202072333D25700A002072343D4D
:1049D40025702072353D2570202072363D257020CB
:1049E4002072373D25700A002072383D25702072F0
:1049F400393D2570207231303D2570207231313DB2
:104A040025700A007231323D25702073703D257087
:104A140020206C723D2570202070633D257020702D
:104A240073723D25700A000053434220434653529B
:104A34003D00000020484653523D000020444653A8
:104A4400523D0000204D4D4641523D00204246411A
:104A5400523D000020414653523D000050524F4702
:104A6400424153453D25702050524F474C4F4144DD
:104A74003D25702050524F47544F503D25700A0039
:104A840055444154413D2570204B535441434B3DC3
:104A940025702D25700A000075736572206D6F6492
:104AA400652072656C61746976653A206C723D2587
:104AB400702070633D2570206973703D25702062FD
:104AC400726B3D25700A0000666174616C20657824
:104AD40063657074696F6E006261642070746162F2
:104AE400000000007761726E696E673A206F75741A
:104AF400206F66206D656D6F72790A006D6973733E
:104B0400696E6720626C6F636B000000616C726594
:104B140061647920737761707065640025643A205C
:104B24006F7574206F66206D656D6F727920627980
:104B34002025640A0000000052617370626572727D
:104B440079205069000000005069636F2046757A2F
:104B54006978000030303030303030303030303030
:104B640000000000426F617264204344430000006F
:104B7400286E756C6C2900000D0A5049434F2D5363
:104B8400444B2070616E69633A200000626C6B6470
:104B940065763A2066756C6C0A00000068642563CB
:104BA4003A2000003C20000068642563256420004E
:104BB4003E20000053442064726976652025643ADF
:104BC400200000006E6F206361726420666F756E52
:104BD400640A000073643A2074696D656F75740A21
:104BE4000000000073643A206661696C65642C20DF
:104BF4007265747279696E672E0A0000303132333F
:104C040034353637383941424344454600000000C4
:104C140077616E74206275737920626C6F636B00C8
:104C2400696E76616C69642064657600626472659D
:104C34006164000062647772697465006E6F206657
:104C44007265652062756666657273006364726579
:104C5400616400006364777269746500645F636C07
:104C64006F736500676574646576206261642064AF
:104C740065760000695F616C6C6F633A20636F72E4
:104C840072757074207375706572626C6F636B0AF1
:104C940000000000695F667265653A206261642005
:104CA400696E6F00695F6F70656E0000695F6F7099
:104CB400656E3A2062616420696E6F6465206E756A
:104CC4006D6265720A000000695F6F70656E3A205C
:104CD400626164206469736B20696E6F64650A00A5
:104CE40066696C6573797374656D20636F72727530
:104CF40070742E0A0000000076616C6964626C6B4B
:104D04003A206E6F74206D6F756E746564000000D8
:104D140076616C6964626C6B3A20696E76616C6969
:104D24006420626C6B000000626C6B5F616C6C6F82
:104D3400633A20636F72727570740A0066702D3E58
:104D4400735F6D6F756E7465643D307825782C20C3
:104D540066702D3E735F6973697A653D3078257896
:104D64002C2066702D3E735F6673697A653D3078DA
:104D740025780A007761726E696E673A206D6F75E7
:104D84006E74696E672064697274792066696C65F3
:104D94002073797374656D2C20666F7263696E6716
:104DA40020722F6F2E0A0000636F72727570742068
:104DB400696E6F6465000000696E6F6465206672D9
:104DC4006565642E00000000676574696E6F646534
:104DD4003A206261642064657363207461626C6567
:104DE40000000000676574696E6F64653A20626153
:104DF40064204F46540000005F756E6C696E6B3A18
:104E040020626164206E6C696E6B0A000D0A706129
:104E14006E69633A2000000067657470726F633ACC
:104E24002065787472612072756E6E696E67000019
:104E340067657470726F633A2063616E27742065CE
:104E440069000000646561642074696D6572000026
:104E54006B696C6C656420696E697400646F657855
:104E6400697420776F6E2774206578697400000078
:104E740070736C6565703A20766F6F646F6F0000B5
:104E84005374617274696E67202F696E69740A00C5
:104E94006E6F202F696E6974000000002F696E69BF
:104EA400740000006E6F20747479000046555A49EE
:104EB400582076657273696F6E2025730A436F708C
:104EC4007972696768742028632920313938382D4C
:104ED4003230303220627920482E462E426F776578
:104EE400722C20442E427261756E2C20532E4E6912
:104EF400747363686B652C20482E506572617A6107
:104F04000A436F70797269676874202863292031B5
:104F14003939372D32303031206279204172636162
:104F2400647920536368656B6F6368696B68696E45
:104F34002C2041647269616E6F20432E20522E2012
:104F440064612043756E68610A436F7079726967A2
:104F540068742028632920323031332D32303135C2
:104F64002057696C6C20536F776572627574747323
:104F7400203C77696C6C40736F77657262757474EA
:104F8400732E636F6D3E0A436F707972696768743C
:104F94002028632920323031342D323032352041FB
:104FA4006C616E20436F78203C616C616E40657467
:104FB40063686564706978656C732E636F2E756BB6
:104FC4003E0A446576626F6F740A000025644B697B
:104FD4004220746F74616C2052414D2C2025644B27
:104FE400694220617661696C61626C6520746F202E
:104FF40070726F6365737365732028256420707203
:105004006F636573736573206D6178290A0000000E
:10501400456E61626C696E6720696E746572727543
:10502400707473202E2E2E20000000006F6B2E0A49
:10503400000000006E6F20726F6F74004D6F756E0C
:1050440074696E6720726F6F742066732028726FA4
:105054006F745F6465763D25642C20722563293A5C
:10506400200000006661696C65640A004F4B0A0009
:1050740073777072640000007377707772000000B9
:105084005741524E494E473A2072656E616D653AFA
:1050940020756E6C696E6B206661696C0A00000095
:1050A4002E0000002E2E00005F6D6B6469723A20A2
:1050B400626164207265630A000000005F726D64BF
:1050C40069723A20626164206E6C696E6B0A00003A
:1050D40048616C7465642E0A0000000062616420FB
:1050E40074696D6572206475726174696F6E2030C5
:1050F4007825780A0000000062616420756E686F8C
:105104006F6B2028696E20757365290A0000000002
:105114006E65746261642025640A000070707030EA
:105124000000000068775F69735F636C61696D6597
:105134006428626974732C206269745F696E6465A3
:10514400782900002F686F6D652F74696B686F6E26
:105154002F7069636F2F7069636F2D73646B2F7386
:1051640072632F636F6D6D6F6E2F68617264776108
:1051740072655F636C61696D2F636C61696D2E6329
:10518400000000004E6F207370696E6C6F636B7368
:105194002061726520617661696C61626C650000F2
:1051A4006C6F636B5F6E756D203C204E554D5F5385
:1051B40050494E5F4C4F434B530000002F686F6DB6
:1051C400652F74696B686F6E2F7069636F2F7069D8
:1051D400636F2D73646B2F7372632F7270325F630E
:1051E4006F6D6D6F6E2F68617264776172655F7346
:1051F400796E635F7370696E5F6C6F636B2F737925
:105204006E635F7370696E5F6C6F636B2E63000017
:1052140030783163203D3D20282A696E7374293E1D
:105224003E313175000000002F686F6D652F746981
:105234006B686F6E2F7069636F2F7069636F2D7366
:10524400646B2F7372632F7270325F636F6D6D6F57
:105254006E2F68617264776172655F6972712F691C
:1052640072712E630000000064656C7461203E3D21
:10527400202D323034382026262064656C74612059
:105284003C3D203230343620262620212864656CAB
:105294007461202620312900212864656C74612002
:1052A4003E3E20313175290063757272656E74203B
:1052B4003D3D205F5F756E68616E646C65645F750B
:1052C4007365725F697271207C7C2063757272658C
:1052D4006E74203D3D2068616E646C657200000050
:1052E4006972715F68616E646C65725F636861693D
:1052F4006E5F667265655F736C6F745F6865616429
:10530400203E3D2030000000767461626C655F6869
:10531400616E646C6572203D3D205F5F756E6861EF
:105324006E646C65645F757365725F6972710000A9
:10533400212828282875696E747074725F74297224
:10534400656D6F76655F7468756D625F62697428F8
:10535400767461626C655F68616E646C657229293C
:10536400202D20282875696E747074725F74296901
:1053740072715F68616E646C65725F636861696EA7
:105384005F736C6F7473292920252073697A656FA4
:105394006628737472756374206972715F68616ED4
:1053A400646C65725F636861696E5F736C6F7429A6
:1053B4002900000021657863657074696F6E207C34
:1053C4007C20657863657074696F6E203D3D206E46
:1053D400756D202B20565441424C455F464952532B
:1053E400545F49525100000066616C73650000000F
:1053F40069735F7368617265645F6972715F72611A
:10540400775F68616E646C657228736C6F745F6833
:10541400616E646C65722900657863657074696F88
:105424006E000000666F756E6400000031203D3D23
:10543400202875696E747074725F74296C2D3E73C4
:1054440070696E5F6C6F636B000000002F686F6D96
:10545400652F74696B686F6E2F7069636F2F706945
:10546400636F2D73646B2F7372632F636F6D6D6F36
:105474006E2F7069636F5F73796E632F6D757465DA
:10548400782E6300746F74616C0000006D74782D65
:105494003E636F72652E7370696E5F6C6F636B0031
:1054A4006C6F636B5F69735F6F776E65725F69645E
:1054B4005F76616C6964286D74782D3E6F776E65D4
:1054C400722900006D74782D3E656E7465725F6399
:1054D4006F756E7400000000417474656D707465BE
:1054E4006420746F20736C65657020696E736964E1
:1054F40065206F6620616E20657863657074696FDE
:105504006E2068616E646C65723B20757365206201
:105514007573795F7761697420696620796F752086
:105524006D75737400000000486172647761726580
:1055340020616C61726D20256420616C7265616408
:105544007920636C61696D656400000074696D6540
:10555400722D3E696E74732026203175203C3C20E8
:10556400616C61726D5F6E756D0000002F686F6D08
:10557400652F74696B686F6E2F7069636F2F706924
:10558400636F2D73646B2F7372632F7270325F635A
:105594006F6D6D6F6E2F68617264776172655F7491
:1055A400696D65722F74696D65722E630000000069
:1055B40076636F5F66726571203E3D205049434FAC
:1055C4005F504C4C5F56434F5F4D494E5F465245CA
:1055D400515F485A2026262076636F5F6672657194
:1055E400203C3D205049434F5F504C4C5F56434F45
:1055F4005F4D41585F465245515F485A00000000D4
:105604002F686F6D652F74696B686F6E2F70696397
:105614006F2F7069636F2D73646B2F7372632F72B6
:1056240070325F636F6D6D6F6E2F68617264776146
:1056340072655F706C6C2F706C6C2E6300000000E0
:105644006662646976203E3D203136202626206637
:1056540062646976203C3D203332300028706F73D9
:10566400745F64697631203E3D2031202626207007
:105674006F73745F64697631203C3D20372920269E
:10568400262028706F73745F64697632203E3D2053
:105694003120262620706F73745F64697632203C53
:1056A4003D203729000000007265665F66726571EF
:1056B400203C3D202876636F5F66726571202F2041
:1056C400313629002C2066756E6374696F6E3A203A
:1056D40000000000617373657274696F6E20222587
:1056E4007322206661696C65643A2066696C652082
:1056F400222573222C206C696E6520256425732570
:10570400730A00006D757465785F69735F696E690B
:105714007469616C697A656428266C6F636B6F7554
:10572400745F6D7574657829000000002F686F6DD3
:10573400652F74696B686F6E2F7069636F2F706962
:10574400636F2D73646B2F7372632F7270325F6398
:105754006F6D6D6F6E2F7069636F5F6D756C7469BB
:10576400636F72652F6D756C7469636F72652E63F8
:105774000000000076616C7565203D3D203000001E
:105784002128737461636B5F73697A655F627974EE
:105794006573202620337529000000007364615F5F
:1057A40074785F686F6C645F636F756E74203C3DE2
:1057B400206C636E74202D20320000002F686F6D02
:1057C400652F74696B686F6E2F7069636F2F7069D2
:1057D400636F2D73646B2F7372632F7270325F6308
:1057E4006F6D6D6F6E2F68617264776172655F694A
:1057F40032632F6932632E63000000006E65787493
:105804005F6275666665725F707472203C207573A2
:10581400625F647072616D2D3E6570785F6461745F
:1058240061202B2073697A656F66287573625F64E3
:105834007072616D2D3E6570785F646174612900DA
:105844002F686F6D652F74696B686F6E2F70696355
:105854006F2F7069636F2D73646B2F6C69622F7483
:10586400696E797573622F7372632F706F727461CE
:10587400626C652F72617370626572727970692FE0
:105884007270323034302F6463645F72703230343B
:10589400302E6300556E68616E646C6564204952F5
:1058A4005120307825780A007268706F7274203D38
:1058B4003D20300021286275665F6374726C202677
:1058C400205553425F4255465F4354524C5F465500
:1058D4004C4C29002F686F6D652F74696B686F6E6F
:1058E4002F7069636F2F7069636F2D73646B2F6CF6
:1058F40069622F74696E797573622F7372632F7086
:105904006F727461626C652F72617370626572721A
:105914007970692F7270323034302F7270323034B3
:10592400305F7573622E63006275665F6374726CB8
:105934002026205553425F4255465F4354524C5FE4
:1059440046554C4C0000000065702025303258202C
:1059540077617320616C7265616479206176616935
:105964006C61626C6500000043616E277420636F94
:105974006E74696E75652078666572206F6E206935
:105984006E61637469766520657020253032580035
:105994005741524E3A207374617274696E67206E77
:1059A4006577207472616E73666572206F6E206114
:1059B4006C726561647920616374697665206570D1
:1059C40020253032580D0A0025732025643A2041E1
:1059D4005353455254204641494C45440D0A000056
:1059E400080C20E00000000000000000000000009F
:1059F40000101010101010001010000000242424B7
:105A040024000000000000000024247E2424247EBE
:105A14002424000000103C52503C12523C10000060
:105A2400000062620408102046460000000038446A
:105A340044384A444C3A00000008080808000000B2
:105A440000000000000C10202020202020100C005A
:105A5400003008040404040404083000004224183C
:105A64007E1824420000000000000010107C10107A
:105A740000000000000000000000001818081000DA
:105A840000000000007E0000000000000000000094
:105A9400000000001818000000020204040810208E
:105AA40020404000003C464E4A5A5272623C00007C
:105AB4000010305010101010107C0000003C420206
:105AC40002040810207E0000003C4202021C020274
:105AD400423C000000044444447E040404040000E6
:105AE400007E40407C020202423C0000001820403C
:105AF400407C4242423C0000007E42020204081004
:105B040010100000003C4242423C4242423C000031
:105B1400003C4242423E02040830000000000018EB
:105B240018000018180000000000001818000018E1
:105B34001808100000040810204020100804000079
:105B4400000000007E007E0000000000002010081D
:105B54000402040810200000003C42020608101051
:105B640000101000003C42425E565C40403C000085
:105B74000018244242427E4242420000007C4242DB
:105B8400427C4242427C0000003C42404040404053
:105B9400423C0000007844424242424244780000C1
:105BA400007E404040784040407E0000007E4040FF
:105BB4004078404040400000003C424040404E425B
:105BC400423E000000424242427E424242420000C3
:105BD400007C101010101010107C00000002020253
:105BE40002020242423C00000042444850605048D5
:105BF400444200000040404040404040407E00009D
:105C0400004266665A4242424242000000426262D8
:105C1400525A4A4646420000003C424242424242F4
:105C2400423C0000007C4242427C40404040000034
:105C3400003C42424242424A443A0000007C424212
:105C4400427C484442420000003C42406018040246
:105C5400423C0000007E10101010101010100000C4
:105C64000042424242424242423C0000004242421E
:105C740042424224241800000042424242425A2432
:105C84002424000000424224241824244242000018
:105C9400004444444438101010100000007E0202F6
:105CA40004182040407E0000003C202020202020BA
:105CB400203C0000004040202010080404020200A0
:105CC400003C040404040404043C000000102844C0
:105CD40000000000000000000000000000000000C0
:105CE40000007F00001824241800000000000000B9
:105CF400000000003C023E42423E000000404040A2
:105D04007C424242427C0000000000003C40404093
:105D1400403C0000000202023E424242423E000079
:105D2400000000003C42427C403C000000001C207B
:105D3400207C202020200000000000003C42424241
:105D44003E023C00004040407C424242424200004D
:105D540000001000101010101010000000000400CB
:105D64000404040404443800004040404448705093
:105D740048440000001010101010101010180000FB
:105D840000000000744A4A42424200000000000041
:105D94007844444444440000000000003C42424231
:105DA400423C0000000000007C4242427C40400033
:105DB400000000003C424242423C06000000000059
:105DC4003C42424040400000000000001E201C02F3
:105DD400023C0000000000107C10101010080000AD
:105DE4000000000042424242423C00000000000029
:105DF4004242424224180000000000004242425A3B
:105E0400242400000000000042241818244200004A
:105E1400000000004242423E02423C0000000000FA
:105E24007E040810207E0000001C2010106010105A
:105E3400201C0000001010101000101010100000A2
:105E440000380408080608080438000000225A44F0
:105E5400000000000000000000000000182442427E
:105E64007E00000000FF8181818181818181FF00AA
:105E740000FF81818585A9918181FF0000FF81A5B3
:105E8400A59999A5A581FF0000FF81818199998138
:105E94008181FF0000FF8181818181BD8181FF00BB
:105EA40000FF8199999999819981FF0000FF819957
:105EB400A58989818981FF00003E7F7F6B7F6B7795
:105EC4007F3E0000003E634155415549633E00005A
:105ED4000000081C3E7F7F3E1C08000000000018E4
:105EE40018666618183C0000000000183C7E7E18F6
:105EF400183C00000000363E7F7F7F3E1C080000F7
:105F0400FFFFC38199BDBD9981C3FFFF000000005D
:105F1400183C3C1800000000001F191F18181838FE
:105F24007830000000183C7E1818187E3C180000D9
:105F34000000002466FFFF662400000000183C7E79
:105F44001818181818180000001818181818187EAF
:105F54003C180000000000080CFEFE0C08000000C5
:105F640000000010307F7F30100000000000082A7D
:105F740049494941413E00001C22415D492A1C0017
:105F84001C001C001818003C3C3C18181818000091
:105F9400F88CBE8FE385F5F5F3FF0000001824426A
:105FA40042427E7E2424242400183C7E7E7E7E7E13
:105FB40024242424002064E2E9E5E9E264200000CA
:105FC400003F4B4B4B3B0B0B0B0B0000007E44483C
:105FD4006E24285060400000000021361E3CFE1B49
:105FE40010100000003C4281A5A5A581423C0000A0
:105FF400003C4291999D9991423C0000003C4281B1
:10600400BDBDBD81423C00000000384444443C0610
:1060140003010000000C10207C20207C20100C00C8
:1060240000001A2642814242427E000000003C24C5
:10603400FF424242427E00000018664281C3C342CE
:10604400000000000000FF81818181FF183C0000F6
:1060540000183C3C3C3C18001818000028564183AA
:10606400FE0C10102000000000304848484A32025C
:10607400020202001824665A6618381838183800C4
:1060840000FF00FF00FF00FF00FF00FF55555555BE
:106094005555555555555555CCCC3333CCCC333358
:1060A400CCCC3333249249249249249249249249F2
:1060B40055AA55AA55AA55AA55AA55AA6DDBB66D77
:1060C400DBB66DDBB66DDBB618181818181818187F
:1060D400181818181818181818F81818181818185C
:1060E40018181818F81818F8181818186666666634
:1060F40066E66666666666660000000000FE666622
:106104006666666600000000F81818F81818181873
:1061140066666666E60606E66666666666666666DB
:10612400666666666666666600000000FE0606E64B
:106134006666666666666666E60606FE000000003B
:106144006666666666FE00000000000018181818EF
:10615400F81818F8000000000000000000F81818F3
:106164001818181818181818181F00000000000034
:106174001818181818FF00000000000000000000A4
:1061840000FF18181818181818181818181F1818B5
:10619400181818180000000000FF0000000000009C
:1061A4001818181818FF1818181818181818181884
:1061B4001F18181F181818186666666666676666DC
:1061C40066666666666666666760607F00000000F5
:1061D400000000007F6060676666666666666666E5
:1061E400E70000FF0000000000000000FF0000E7DF
:1061F4006666666666666666676060676666666645
:1062040000000000FF0000FF0000000066666666F4
:10621400E70000E76666666618181818FF0000FFB6
:10622400000000006666666666FF0000000000006D
:1062340000000000FF0000FF1818181800000000FC
:1062440000FF66666666666666666666667F00006A
:1062540000000000181818181F18181F000000006C
:10626400000000001F18181F18181818000000005C
:10627400007F6666666666666666666666E7666686
:106284006666666618181818FF0000FF18181818B4
:106294001818181818F8000000000000000000008A
:1062A400001F181818181818FFFFFFFFFFFFFFFF43
:1062B400FFFFFFFF000000000000FFFFFFFFFFFFE4
:1062C400F0F0F0F0F0F0F0F0F0F0F0F00F0F0F0F4E
:1062D4000F0F0F0F0F0F0F0FFFFFFFFFFFFF000048
:1062E40000000000000000003A444444443A000026
:1062F40000384444584444447840400000007E42FE
:106304004040404040404000000000007C282828D5
:1063140028680000007E422010081020427E000001
:10632400000000003E4844444438000000000024BB
:106334002424243C424080000000000044A81010A3
:106344001010000000007C003844444438007C00F5
:106354000000182442427E42422418000000003803
:106364004444446C286C00000000001C2038444461
:106374004438000000000000006C92926C000000A1
:1063840000000000026C9AB26C80000000182040EB
:106394004078404020180000000000003844444485
:1063A4004444000000003C00003C00003C000000AD
:1063B400000010107C1010007C0000000020100869
:1063C40004081020007E00000004081020100804B7
:1063D400007E0000404142444810264902040F0058
:1063E400404142444812264A0F0202000000181895
:1063F400007E001818000000000022524C002252B7
:106404004C00000000201008000000000000000004
:10641400000000001C1C0000000000000000000040
:10642400001800000000000000000E0808080848DA
:1064340028180800003C121212120000000000008C
:1064440000182408103C0000000000000000003C7C
:106454003C3C3C3C3C0000000000105428C628543E
:106464001000000050C50120D4C5012058C60120E9
:10647400DCC6012060C70120E4C7012068C80120F0
:10648400ECC8012070C90120F4C9012078CA012098
:10649400FCCA012080CB012004CC012088CC01203F
:1064A4000CCD012000000000320000004B00000071
:1064B4006E00000086000000960000002C01000021
:1064C40058020000B004000060090000C01200007F
:1064D40080250000004B00000096000000E1000051
:1064E40000C2010000000000684A0120784A01202F
:1064F400844A0120944A012009021101090100A0E3
:106504007D080B00020202000009040000010202DF
:1065140000040524002001052401000104240206CE
:106524000524060001070581030800100904010081
:10653400020A00000007050202400000070582026B
:10654400400000080B0202020200000904020001DC
:106554000202000405240020010524010003042490
:106564000206052406020307058303080010090434
:106574000300020A000000070504024000000705AA
:106584008402400000080B04020202000009040413
:106594000001020200040524002001052401000575
:1065A40004240206052406040507058503080010D3
:1065B40009040500020A0000000705060240000065
:1065C40007058602400000080B06020202000009CB
:1065D4000406000102020004052400200105240130
:1065E4000007042402060524060607070587030896
:1065F400001009040700020A000000070508024011
:10660400000007058802400000000000120100029B
:10661400EF0201408A2E0A0000010102030100007A
:106624001F1C1F1E1F1E1F1F1E1F1E1F7F00FF007B
:10663400FF01000091C8002029B60020B5AF00205A
:10664400A9BE002035B30020D1B80020DDB0002061
:1066540035B100207DB1002089AC0020B1B200200A
:1066640069AD0020F5B3002081B40020CDB4002032
:10667400B5AD0020E5AD002009AE002039C50020ED
:1066840045C5002055C50020E9AE0020E1B5002035
:1066940031A7002041B1002085C50020D5C50020C8
:1066A40025C6002071C6002001AF0020EDC60020E1
:1066B40025C70020ADC8002061C2002059C30020B6
:1066C40081C900205DAE00202DC9002075CB0020BB
:1066D400B1CA0020C9AF00206DC50020B9C6002092
:1066E40019B5002061C5002079C5002005B300203C
:1066F400D5B90020D5B20020ADB40020F9B40020F3
:1067040019C0002039C100208DCB0020CDBA002053
:1067140065C70020C5C30020D9C30020E9C40020F8
:106724003DCA00202DBB0020A1CB0020B1CB00200E
:10673400CDB50020099800201D98002085E6002092
:1067440075BC002003000500BB08770004000803A3
:10675400151C11131A19160F80406060D05064582C
:106764004050000068775F636C61696D5F636C65BE
:10677400617200007370696E5F6C6F636B5F696E4A
:10678400697400006972715F6164645F7461696C4B
:106794005F746F5F667265655F6C69737400000097
:1067A400696E736572745F626C5F3332000000005F
:1067B4006972715F72656D6F76655F68616E646C36
:1067C400657200006D616B655F6A5F3136000000C1
:1067D4007265736F6C76655F6A5F31360000000026
:1067E4006972715F6164645F7368617265645F6834
:1067F400616E646C657200006972715F7365745FC9
:106804006578636C75736976655F68616E646C65E1
:10681400720000006D757465785F657869740000B6
:106824006D757465785F656E7465725F626C6F63B5
:106834006B5F756E74696C0072756E74696D655FFB
:10684400696E69745F6D75746578000000000000FE
:10685400FFFFFFFFFFFFFF7F74696D65725F686173
:106864007264776172655F616C61726D5F73657488
:106874005F74617267657400706C6C5F696E6974D3
:10688400000000000D0A00006D756C7469636F727E
:10689400655F6C61756E63685F636F7265315F77A6
:1068A4006974685F737461636B0000006D756C7468
:1068B40069636F72655F72657365745F636F726538
:1068C400310000006932635F7365745F62617564EF
:1068D40072617465000000006463645F65647074D1
:1068E4005F786665720000006463645F7365745F5B
:1068F40061646472657373006463645F696E745F7A
:10690400656E61626C65000068775F656E64706FC8
:10691400696E745F616C6C6F630000006463645F34
:10692400696E69740000000073796E635F65705F5F
:106934006275666665720000757362645F65647093
:10694400745F786665720000757362645F65647075
:10695400745F6F70656E0000757362645F6F70655D
:106964006E5F656470745F706169720071756575DE
:10697400655F6576656E740070726F636573735FCF
:106984006765745F64657363726970746F72000025
:1069940070726F636573735F7365745F636F6E6644
:1069A4006967000070726F636573735F636F6E7401
:1069B400726F6C5F7265717565737400636F6E6678
:1069C400696775726174696F6E5F7265736574006F
:1069D4007475645F7461736B5F65787400000000A4
:1069E4007475645F7268706F72745F696E69740045
:1069F40000000000D92B0120812C0120C92C01208A
:106A0400412D01205D2E0120852F01200000000072
:106A1400757362645F636F6E74726F6C5F786665C2
:106A2400725F6362000000007475645F636F6E746C
:106A3400726F6C5F78666572000000006364636463
:106A44005F786665725F636200000000636463647C
:106A54005F6F70656E0000007475645F6364635FEC
:106A64006E5F77726974655F666C757368000000A9
:106A740074755F656470745F76616C696461746574
:106A840000000000747573625F7268706F72745FE7
:106A9400696E6974000000004D3C0020916F002075
:106AA4009D3C0020B13C0020C53C00208D6F00209F
:106AB400916F0020956F0020956F0020A96F002032
:106AC400EDCD002021CF00208DCC00209DD30020CF
:106AD400FDCF00208D6F0020916F0020956F002066
:106AE400956F0020A96F00208D6F0020D5780020BD
:106AF400117700200178002075780020A50D002072
:106B0400210E0020956F0020710E0020A96F002037
:106B1400110600202D06002031080020CD0600209B
:106B2400A96F00208D6F0020916F0020956F0020C9
:106B3400956F0020A96F0020B13D0020916F0020C7
:106B44004DEC002061EC0020A96F002075EC0020C2
:106B540089EC00208DEC0020A1EC0020B5EC002095
:106B6400E9D100201DD2002045D20020D9D6002032
:106B7400C9D20020C1D10020CBD10020D5D1002022
:106B84008DD40020DFD10020010000001059012025
:106B940000000000000000000000000000000000F1
:106BA40000000000000000000000000000000000E1
:106BB40000000000000000000000000000000000D1
:106BC4000000000000000000000000008813000026
:106BD400FF00FFFFFF000000F53000201D31002002
:106BE400193100203D31002061310020C1390020DD
:106BF4007D390020FD390020593900207D270020EF
:106C0400D9180020F70F0020F50F0020ED0F002009
:106C14007D270020FFFF0000B0CD0320010C000001
:106C2400FF000000EB000000FB000000FE0000007D
:106C3400B4A50620010100006D61787377617000CE
:106C44003E010A0FC8000000000000000000000020
:106C54000000000000000000000000000000000030
:106C640000000000000000000000302E35004675D2
:106C74007A697800007270697069636F00000000BF
:106C840001030600010211010101010200000000DC
:106C940039001000000000000000010000000000A6
:106CA40000000000000002000000000000000000DE
:106CB4000000030000000000000000000000FF00CE
:106CC4000000000001B5486801318E460047704657
:106CD40009380149884701BDA1F40020008009401A
:106CE4000000000000000940000000001C780120A2
:106CF40010000C0000000000000000000000000074
:106D04000000000000000000FF0000000000000080
:106D1400000000000000000000000000AD010120A0
:106D24002501012051010120490201208D0101208A
:106D3400B9000120D101012085000120DDF50020EA
:106D4400D901012001010120BF01012071010120AD
:106D5400D5EE00205DEF0020293E012081010020B6
:106D6400D3DEFFFFFE010000FF010000C093FEFF21
:046D7400793512ABB0
:0400000510000139AD
:00000001FF
