:020000041000EA
:1000000000200820490100101B010010994C00201D
:100010001101001011010010110100101101001058
:10002000190100101901001019010010B54C002031
:10003000110100101901001021010010230100100E
:100040001101001011010010110100101101001028
:100050001101001011010010110100101101001018
:100060001101001011010010110100101101001008
:1000700011010010110100101101001011010010F8
:1000800011010010110100101101001011010010E8
:1000900011010010110100101101001011010010D8
:1000A00011010010110100101101001011010010C8
:1000B00011010010110100101101001011010010B8
:1000C00011010010110100101101001011010010A8
:1000D0001101001011010010110100101101001098
:1000E0001101001011010010110100101101001088
:1000F0001101001011010010110100101101001078
:100100001101001011010010110100101101001067
:10011000EFF30580103800BE00BE00BE00BE00BE7A
:1001200000BE00BED3DEFFFF42012110FF01000030
:100130007CC20100793512AB4FF000002149086004
:1001400006C881F3088810474FF05040006810B18E
:100150004FF00000F2E70DA40ECC002902D000F011
:1001600012F8F9E71849194A002000E001C191424C
:10017000FCD117498847174988471749884700BE67
:10018000FDE701C901C29A42FBD37047E4010010A8
:1001900010010020F87D0120CC7E0110F87D0120A7
:1001A000CCC20120A0C301100000082000000820DC
:1001B000A0C301100010082000100820000000005B
:1001C0007047000008ED00E0CCC20120502207205B
:0C01D000B9470120254200207D47012096
:0801DC0008740110010000008D
:1001E400F8B500BF0348044B834202D0034B03B16C
:1001F40018477047CCC20120CCC201200000000087
:10020400064B0749C91A891048BF0131491003D068
:10021400044B0BB101481847704700BFCCC2012002
:10022400CCC201200000000010B5064C237843B96D
:10023400FFF7D8FF044B13B10448AFF30080012348
:10024400237010BDF0C2012000000000F87D0120E1
:1002540008B5044B1BB104490448AFF30080BDE862
:100264000840CDE700000000F4C20120F87D012021
:1002740070B5EFF3108672B6124B01221A77124B47
:100284001C685D6841F28833E41845F1000503F009
:10029400D5FE0CF043F922462B46002013F094F9C6
:1002A40028B9084B00221A7786F3108870BD13F022
:1002B40077F841F28832821841F10003002013F0EC
:1002C40083F9EEE7142E0220E8C20120B0F5406F56
:1002D40001D30020704701207047000008B50020BA
:1002E40013F016F813F05CF80A4BC3E900010A494D
:1002F400002013F0D5F8002013F0D0F900F090F8A6
:1003040010F0ECF911F00CFA00F0C8F805F0DAFA84
:1003140008BD00BFE8C20120A101002008B5064BBA
:10032400D968B1F5FA5F01D3002008BD0022034863
:1003340006F0FEFBF8E700BF34D90120B80602201E
:1003440000B583B000238DF807300E4B9B7C7BB146
:100354000C490DF107030A68C9680B4806F012FB43
:100364009DF80700B0FA80F0400903B05DF804FB83
:1003740004490DF107030A68C968034806F0B0FB95
:10038400EEE700BF34D90120B806022000207047F0
:100394007047000000B585B000228DF80F200DF1E4
:1003A4000F0301930D4B00934FF400730C4804F0BA
:1003B4005CF99DF80F3053B9B3F5007F05DA074AAD
:1003C400D25CFF2A05D10133F6E7012002E00020C8
:1003D40000E0002005B05DF804FB00BF7C1307209B
:1003E400A4A4012030B583B015461C4601930A4BE2
:1003F40000934FF400730022084804F036F9237880
:100404003BB92346044A2946044804F01AF903B0C8
:1004140030BD4FF0FF30FAE77C130720A4A401207D
:1004240070B582B005F00AF830B30446134809F0F9
:100434000DFD134D0A23134A1349284606F060FAAA
:1004440000268DF807600DF10701284606F063FACF
:10045400284606F079FA05460C4B42084FF47A61B7
:100464000B4809F0F3FC0B4B63600B4BE360256115
:100474003146204604F0F6FF02B070BDD88B01204F
:10048400B8060220C0200220A4A401200080011488
:10049400E88B0120710200204D02002010B51220CB
:1004A40012F0F8F9132012F0F5F9102012F0F2F915
:1004B400112012F0EFF90121122012F091F901211B
:1004C400132012F08DF90121102012F089F9052171
:1004D400112012F085F911234FF0010242EC44304F
:1004E4000A4C0B49204614F07BFD626802F00202BC
:1004F400084B02215960236883F0070303F0CF03FC
:1005040005490B60054B5A6010BD00BF0000084050
:1005140090D003000030084000100840002008403C
:1005240008B520B10349044814F01AFD08BD034975
:10053400F9E700BF00093D000000084090D0030027
:1005440011234FF0010242EC4030704711234FF069
:10055400000242EC4030704700B583B001900122A4
:1005640001A9034817F094FF03B05DF804FB00BF32
:100574000000084000B583B001230DF10702FF21FC
:10058400034817F0B2FF9DF8070003B05DF804FBC1
:100594000000084008B54FF40073044A1268FF21B4
:1005A400034817F0A2FF002008BD00BF34D9012082
:1005B4000000084008B54FF40072034B1968034863
:1005C40017F066FF002008BD34D901200000084060
:1005D400044B1878044B1B78984214BF0020012068
:1005E400704700BF30220720312207200130C0B2FB
:1005F400102800D070470020FCE7000008B5054B28
:100604001878FFF7F3FF044B1B78834214BF0020D4
:10061400012008BD302207203122072070B505468D
:100624000C46FFF7EBFF60B9074E3078074B03F831
:10063400105003EB40035C70FFF7D8FF30700120CB
:1006440070BD0020FCE700BF30220720F80602201E
:1006540038B50446FFF7BCFF50B9064D2878064B61
:1006640033F810302380FFF7C1FF2870012038BD14
:100674000020FCE731220720F80602200023024A6A
:100684001370024A1370704730220720312207206A
:100694008388C288934204D2981A00F5807080B28D
:1006A4007047981A80B2704708B5FFF7F1FFC0F1A0
:1006B400FF0080B208BD2DE9F0470646894615467D
:1006C4008488C4F58077BFB2B846974228BF904665
:1006D40000F1080A42460AEB040017F0F3FA444416
:1006E400A4B2B4F5807F04D0AF4204D3B480BDE893
:1006F400F0870024F8E7A5EB08052A4609EB080172
:10070400504617F0DFFAACB2F0E72DE9F0470646A1
:1007140088461546C488C4F58077BFB2B946974267
:1007240028BF914600F1080A4A460AEB04014046F4
:1007340017F0C8FA4C44A4B2B4F5807F04D0AF4299
:1007440004D3F480BDE8F0870024F8E7A5EB09059D
:100754002A46514608EB090017F0B4FAACB2F0E7A8
:1007640038B501F00304EFF3108572B674BB384B4F
:100774001B7873B9364B01221A70364B1B689A8862
:10078400354B1A8000230360344A1370FFF776FF59
:100794000AE085F310882F4B10221A7500225A752F
:1007A4004FF0FF3011E00134032C0BD804EB441359
:1007B4002B4A12F83330002BF5D0E1B20120FFF7B9
:1007C4002DFFF0E785F31088002038BD012C35D1CA
:1007D4000021032928D801EB4113214A12F83330B0
:1007E4000BB10131F5E701EB411402EBC4034FF007
:1007F400010C02F834C0174A126892885A80002209
:100804009A80DA8001EB0C030360114B1B7833B937
:1008140014480BF085FC85F310880020D5E7C9B295
:100824006046FFF7FBFEF3E785F31088094B1022BF
:100834001A7500225A754FF0FF30C6E785F3108809
:10084400044B16221A7500225A754FF0FF30BCE78C
:100854003C220720142E02200222072043220720D4
:10086400000F07203D22072008B900207047044BE1
:1008740013221A7500225A754FF0FF30704700BFDB
:10088400142E022038B5224BD3F8C840A3B2EFF39C
:10089400108572B633B3E4B2013CE4B2032C1DD824
:1008A40004EB4412D3001B4AD35CBBB1104604EBE7
:1008B4004413D9000A440023435453809380D380C3
:1008C400154B1B78FBB915480BF02AFC04EB4414B8
:1008D400E000104B184406300BF022FC85F310881E
:1008E400002038BD0C4B1B7813B985F31088F7E74B
:1008F4000023094A13700A4A1380FFF7BFFE074812
:100904000BF00EFCF1E721460220FFF787FEDAE741
:10091400142E0220000F07203C2207203D2207202E
:10092400022207202DE9F04F91B0534BD3F8C86051
:10093400B3B283B19046514B1B78A3B1F6B2013EDA
:10094400F6B2032E17D806EB46134D4A12F833308D
:100954008BB100274BE0484B09221A7500225A75C7
:100964004FF0FF3081E0444B20221A7500225A7563
:100974004FF0FF3079E0404B09221A7500225A7576
:100984004FF0FF3071E03C4B0B221A7500225A7570
:100994004FF0FF3069E0402C28BF4024544528BF65
:1009A4005446A4B222466946334BD3F8C0000FF034
:1009B4003BFC00285CD1EFF3108A72B606EB4613B9
:1009C4002F4A12F83330002B40D02246694628467D
:1009D400FFF771FEB9F1000F42D08AF31088264A5E
:1009E400D2F8C0302344C2F8C0303C44A7B2224BF2
:1009F400D3F8C4309F4237D206EB4612204D05EBA4
:100A0400C2059BB2DB1B9CB2EFF3108B72B6284677
:100A1400FFF74AFE82462846FFF73AFE81468BF3EB
:100A24001088BAF1000FB6D1F7B918F0100FAAD197
:100A340006EB4613124800EBC3004146063008F0AB
:100A440099FF0028D3D04FF0FF300EE08AF31088CE
:100A5400094B09221A7500225A754FF0FF3004E041
:100A640008480BF05DFBB8E7384611B0BDE8F08FDD
:100A74004FF0FF30F9E700BF142E02203C2207207C
:100A8400000F07203D2207206B4BD3F8C830A0B9D4
:100A94002DE9F047A2B090469BB28246ABB9664BB3
:100AA400D3F8C430032B00F29680634B16221A75D8
:100AB40000225A754FF0FF3080E05F4B13221A7505
:100AC40000225A754FF0FF3070475B4B09221A75AC
:100AD40000225A754FF0FF3070E089F310889DF8BA
:100AE40080308DF884309DF881308DF88530002376
:100AF400ADF886300422504BD3F8C01021A80FF073
:100B0400BBFB08B9042059E04FF0FF3056E02746FC
:100B140004EB4413494E06EBC3063046FFF7B8FD19
:100B240060B90135032D4CD8454B1C7854FA85F433
:100B3400E4B2032CEBD9043CE4B2E8E7631CDBB277
:100B44003F4A1370032B02D9134600221A70304611
:100B5400FFF79EFD0546384BD3F8C4801FFA88F88A
:100B6400A8F104081FFA88F83046FFF79DFD824675
:100B7400454528BF4546ADB2A846802D28BF4FF055
:100B84008008424669463046FFF7BFFDBAF1000FC0
:100B940036D089F3108803238DF884308DF885408E
:100BA400ADF886800422244BD3F8C01021A80FF09E
:100BB40063FB00283DD165BB08F1040022B0BDE809
:100BC400F08718F0100F11D189F3108841461D48A1
:100BD40008F0D0FE50BBEFF3108972B620A8FFF7DF
:100BE40037FD00287FF479AF55469BE789F31088D9
:100BF400114B0B221A7500225A754FF0FF30DDE7B6
:100C040007EB47170D4800EBC70006300BF088FAD6
:100C1400BFE7094BD3F8C0104246043168460FF0D1
:100C24002BFB0028C8D04FF0FF30C7E74FF0FF3050
:100C3400C4E74FF0FF30C1E7142E0220000F072055
:100C4400432207203D22072030B40B4C00EB8003E5
:100C54004FEA830C04EB8303002544F80C509D6099
:100C6400DD608D681D614D685D600B68134344F859
:100C74000C3030BC704700BF00800A400022026084
:100C840042608260102242604FF6FF7282607047B9
:100C940000EB80008000094B0344084601B1102199
:100CA4008A4038B10649186842400A4003F5805327
:100CB4001A6070474FF6FF71F5E700BF0C800A40D9
:100CC4000000FFFF10B50446114B1B7863B1114BB4
:100CD4001B7840EA004403EB83039B0003F1804349
:100CE40003F52823DC6010BD02460B4B1978094B31
:100CF4001878FFF7CDFF094B1B78002BF3D0224661
:100D0400074B1978074B1878FFF7C2FFEBE700BFD2
:100D14002B2207202922072024220720262207200D
:100D2400252207202A220720294B1B7803B170476C
:100D340010B588B0274C0123237004211A2011F028
:100D44004FFD254B05221A70244B00221A7023787C
:100D54009BB9234B05221A70224B00221A70224B96
:100D640001221A701B4B1B78A3B11C4B1A781D4B24
:100D74001B789A420CD001220DE004211B2011F0B3
:100D84002FFD174B05221A70164B01221A70E6E745
:100D9400002200E00022154B1A706C462046FFF733
:100DA4006DFF05AB94E8070083E80700FF22079274
:100DB40010220692012219460520FFF745FF8020E4
:100DC400FFF780FF024B01221A7008B010BD00BF6C
:100DD4002722072026220720292207202422072051
:100DE4002A22072025220720282207202B22072039
:100DF40010B50F490F4C0B684A68206864681B18CB
:100E040042EB04020B604A600023012012F0DCFB79
:100E140000B910BD12F0C4FA064B5A6819680244AE
:100E2400034B19605A600023012012F0CDFBF0E758
:100E3400D0C20120D8C2012008B5114B1B78B3B928
:100E4400104B1B78A3B1104B00207D21C3E9000196
:100E540012F0A6FA0D4B00221A6058600C490120CA
:100E640012F01EFB064B01221A70FFF7C1FF08BDEA
:100E7400012012F04DFA034B01221A70E3E700BF80
:100E84002C22072023220720D8C20120D0C201200F
:100E9400C50D002038B5EFF3108572B6224B012240
:100EA4001A77224B1B78002B26D0214B1B889BB230
:100EB400002B2FD01E4B1C88A4B2B4F5006F14BFB6
:100EC400002401241B4A13889BB21B49C85C138865
:100ED4009BB201339BB2138013889BB2B3F5006FAE
:100EE40006D0134A13889BB2013B9BB2138005E0E2
:100EF400134600221A80F4E780200024FFF7E2FE64
:100F04005CB90A4B1B7863B9074B00221A7785F347
:100F1400108838BD80200024F0E708480BF000F961
:100F2400EFE7FFF765FFEFE7142E02202C220720DE
:100F3400EA210720F021072030D101202D220720AB
:100F440038B5104B1B7803B938BDEFF3108572B672
:100F540000240C4B1C70012012F06AFB2146012076
:100F640012F09EFA084B1B782BB98020FFF7AAFEDB
:100F740085F31088E8E7012012F0E0F9024B1C70B9
:100F8400F3E700BF2C220720232207202DE9F0419C
:100F940007460D46164B1C88A4B2C4F50066B6B2CB
:100FA400B0468E4228BF8846424601461148204436
:100FB40016F088FE4444A4B2B4F5006F0BD0AE42E0
:100FC4000BD30B4B1C800C4A138815FA83F39BB28A
:100FD4001380BDE8F0810024F1E7A5EB0804224664
:100FE40007EB0801034816F06DFEA4B2E9E700BF61
:100FF400EC21072030D10120EA210720F8B9EFF3D2
:10100400108272B6174B1B8823B117490968898867
:101014008B421CD110B5144B1B689988114B198055
:101024000024124B1C80124B1C80124B1C8082F338
:101034001088FFF779FEFFF7FFFE204610BD0A4B2C
:1010440013221A7500225A754FF0FF30704782F34D
:101054001088054B10221A7500225A754FF0FF3084
:10106400704700BFEE210720142E0220EC21072038
:10107400F0210720EA21072008B5EFF3108372B6A8
:101084000C4A126891880C4A1288914203D083F367
:101094001088002008BD002207490A8007490A80F9
:1010A40007490A8007490A8083F31088FFF748FF3D
:1010B400EFE700BF142E0220EE210720EC210720C9
:1010C400F0210720EA210720F0B5A1B01646394BDC
:1010D4001B689A88384B1B889A4201D1002536E058
:1010E400344B09221A7500225A754FF0FF305BE029
:1010F400304B0B221A7500225A754FF0FF3053E023
:10110400802B28BF80239A4228BF1A46144669467A
:10111400284BD3F8C0000FF087F8002846D1EFF32E
:10112400108772B6234B1B689A88234B1B889A42FC
:101134002FD121466846FFF729FF87F310881D4AFF
:10114400D2F8C0302344C2F8C0302C44A5B2194BA5
:10115400D3F8C4309D4226D29BB25B1B9BB2EFF303
:10116400108172B6154A128892B2C2F5006292B228
:1011740081F31088002AC3D1ADB916F0100FB7D18E
:1011840031460F4808F0F6FB0028E0D04FF0FF305E
:101194000AE087F31088074B09221A7500225A7552
:1011A4004FF0FF3000E0284621B0F0BD4FF0FF3093
:1011B400FAE700BF142E0220EE210720EA210720BF
:1011C4002D2207200E4B1B7B23B10D4B5B6813F4C0
:1011D400807F0AD00A4B586810F4807F0DD100F04C
:1011E4000F00084B53F82000704703F0070343F047
:1011F4000803044A52F82300704720F07F407047E8
:10120400E8230220ACA40120014B024A1A60704773
:10121400BCBF0120ECAB012010B50211114B53F8F7
:101224002210E1B10A7800F00F0303FB02F20E4C26
:101234002280497801FB03F30C490B800C49B1F976
:10124400001091FBF3F30B490B700B4BB3F9003017
:1012540093FBF2F3094A1370094B188010BD094837
:101264000BF014F9BCBF0120FC210720FA21072050
:10127400E62107201E220720E42107201F22072041
:10128400F8210720108C01207047012070470000CE
:10129400014B1870704700BFB8BF012008B5024663
:1012A4000B46FF21014817F020F908BD00800840D3
:1012B40008B50A460146024817F0EAF808BD00BF1F
:1012C4000080084010B5044612290DD8052929D3F9
:1012D40005390D2926D8DFE801F0182634255D6A82
:1012E4002525584E2525585311F1030F37D011F1F8
:1012F400020F2BD011F1070F14D1052111F070FA50
:101304004FF0000343EC44400CE00022114611F07E
:1013140083FA01220021204611F07EFA4FF00003E7
:1013240043EC404010BD0022114611F075FA002232
:101334000121204611F070FA4FF0010343EC4040C4
:10134400F0E70123834020EE1030EBE74FF0000379
:1013540043EC44000220002111F012FFE2E74FF0B9
:10136400010343EC4400032111F084FA022000211C
:1013740011F006FFD6E70022012111F04DFAD1E762
:101384000122002111F048FACCE70022114611F0A5
:1013940043FAC7E74FF0010343EC44004FF0000366
:1013A40043EC40000220002111F0EAFEBAE70022DB
:1013B400012111F031FA4FF0000343EC44400220C4
:1013C400002111F0DDFEADE708B506210F20FFF77F
:1013D40079FF42F21070002111F0D2FE05210F2096
:1013E400FFF770FF42F21070002111F0C9FE0621D0
:1013F4000F20FFF767FF0248002111F0C1FE08BD6E
:10140400400D03000D234FF0010242EC40307047C1
:101414000D234FF0000242EC403070472DE9F04FAD
:1014240083B080460E4617461D46FFF7F1FF0E2493
:101434004FF0000949EC40402A238DF80430012183
:1014440001A8FFF735FF4FF0010B4BEC40404FEA8A
:1014540028238DF800308DF801803B128DF802307E
:101464008DF8037004216846FFF722FF49EC4040E1
:101474002B238DF8053059460DF10500FFF718FFB1
:101484004BEC404033128DF800308DF801602B1284
:101494008DF802308DF8035004216846FFF708FFE9
:1014A40049EC40400C9B7BB12C238DF80630594607
:1014B4000DF10600FFF7FCFE0E234FF0010242EC93
:1014C400403003B0BDE8F08F2E238DF807300121A2
:1014D4000DF10700FFF7ECFEEEE70000F0B583B076
:1014E40084468E4610461946089D624501DD6046D5
:1014F4009446714502DD0B4671469E46002842DB48
:101504002B4BB3F90030834200DC581EBCF1000FB2
:101514003BDB634501DC03F1FF3C002938DB254B51
:10152400B3F900308B4200DC591EBEF1000F31DBF1
:10153400734501DC03F1FF3EACEB0003AEEB0106A7
:10154400013603FB066606EB460600240094734648
:101554006246FFF763FF184F1849384613F000FD41
:1015640001212846FFF79AFE31462846FFF796FEEA
:101574000E2344EC4030FFF745FF1149384613F081
:10158400EFFC234610E00020BAE74FF0000CC0E760
:101594000021C4E74FF0000ECAE79A1CA85CE95C7E
:1015A400E854A9540333033E002EF6D103B0F0BD32
:1015B400E4210720E621072000800840808D5B009D
:1015C40040787D012DE9F04182B0054614468242FF
:1015D40001DD044615468B4202DD1A460B461146D0
:1015E400002C52DB324AB2F90020A24200DC541E25
:1015F400002D4CDBAA4200DC551E002B49DB2D4A92
:10160400B2F900209A4200DC531E002943DB8A42CF
:1016140000DC511E2E1B0136C91A01F1010C002EEB
:1016240030DDBCF1000F2DDD234AB2F90020134454
:10163400224A82FB03121A44D917C1EB2221C1EBBF
:101644000111B3EB411128D40CEB0103B3F5F07F86
:1016540026DDC1F5F078ACEB0807089B009340F257
:10166400DF132A462046FFF739FF08FB06F606EB90
:101674004606089B1E4400967B1E2A4600212046EF
:10168400FFF72CFF02B0BDE8F0810024AAE7002593
:10169400B0E70023B3E70021B9E701F5F071D3E720
:1016A400089A0092013B2A462046FFF717FFE9E714
:1016B400E4210720E62107200A2207208988888858
:1016C40070B582B005468C4610461946069CAA425F
:1016D40001DD28461546614502DD0B4661469C4600
:1016E400002826DB2B4BB3F90030834200DC581E64
:1016F400002D20DBAB4200DC5D1E00291DDB264BE8
:10170400B3F900308B4200DC591EBCF1000F16DB2C
:10171400634501DC03F1FF3C2B1AACEB01060136F7
:1017240003FB06660123009363462A46FFF776FE11
:1017340025E00020D6E70025DCE70021DFE74FF0B5
:10174400000CE5E74FF480751EE0207894F801E082
:1017540094F802C002EB4203104901F803C003F1FC
:10176400010C01F80CE00233C854013203349542F1
:10177400EBD805EB45010948FFF79AFD761B2EB11E
:10178400B6F5807FDED835460022F0E7FFF73AFE53
:1017940002B070BDE4210720E6210720341E072093
:1017A4002DE9F04182B005461446824201DD04462B
:1017B40015468B4202DD1A460B461146002C52DBBD
:1017C400324AB2F90020A24200DC541E002D4CDB48
:1017D400AA4200DC551E002B49DB2D4AB2F9002039
:1017E4009A4200DC531E002943DB8A4200DC511E6E
:1017F4002E1B0136C91A01F1010C002E30DDBCF19B
:10180400000F2DDD234AB2F900201344224A82FB43
:1018140003121A44D917C1EB2221C1EB0111B3EB16
:10182400411128D40CEB0103B3F5F07F26DDC1F59B
:10183400F078ACEB0807089B009340F2DF132A46CC
:101844002046FFF73DFF08FB06F606EB4606089B1D
:101854001E4400967B1E2A4600212046FFF730FFD7
:1018640002B0BDE8F0810024AAE70025B0E7002318
:10187400B3E70021B9E701F5F071D3E7089A0092C4
:10188400013B2A462046FFF71BFFE9E7E421072036
:10189400E62107200A220720898888880C4B1B78B8
:1018A40003B9704700B583B00A4B1B7803EB4303BD
:1018B4005800094B1978C900084B0093CB1D421DF1
:1018C400FFF76EFF024B00221A7003B05DF804FBB1
:1018D400392207203A2207203B2207202424022011
:1018E4002DE9F04FA9B004460E469346414B5F7B69
:1018F40067B19D6815F4807F05D105F00F053E4B57
:1019040053F8255005E025F07F4502E0FFF75AFC27
:10191400054617B3FFF756FC04EB44044FEA440EA4
:10192400F100EFB2C5F30728C5F307455FFA80F964
:10193400C0F3072AC0F30746BBF11F0F01D84FF0CD
:10194400200BABF12002DF2A00D91F2200200392D2
:101954000B46714602959E4633E0264B986810F478
:10196400807F05D100F00F00234B53F82000D3E70C
:1019740020F07F40D0E7CC4616E053461BE03346C8
:10198400AB700134052C1BDCC4F105022BFA02F206
:1019940000EB400304EB430303EB430304AD1D449A
:1019A40012F00102E7D0BC46A0336B4403F890CC9C
:1019B400002AE2D043466B70002AE0D0029BDFE7A6
:1019C4000130072807DC0D4B039A03EBC20313F81D
:1019D40000B00024D6E773468E46194604AB009344
:1019E400CB1D0EF105027046FFF7DAFE29B0BDE803
:1019F400F08F00BFE8230220ACA40120ECA4012056
:101A04002DE9F04FABB0039004910592B34B5C7B8E
:101A140064B19F6817F4807F05D107F00F07B04BBE
:101A240053F8277005E027F07F4702E0FFF7CAFB71
:101A34000746DCB1FFF7C6FB039B03EB430A4FEAFF
:101A44004A0A049B4FEAC30B5FFA87F8C7F30729D6
:101A5400C7F30747C6B2C0F30725C0F30744902273
:101A6400002106A815F0A8FF00221EE09B4B9868F1
:101A740010F4807F05D100F00F00994B53F820003B
:101A8400DAE720F07F40D7E702EB420303F1A80135
:101A9400694401F8906C03F1A901694401F8905C70
:101AA400AA336B4403F8904C01322F2AECDD059BDA
:101AB4006A3B0E2B00F2DB81DFE813F04600750071
:101AC400A100CC00F900D901D9010F00D901D90135
:101AD400290154018101AE0144000022052A24DCBD
:101AE400002A0CDB02F1180303EB430306A9194493
:101AF400A8336B4403F8908C81F801908F70013205
:101B0400ECE7002A0EDB02EB42035B00033303EB3A
:101B1400430306A91944A8336B4403F8908C81F855
:101B240001908F700132072AEBDD06AB00930BF1B5
:101B340007030AF1050259465046FFF731FE2BB060
:101B4400BDE8F08F0022EEE70022032A12DC002A0F
:101B54000EDB052A0CDC02F1180303EB430306A990
:101B64001944A8336B4403F8908C81F801908F706A
:101B74000132EAE7002213E0002A10DB072A0EDC18
:101B840002EB42035B00033303EB430306A919444E
:101B9400A8336B4403F8908C81F801908F70013264
:101BA400042AE9DDC1E70022032A12DC002A0EDB45
:101BB400052A0CDC02F1180303EB430306A91944BC
:101BC400A8336B4403F8908C81F801908F70013234
:101BD400EAE70422072AA8DC002A0EDB02EB420310
:101BE4005B00033303EB430306A91944A8336B4496
:101BF40003F8908C81F801908F700132EAE7032298
:101C0400052A10DC002A0CDB02F1180303EB430362
:101C140006A91944A8336B4403F8908C81F8019009
:101C24008F700132ECE70422072A3FF77EAF002AC7
:101C34000EDB02EB42035B00033303EB430306A911
:101C44001944A8336B4403F8908C81F801908F7089
:101C54000132E9E70322052A10DC002A0CDB02F139
:101C6400180303EB430306A91944A8336B4403F890
:101C7400908C81F801908F700132ECE7002213E020
:101C8400002A10DB072A0EDC02EB42035B0003335D
:101C940003EB430306A91944A8336B4403F8908C5F
:101CA40081F801908F700132042AE9DD3DE70022BA
:101CB400052A10DC002A0CDB02F1180303EB4303B2
:101CC40006A91944A8336B4403F8908C81F8019059
:101CD4008F700132ECE7002216E000BFE8230220F7
:101CE400ACA40120002A0EDB02EB42035B000333A9
:101CF40003EB430306A91944A8336B4403F8908CFF
:101D040081F801908F700132072AEBDD0DE7032281
:101D1400052A10DC002A0CDB02F1180303EB430351
:101D240006A91944A8336B4403F8908C81F80190F8
:101D34008F700132ECE7002211E0002A0EDB02EB87
:101D440042035B00033303EB430306A91944A8339E
:101D54006B4403F8908C81F801908F700132072A4C
:101D6400EBDDE2E60022032A12DC002A0EDB052A60
:101D74000CDC02F1180303EB430306A91944A8334E
:101D84006B4403F8908C81F801908F700132EAE77C
:101D9400002211E0002A0EDB02EB42035B00033356
:101DA40003EB430306A91944A8336B4403F8908C4E
:101DB40081F801908F700132072AEBDDB5E600222D
:101DC400052A10DC002A0CDB02F1180303EB4303A1
:101DD40006A91944A8336B4403F8908C81F8019048
:101DE4008F700132ECE7002213E0002A10DB072A8F
:101DF4000EDC02EB42035B00033303EB430306A94F
:101E04001944A8336B4403F8908C81F801908F70C7
:101E14000132042AE9DD88E60022052A10DC002AC2
:101E24000CDB02F1180303EB430306A91944A8339E
:101E34006B4403F8908C81F801908F700132ECE7C9
:101E44000422072A3FF771AE002A0EDB02EB42039D
:101E54005B00033303EB430306A91944A8336B4423
:101E640003F8908C81F801908F700132E9E7059AAC
:101E740004990398FFF734FD61E600BFF0B5A7B0FD
:101E8400294B9B7B23B3294B1B780BB3284B1B7823
:101E940013BB284B1B782BB1234B1A78264B1B788A
:101EA4009A421CD0FFF7FAFC1F4A137803EB430352
:101EB4005C00A6B25578ED000534EF1D1F4B00936E
:101EC4003B46224629463046FFF77CFB002316E0BA
:101ED400FFF7E4FC27B0F0BDFFF7E0FCFAE7124B94
:101EE4005A78174B1B789A42DCD1F3E7134AD25C39
:101EF400D24303F19801694401F8902C01338F2BEC
:101F0400F4D902AB00933B46224629463046FFF7FC
:101F140047FC054B1978084A11705A78084B1A7017
:101F2400044B01221A70D5E7E82302203822072047
:101F340049220720392207203A220720242402209C
:101F44003B22072008B511F02BFA0E4B1A685B6888
:101F5400821A61EB0303002B0FDB0B4BC01841F11A
:101F64000001084B18605960084A137883F0010196
:101F74001170012B02D0FFF781FF08BDFFF78EFC23
:101F8400FBE700BFE0C2012020A1070038220720A0
:101F940032B3944623B3B0F5A07F21D2B1F5A07F2C
:101FA4001ED200B583B00244B2F5A07F03DDC0F5B4
:101FB400A07C1FFA8CFC5A18B2F5A07F02DDC1F593
:101FC400A0739BB20CEB00020B44DDF810C0CDF8FB
:101FD40000C0013B013AFFF7E3FB03B05DF804FBEB
:101FE400704700002DE9F04184B005460E461746BF
:101FF4001C46DDF8288090423BD0BD4202DA3B46C5
:102004002F461D46A64202DA234634461E46002FBA
:1020140053DB3E4BB3F90030BB4200DC5F1E002DA6
:102024004DDBAB4200DC5D1E002C4ADB384BB3F9C0
:102034000030A34200DC5C1E002E44DBB34200DC13
:102044005E1E0123009333462A4621463846FFF795
:10205400E5F9ED1B013505EB45054FEA28438DF8FD
:102064000C304FEA28238DF80D308DF80E800020B7
:1020740038E09942C1D1002844DB244BB3F9003045
:1020840083423FDD00293DDB214BB3F900308B4215
:1020940038DD012300930B46FFF7C0F94FEA2843CC
:1020A4008DF80C304FEA28238DF80D308DF80E8012
:1020B400032103A8FFF7FCF81FE00027A9E7002588
:1020C400AFE70024B2E70026B8E7124B9DF80C20D6
:1020D4001A54421C9DF80D109954821C9DF80E1040
:1020E40099540330A842F0DB05E02A4609490A481E
:1020F40015F0EAFE0134A642F7DA074815F0F3FEBC
:10210400FFF780F904B0BDE8F08100BFE4210720A7
:10211400E6210720DCC5012000800840F0B583B02B
:1021240006461546089C824201DD054616468B424A
:1021340002DD1A460B461146002D46DB2C4AB2F945
:102144000020AA4200DC551E002E40DBB24200DC17
:10215400561E002B3DDB274AB2F900209A4200DCD0
:10216400531E002937DB8A4200DC511EC91A01F1D3
:10217400010CBCF1000F26DD1F4AB2F90020134404
:102184001E4A82FB03121A44D917C1EB2221C1EB68
:102194000111B3EB411120D40CEB0103B3F5F07F33
:1021A4001EDDC1F5F073ACEB0307009440F2DF13BE
:1021B40032462846FFF716FF00947B1E3246002164
:1021C4002846FFF70FFF03B0F0BD0025B6E7002651
:1021D400BCE70023BFE70021C5E701F5F071DBE7A9
:1021E4000094013B32462846FFF7FCFEEBE700BFB4
:1021F400E4210720E62107200A220720898888880D
:1022040000B583B0074BB3F90030074AB2F9002098
:1022140000200090013B013A0146FFF77FFF03B025
:102224005DF804FBE6210720E421072000EB4000D1
:1022340002EB4202F2B14000C900DB004FEA420C5B
:10224400C3B130B583B00CEB0002013A0B44013B3F
:10225400094CA46814F4807F09D104F00F04074DDD
:1022640055F824400094FFF759FF03B030BD24F023
:102274007F44F7E7704700BFE8230220ACA40120A5
:1022840010B582B08DF8070001240E2344EC4030D1
:10229400FFF7BEF821460DF10700FFF709F8FFF735
:1022A400B1F802B010BD000010B582B08DF807007F
:1022B4004FF000030E2243EC40200D2443EC404039
:1022C40001220DF10701044816F0E2F84FF0010372
:1022D40043EC404002B010BD0080084038B50546CC
:1022E4000C463320FFF7E0FF280AFFF7C9FFE8B2E6
:1022F400FFF7C6FF0120FFF7C3FFE020FFF7C0FF91
:10230400200AFFF7BDFFE0B2FFF7BAFF38BD10B5F2
:1023140004463720FFF7C8FF200AFFF7B1FFE0B2F9
:10232400FFF7AEFF10BD0000002845D008B50146F8
:10233400224A138803441BB21380214A82FB0302FE
:102344001A44D817C0EB2220C0EB0010B3EB4010A6
:1023540026D40FFA80FC194BA3F800C0002916DD1F
:102364000B4620DBC3F3C7038BB116490A781A4422
:10237400D2B2142A28BF14220A70134A127832B136
:102384001A44D2B2142A28BF14220F4B1A700E4BCF
:102394001B7853B10D4815F0A6FDFFF733F808BDBF
:1023A40000F5F070D5E7CB1DDCE7094BA3F800C0BE
:1023B40080B2FFF7ACFFEDE7704700BF0A220720A9
:1023C4008988888834220720492207200080084011
:1023D4001A22072008B50820FFF7A6FF012335229B
:1023E40027210020FFF722FF034B5B7813B1013B49
:1023F400014A537008BD00BFE823022008B5084A0B
:102404000023137053780133DBB25370272B00D8A9
:1024140008BDFFF7DFFF024B27225A70F8E700BF21
:10242400E823022070B582B00546FFF737FA244B43
:1024340000241C705C709C70DC7007225A609C60E5
:102444001C735C7301269E73DC731C7483F8344024
:1024540083F8354083F836409C631A4B1C801A4B32
:102464001C801A4B1C701A4B1C702046FFF74FFF40
:1024740010F096FF174BC31841F10001164A136080
:102484005160164B1E70164B1C708DB10C4B9B6823
:1024940013F4807F10D103F00F03124A52F8233053
:1024A400009340F23F131A4600210846FFF736FE18
:1024B400FFF7E4FC02B070BD23F07F43F0E700BFF8
:1024C400E82302200A2207201A2207204922072093
:1024D4003422072020A10700E0C20120382207206F
:1024E40039220720ACA4012010B57D4B93F8342089
:1024F4000AB15B6900E00023012A3CD978498C6960
:10250400A0F14101342943D8DFE811F03700450038
:1025140051005D004200420042006B0042008A000C
:10252400BD0042004200420042004200420042001C
:102534004200420042004200420042004200420087
:102544004200420042004200420042004200420077
:102554004200420042006B0042001A024200420064
:1025640042001A02DF0042004200420042004200E0
:102574000E02420014020024C2E703B90123584AA0
:102584005278DBB29A4204D9D21AD2B2544B5A705E
:1025940010BD0022FAE703B9012351494A7852FADF
:1025A40083F3DBB2272B28BF27234B70F0E703B953
:1025B40001234B490A7852FA83F3DBB2342B28BF48
:1025C40034230B70E4E703B90123454A1278DBB2E4
:1025D4009A4204D9D21AD2B2414B1A70D8E70022D7
:1025E400FAE703B9012304B90124002B10DD002C00
:1025F40010DD282B10DCDBB2013BDBB2384A537010
:10260400352C0BDCE3B2013BDBB2354A1370BFE778
:102614000123ECE70124ECE72723EFE73423F4E775
:10262400022B00D01AB90120FFF7FCFEB0E773B10A
:10263400012BADD12A4B5B78FBB929490A780132C9
:102644000123D2B249780020FFF7F0FDA0E7244C23
:102654002078C0F135020123D2B26178FFF7E6FD9C
:102664006278262A94D8C2F12703511CDBB23522A2
:10267400C9B20020FFF7DAFD8AE7352200210846B7
:10268400FFF7D4FDD9E7022B0BD003B18AB9144963
:102694000878C0F135020123D2B24978FFF7C6FDAC
:1026A40076E7012335220E4949780020FFF7BEFD65
:1026B4006EE7012B7FF46CAF09490A780132D2B27C
:1026C40049780020FFF7B2FD62E732B9044B0721D5
:1026D4005960002199601973597300230BE000BFFE
:1026E400E8230220A149072048600020886008737D
:1026F40048730133DBB29A427FF64AAF181D9B49F7
:1027040001EB800149681B294AD801A050F821F047
:1027140015260020B1260020D1260020D126002035
:10272400D1260020D1260020D1260020C126002059
:10273400D1260020D1260020D1260020D126002039
:10274400D1260020D1260020D1260020D126002029
:10275400D1260020D1260020D1260020D126002019
:10276400D1260020D1260020B9260020D126002021
:10277400D1260020D1260020D1260020C926002001
:102784007A4901200873B4E7784900200873B0E758
:10279400764901204873ACE7744900204873A8E7E0
:1027A400A1F11E004D28A4D801A454F820F000BFC4
:1027B4001928002019280020192800201928002091
:1027C4001928002019280020192800201928002081
:1027D40023260020232800202B2800202B2800203B
:1027E4002B2800202B2800202B2800202B28002019
:1027F4002B2800202B280020232600203528002009
:102804002326002023260020232600202326002020
:102814002326002023260020232600202326002010
:102824002326002023260020232600202326002000
:1028340023260020232600202326002023260020F0
:1028440023260020232600202326002023260020E0
:1028540023260020232600202326002023260020D0
:1028640023260020232600202326002023260020C0
:1028740023260020232600202326002023260020B0
:1028840023260020232600202326002023260020A0
:102894002326002023260020232600202326002090
:1028A4003D2800203D2800203D2800203D28002010
:1028B4003D2800203D2800203D2800203D28002000
:1028C40023260020232600204B2800204B2800200C
:1028D4004B2800204B2800204B2800204B280020A8
:1028E4004B2800204B2800201E39C9B21F484160E4
:1028F400FFE61E4907204860FBE62839C9B21B4899
:102904008160F6E6194900208860F2E65A39C9B2B6
:1029140041F0080115484160EBE66439C9B241F061
:10292400080112488160E4E6104B1A789A705A78CC
:10293400DA702DE60D4B9A781A70DA785A7027E619
:102944000A4A92F83620002A3FF422AE192B7FF46B
:102954001FAE682814BF00200120044B9873002880
:102964007FF416AEFEF79AFF12E600BFE8230220BA
:1029740038B5954B1B7C032B00F2C880DFE813F0BD
:1029840004006300CF00BF001B2823D00D2825D0EE
:102994000A2827D0082828D009282FD00E2843D069
:1029A4000F2845D01F2840F2B180874BDB7B002BDA
:1029B40042D0854B024659781878FFF721F8824AAD
:1029C40013780133DBB21370342B40F29F80FFF78E
:1029D40015FD9BE07C4B01221A7497E07A4B002290
:1029E4001A7093E0FFF70AFD90E0774B1B78002BF9
:1029F40000F08C80013B744A137087E0724B1D78A1
:102A0400083505F0F805342D09D9342507E06E4C56
:102A140020226178FEF764FF2378013323706A4B28
:102A24001878A842F3D371E0674B0122DA736DE0A2
:102A3400654B0022DA7369E0634B024659781878D3
:102A4400FEF74EFFBBE7442815D8282853D328386F
:102A54001C2850D8DFE800F02A4F4F4F4F4F4F4FFC
:102A64004F4F4F4F4F4F4F2E364F4F4F4F4F4F4FAC
:102A74004F4F4F4F3E005B2808D063283BD10120C5
:102A8400FFF7D0FC504B00221A743FE04E4802235B
:102A94000374002180F8341080F8351080F8361063
:102AA40081632022143014F087FF2FE0464B032269
:102AB4001A742BE0444B1A789A705A78DA70002210
:102AC4001A7423E0404B9A781A70DA785A7000220C
:102AD4001A741BE03C4A53780133DBB25370272B42
:102AE40003D8394B00221A7410E0FFF773FC364BFD
:102AF40027225A70F5E7344B00221A7406E0302876
:102B040005D0422807D0304B00221A7438BD2E4B12
:102B14000122DA73F7E72C4B0022DA73F3E73F283C
:102B240020D0A0F13003DBB2092B24D93B282ED0CE
:102B3400254B93F83430072B0ED8234A92F83520CE
:102B4400002A3FD0204A916B1F4A5C1C82F8344013
:102B5400043302EB83025160FFF7C6FC1A4B0022D8
:102B64001A74D3E7184B9B8E002BDAD1164B012233
:102B740083F83620CAE7144A936B03EB8303303897
:102B840000EB43009063012382F83530BEE70E4B1F
:102B940093F83430072B0DD80B4A92F835207AB1CC
:102BA400094A916B084A581C82F83400043302EB3A
:102BB40083025160044B00229A6383F83520A5E711
:102BC4000021EFE70021BFE7E8230220074B1B7831
:102BD40003B9704710B50C46FFF7B4F9FEF75EFE73
:102BE4002046FFF7C5FEFFF749F910BDB8BF012025
:102BF40008B50023034A1380034A13800120FFF71A
:102C040011FC08BDE0210720E221072008B5144B80
:102C14001B782BB1134A1278934201D9132A00D995
:102C240008BDFEF73BFE0F4A1378013313700E4BB9
:102C3400B3F90030083B0D4A82FB03121A44D8173B
:102C4400C0EB2220C0EB00104201981A05D4064BB9
:102C5400188080B2FFF75BFBE2E700F5F070F6E75F
:102C640034220720492207201A22072089888888CD
:102C740008B5184B1B7803B908BDFEF70FFE154ABB
:102C84001378013BDBB2137073B9134B1A88134BDF
:102C94001A80124B1888FFF73AFB0E4B1B78002B57
:102CA400EAD1FFF7EBF8E7E70C4BB3F90020083261
:102CB4000B4981FB02311144D317C3EB2123C3EB2E
:102CC40003135901531A02D4044A1380E1E703F5AC
:102CD400F073F9E7492207200A2207201A22072065
:102CE4008988888808B50A4B1B7803B908BDFEF7A4
:102CF400D5FD074B00221A70064BB3F90000064BB2
:102D0400188080B2FFF703FBFFF7B8F8EEE700BFC7
:102D1400492207200A2207201A22072010B5114B46
:102D24001B787BB900F090FD041E17DB0D4B1B785C
:102D340033B1902C09D0912C0AD00B4B1B7853B98A
:102D4400204610BDFFF7FEF8ECE7FFF75FFFE6E76C
:102D5400FFF78EFFE3E7FFF7C5FFF1E74FF0FF341E
:102D6400EEE700BFB8BF01204922072008B5FEF7EF
:102D74002BFB864B4FF4A0721A80854B4FF4F072F4
:102D84001A80F020FFF790FAC320FFF779FAF020B9
:102D9400FFF78AFA9620FFF773FA3620FFF784FAD2
:102DA4004820FFF76DFA3A20FFF77EFA0620FFF776
:102DB40067FAB420FFF778FA0020FFF761FAB7202A
:102DC400FFF772FAC620FFF75BFAB920FFF76CFA37
:102DD4000220FFF755FAE020FFF752FAC020FFF770
:102DE40063FA8020FFF74CFA0620FFF749FAC12066
:102DF400FFF75AFA1520FFF743FAC220FFF754FAF7
:102E0400A720FFF73DFAC520FFF74EFA0420FFF78D
:102E140037FAE820FFF748FA4020FFF731FA8A2012
:102E2400FFF72EFA0020FFF72BFA0020FFF728FA0D
:102E34002920FFF725FA1920FFF722FAAA20FFF725
:102E44001FFA3320FFF71CFAE020FFF72DFAF020D9
:102E5400FFF716FA0620FFF713FA0F20FFF710FA10
:102E64000520FFF70DFA0420FFF70AFA2020FFF7E8
:102E740007FA3720FFF704FA3320FFF701FA4C2052
:102E8400FFF7FEF93720FFF7FBF91320FFF7F8F9F6
:102E94001420FFF7F5F92B20FFF7F2F93120FFF7A3
:102EA400EFF9E120FFF700FAF020FFF7E9F911202C
:102EB400FFF7E6F91B20FFF7E3F91120FFF7E0F92C
:102EC4000F20FFF7DDF90A20FFF7DAF93720FFF7C3
:102ED400D7F94320FFF7D4F94C20FFF7D1F9372075
:102EE400FFF7CEF91320FFF7CBF91320FFF7C8F94A
:102EF4002C20FFF7C5F93220FFF7C2F9F020FFF7C5
:102F0400D3F93C20FFF7BCF9F020FFF7CDF9692095
:102F1400FFF7B6F93520FFF7C7F90020FFF7B0F93E
:102F24001120FFF7C1F9782010F044F92920FFF7A8
:102F3400BBF9142010F03EF92120FFF7B5F92A203F
:102F4400FFF7B2F90020FFF79BF90020FFF798F98B
:102F54000120FFF795F93F20FFF792F92B20FFF7A7
:102F6400A3F90020FFF78CF90020FFF789F901206D
:102F7400FFF786F93F20FFF783F92C20FFF794F938
:102F840000210846FFF7AAF908BD00BFE421072085
:102F9400E62107202DE9F8430A200FF07BFC0B20E3
:102FA4000FF078FC0C200FF075FC0D200FF072FC74
:102FB4000E200FF06FFC0F200FF06CFC4FF00A098D
:102FC400012545EC44904FF00B0845EC44800D2757
:102FD40045EC44700E2345EC44300F2645EC446028
:102FE4000C490D4811F0FCFF294648460FF0F8FB48
:102FF400294640460FF0F4FB29460C200FF0F0FB65
:1030040029460C200FF022FC45EC407045EC406052
:10301400BDE8F88340787D010080084008B5FFF7DB
:10302400B9FFFFF7A3FEFEF7EFF80120FEF7F4F86F
:10303400054B4FF47F421A60044B00221A600120B2
:10304400FFF7F0F908BD00BF2C110220281102205F
:1030540010B40B4B1A68531CDBB20A490968994235
:1030640007D009498854BFF35F8F054A136010BC29
:103074007047044C21680131C9B22160F1E700BFF7
:10308400C0220220C4230220C422022070B50646B6
:103094000D46002403E0305DFFF7DAFF0134AC4253
:1030A400F9D370BD00B583B01B238DF804305B23C6
:1030B4008DF805308DF80600032101A8FFF7E6FF1F
:1030C40003B05DF804FB00B583B01B238DF8043016
:1030D4004F238DF805308DF80600032101A8FFF772
:1030E400D5FF03B05DF804FB084B1B68084A12685F
:1030F4009A4208D0074AD05CBFF35F8F0133DBB23A
:10310400024A136070474FF0FF307047C423022017
:10311400C0220220C42202202DE9C04385B0064605
:103124000F469046994610F03BF90B9B181841F155
:10313400000100290DDB029003919DF828300093D3
:103144004B4642463946304612F01AF905B0BDE8FE
:10315400C0834FF0FF306FF00041ECE708B510F08A
:103164001FF94FF47A72002314F08CFA08BD0000A2
:1031740010B50E4B196849000D4B9A680AB941F213
:1031840088320B4BDB6803B90A4B9A4200D91346C9
:103194008A4200D80A469A4200D81346034A13606A
:1031A400054CA361FFF7DAFF206210BDFCBF0120CC
:1031B400F42D022020A107003415022010B5064B7F
:1031C4009B680BB941F28833044A1360044CA36131
:1031D400FFF7C4FFE06110BDF42D0220FCBF012005
:1031E400341502202DE9C04385B006460F469046AB
:1031F400994610F0D5F80B9B181841F100010029ED
:103204000DDB029003919DF8283000934B46424613
:103214003946304612F0D1F805B0BDE8C0834FF00E
:10322400FF306FF00041ECE770B586B00D468DF8C5
:103234000F000022ADF81420514B1B68EFF31084EB
:1032440072B6D3E8CF0F01210028FAD1C3E8401F9A
:103254000028F6D1BFF35F8F4A498B6801338B6036
:103264004FF47A730193009201230DF10F021F2191
:103274004548FFF751FF012835D14FF47A73019384
:1032840000260096022305AA1F213F48FFF7AAFF44
:103294003B4B1B68C3E88F6F84F31088022832D13C
:1032A4009DF814209DF80F309A424AD19DF81530AC
:1032B4002B70334C2368EFF3108572B6D3E8CF1F1D
:1032C40001220029FAD1C3E8412F0029F6D1BFF326
:1032D4005F8FFFF773FF23680020C3E88F0F85F328
:1032E400108806B070BD274AD3680133D360FFF756
:1032F4003FFF234B1A680023C2E88F3F84F31088F2
:103304004FF0FF30EDE71E4C2368EFF3108572B6E3
:10331400D3E8CF1F01220029FAD1C3E8412F0029A5
:10332400F6D1BFF35F8F174AD3680133D360FFF739
:103334001FFF2268C2E88F6F85F310884FF0FF30BB
:10334400CFE70F4C2368EFF3108572B6D3E8CF1F95
:1033540001220029FAD1C3E8412F0029F6D1BFF395
:103364005F8F084AD3680133D360FFF701FF2268F7
:103374000023C2E88F3F85F310884FF0FF30B0E799
:1033840030150220341502201CC1012010B584B070
:10339400044609238DF80F300022ADF80C201E4995
:1033A4000B6801330B604FF47A730193009201238D
:1033B4000DF10F021F211948FFF7AEFE012818D1A5
:1033C4004FF47A73019300230093022303AA1F216D
:1033D4001248FFF707FF022814D19DF80C309DF81E
:1033E4000D2043EA02232380FFF7E8FE002004B007
:1033F40010BD094A536801335360FFF7B9FE4FF01B
:10340400FF30F4E7044A536801335360FFF7B0FE1A
:103414004FF0FF30EBE700BF341502201CC1012040
:1034240070B5032107200FF0DBF9032106200FF00C
:10343400D7F91D491D4811F079FF00220121072009
:103444000FF0EAF90022012106200FF0E5F901202E
:103454000FF0BAFA0FF0E0FA154B18600025154B7F
:103464001D60154B1D60154B1D70154B1D60154CD3
:1034740024222946204614F09FFA41F28836124B42
:103484001E60A661114C20222946204614F094FAAD
:1034940026600F4B6360A6600E4BE360102323612C
:1034A4000D4B01221A7070BD801A06001CC1012048
:1034B40030150220C0220220C42302204522072006
:1034C4008C06022034150220FCBF0120F42D0220BA
:1034D40090D0030020A107003522072010B582B048
:1034E400524B1C78032C30D8DFE804F002395B7DA2
:1034F4000DF107010B20FFF797FE30BB9DF8073055
:103504009DF90720002A28DB03F07F03642B00D9F0
:103514006423474A1168EFF3108072B6D1E8CFEF05
:103524005FF0010CBEF1000FF8D1C1E84ECFBEF13F
:10353400000FF3D1BFF35F8F3E490B704C701268DC
:103544000023C2E88F3F80F31088384A1378013390
:1035540003F00303137002B010BD0124D4E70DF18E
:1035640007010120FFF760FE0028EED1304B1A68F6
:10357400EFF3108172B6D2E8CF4F0120002CFAD1BC
:10358400C2E8440F002CF6D1BFF35F8F9DF807000B
:10359400284A10711A680023C2E88F3F81F310880B
:1035A400D3E70DF107010520FFF73EFE0028CCD13B
:1035B4001F4B1A68EFF3108172B6D2E8CF4F012087
:1035C400002CFAD1C2E8440F002CF6D1BFF35F8F70
:1035D4009DF80700174A90701A680023C2E88F3FCD
:1035E40081F31088B1E70DF107010A20FFF71CFEF3
:1035F4000028AAD10E4B1A68EFF3108172B6D2E8F4
:10360400CF4F0120002CFAD1C2E8440F002CF6D190
:10361400BFF35F8F9DF80700064AD0701A68002335
:10362400C2E88F3F81F310888FE700BF452207204F
:103634003015022000C00120794B1B78002B00F0CC
:10364400ED8070B584B0774B1B68EFF3108672B6CB
:10365400D3E8CF1F01220029FAD1C3E8412F002962
:10366400F6D1BFF35F8F704B1D691DB1202D02D9B8
:10367400202500E00425002413E06A4B1A68002387
:10368400C2E88F3F86F31088C6E0664B1A680023B1
:10369400C2E88F3F86F31088BEE0644B00221A60B4
:1036A4000134A54240F2B1800023ADF806300DF19B
:1036B4000600FFF76BFE0028DFDBBDF80630002BA9
:1036C400E3D04AF203529342E7D04AF202529342C1
:1036D40017D0DAB2012AE3D11B0A1846A3F1A102DA
:1036E400172A00F28280DFE802F01014181C202B45
:1036F40036414C5780808080808080808080626DDD
:103704007C784A4B01221A60CAE75020FFF7DBFCA1
:10371400C6E75120FFF7D7FCC2E75220FFF7D3FCDE
:10372400BEE75320FFF7CFFCBAE7414B93E8030011
:1037340002908DF80C10052102A8FFF7A7FCAFE753
:103744003C4B93E8030002908DF80C10052102A86D
:10375400FFF79CFCA4E7384B93E8030002908DF834
:103764000C10052102A8FFF791FC99E7334B93E86D
:10377400030002908DF80C10052102A8FFF786FCC7
:103784008EE72F4B93E8030002908DF80C1005216F
:1037940002A8FFF77BFC83E72A4B93E8030002901F
:1037A4008DF80C10052102A8FFF770FC78E71F4B79
:1037B4001B681BB19020FFF74BFC71E74120FFF71A
:1037C40071FC6DE7194B1B681BB19120FFF740FC9E
:1037D40066E74220FFF766FC62E74320FFF762FCDE
:1037E4005EE74420FFF75EFC5AE7A3F16102192A61
:1037F40004D80E4A12680AB1A3F16000FF283FF60C
:103804004FAFC0B2FFF724FC4AE7064B1A68002307
:10381400C2E88F3F86F3108804B070BD704700BFC4
:103824003522072030150220F42D02208C060220B8
:10383400308C0120388C0120408C0120488C0120E0
:10384400508C0120588C012008B5FFF74DFC00284E
:1038540000DB08BDFFF7F0FEFFF746FCF9E70000C8
:103864000346134A1278E2B1124A1268CAB1EFF35E
:10387400108C72B6D2E8CF0F01210028FAD1C2E829
:10388400401F0028F6D1BFF35F8F0B4A03CA1860AC
:103894005960084B1A680023C2E88F3F8CF31088E4
:1038A40070474FF0FF321A605A6000225A70704716
:1038B400352207203015022000C0012030B585B024
:1038C40061F07F018DF80C108DF80D201C4B1B68E6
:1038D400EFF3108572B6D3E8CF1F01220029FAD185
:1038E400C3E8412F0029F6D1BFF35F8F154A13694E
:1038F400013313614FF47A7301930023009302237D
:1039040003AAC1B21048FFF707FC0446022811D0ED
:103914000C4A536901335361FFF72AFC084B1A68B8
:103924000023C2E88F3F85F31088022C05D1184686
:1039340005B030BDFFF742FCF0E74FF0FF30F7E78A
:1039440030150220341502201CC1012010B5044694
:10395400024605211F20FFF7B1FFD0B90D4B1A68AD
:10396400EFF3108172B6D2E8CFEF5FF0010CBEF135
:10397400000FF8D1C2E84ECFBEF1000FF3D1BFF370
:103984005F8F054A94701A680023C2E88F3F81F361
:10399400108810BD3015022000C0012010B5044667
:1039A40002460A211F20FFF789FFD0B90D4B1A6880
:1039B400EFF3108172B6D2E8CFEF5FF0010CBEF1E5
:1039C400000FF8D1C2E84ECFBEF1000FF3D1BFF320
:1039D4005F8F054AD4701A680023C2E88F3F81F3D1
:1039E400108810BD3015022000C0012008B520B198
:1039F4000246052802D8062200E006220E211F20D6
:103A0400FFF75CFF08BD08B5024600B90122082192
:103A14001F20FFF753FF08BD104B1B78D3B1104B89
:103A24001B68CBB1EFF3108272B6D3E8CF0F01213C
:103A34000028FAD1C3E8401F0028F6D1BFF35F8FF6
:103A4400084B1868064B19680023C1E88F3F82F3BE
:103A54001088704704487047034870473522072090
:103A640030150220FCBF012020A1070010B5044638
:103A7400174B1B78002B23D0164B1B6803B3EFF3B3
:103A8400108E72B6D3E8CF1F01220029FAD1C3E801
:103A9400412F0029F6D1BFF35F8F84460E4C0FCC23
:103AA400ACE80F000FCCACE80F002368CCF8003072
:103AB400084B1A680023C2E88F3F8EF3108810BDAC
:103AC40024220021204613F077FF044BA361F6E77C
:103AD40035220720301502203415022020A10700CA
:103AE40010B504461A4B1B780BB31A4B1B68F3B181
:103AF400EFF3108E72B6D3E8CF1F01220029FAD15A
:103B0400C3E8412F0029F6D1BFF35F8F8446124CDE
:103B14000FCCACE80F0094E80F008CE80F000D4BBD
:103B24001A680023C2E88F3F8EF3108810BD20224C
:103B34000021204613F040FF41F288332360074AF6
:103B44006260A360064BE36004232361EEE700BFD9
:103B54003522072030150220F42D022090D00300D6
:103B640020A107003C4B1B78002B5FD030B589B0F7
:103B74003A4B1C68002C5CD0EE468446BCE80F002F
:103B8400AEE80F009CE80F008EE80F00009BB3F531
:103B94007A7F51D3019A42F20F739A424FD9029B12
:103BA400B3F57A7F4ED3039A93424ED82C4B9A4264
:103BB4004ED808B904230493049B202B01D9202355
:103BC4000493EFF3108572B6D4E8CF2F0123002AB3
:103BD400FAD1C4E8423F002AF6D1BFF35F8F214CEB
:103BE400A446EE46BEE80F00ACE80F009EE80F00C6
:103BF4008CE80F00A3681C4A1268934201D91A4A40
:103C04001360184BDB68184A1268934201D2164AB3
:103C14001360154B1A68154B9A61104B1B680020F2
:103C2400C3E88F0F85F3108809B030BD4FF0FF3023
:103C340070474FF0FF30F7E74FF0FF30F4E74FF0F5
:103C4400FF30F1E74FF0FF30EEE74FF0FF30EBE7E6
:103C54004FF0FF30E8E700BF35220720301502207F
:103C6400404B4C00F42D0220FCBF012034150220EF
:103C7400134B1B78EBB1134B1B68EBB1EFF31082C2
:103C840072B6D3E8CF0F01210028FAD1C3E8401F50
:103C94000028F6D1BFF35F8F0B4B186808B941F2C7
:103CA4008830084B19680023C1E88F3F82F31088DD
:103CB400704741F28830704741F28830704700BF46
:103CC4003522072030150220F42D0220114B1B78D9
:103CD400E3B1114B1B68DBB1EFF3108272B6D3E88A
:103CE400CF0F01210028FAD1C3E8401F0028F6D1E4
:103CF400BFF35F8F094B586800B90948064B196830
:103D04000023C1E88F3F82F310887047044870474E
:103D1400034870473522072030150220F42D022075
:103D240090D0030070470000074B01229A730020D3
:103D3400D873064A40F6BF71D1814FF0020C83F864
:103D440010C05874118270471C1E0720501307209E
:103D54004FF0010C8C451CDC00B508E00D4B4FF412
:103D6400486C23F812C00132F4468E450FDC0CF186
:103D7400010E094B03F812C003EB420358700128EB
:103D8400ECD0044B40F6BF7C23F812C0EBE75DF89F
:103D940004FB7047501307201C1E072070B5544BBA
:103DA4001B68D3B100250123082B18DC5A1E02EB33
:103DB4004212504901EB82014F4803EB430400EBEC
:103DC400C4029160516040F834108421D160002114
:103DD4001161422151610133E6E70125E3E7002146
:103DE40014E001F10903454A52F82140424A03EB29
:103DF400430C02EBCC008460446042F83C408424D1
:103E0400C460002404614223436101310F29E8DDC9
:103E14000023072B08DC03F10901394A4FF44860F9
:103E240022F811000133F4E72DB9FFF77DFF304B81
:103E340008221A6070BD0FF0B3FA324C041941F134
:103E44000006002E0EDB0FF0ABFA201A66EB010120
:103E5400012871F100010ADB012001F013F90028A7
:103E6400F1D005E04FF0FF346FF00046EBE700259A
:103E74004DB3012211460220FFF76AFF02220421FA
:103E84000120FFF765FF062201210020FFF760FFF4
:103E94000FF086FA1C4C041941F10005002D0DDBCE
:103EA4000FF07EFA201A65EB0101012871F100017F
:103EB400F6DA1649164805F0C9FFB6E74FF0FF34A5
:103EC4006FF00045ECE7022201210020FFF740FFDC
:103ED400012211460220FFF73BFF032204210020A8
:103EE400FFF736FF09490A4805F0B0FF9DE700BF18
:103EF400301E072084150720C41B072070B601203C
:103F040050130720404B4C0080841E00608C01201D
:103F1400648C012008B5FFF783FAFFF77FF8FEF7FA
:103F24006FF900F052FC01F0F5F8FFF737FF08BD18
:103F340008B50346074A12F8100048B102EB4303E0
:103F44005B7803EB8303044A52F82330C9B29847E1
:103F540008BD00BF1C1E072008C0012008B5034689
:103F6400084A12F8100050B102EB43035B7803EBEC
:103F74008303054A02EB83035B68984708BD02206C
:103F8400FCE700BF1C1E072008C0012010B5044632
:103F9400114B1B685BB90A2804D0E1B2012000F080
:103FA40019FC10BD0D21012000F014FCF5E70A28CE
:103FB40008D00120FFF7D2FF0128FAD12146FFF7EC
:103FC400B7FFEEE70120FFF7C9FF0128FAD10D2161
:103FD400FFF7AEFFEDE700BF301E0720012070475A
:103FE40008B50346074A12F8100048B102EB430330
:103FF4005B7803EB8303044A02EB83039B689847D3
:1040040008BD00BF1C1E072008C001207047000027
:104014000A46084B13F8101059B110B503EB4003CE
:104024005B7803EB8303044C04EB83031B6998471D
:1040340010BD70471C1E072008C0012038B501249C
:1040440000E001340F4B1B68A3421ADB0E4B13F83C
:104054001430002BF5D00C4B03EB44035D7805EBD7
:1040640085020A4B03EB8203DB68074A12F814004B
:104074009847011EE5DB20460BF098FF0028EED19F
:10408400DFE738BD301E07201C1E072008C00120B2
:1040940038B50C460179172904D0084805F0D6FE36
:1040A400012038BD0568254428460CF024F929462A
:1040B40020440CF02BF90020F3E700BF808C012092
:1040C40070B505460422264913F0C8FC002844D1E3
:1040D400244B00221A60043524E0013423781BB1F8
:1040E4002C2B01D00A2BF8D113B1002304F8013B87
:1040F40003221D49284613F0B1FCB8B90335012643
:104104002B78E3B1284613F017FD16490B680133E9
:10411400164A02F8130002EB430256700B60062B9A
:1041240014DC25462B78A3B12C46D7E7042210498A
:10413400284613F093FC10B904350026E0E729461D
:104144000C4805F083FE064808F0A0F90A4808F078
:104154009DF9FFF723FE012000E0002070BD00BFA1
:10416400A08C0120301E0720A88C01201C1E0720D3
:10417400AC8C0120B48C0120C88C012070B582B0B5
:1041840004460169384805F061FE636B0093236BB4
:10419400E26AA16A354805F059FE636A0093236A0E
:1041A400E269A169324805F051FEE3680093A3680F
:1041B400626821682F4805F049FE636C0193236C03
:1041C4000093E36B6269A16B2B4805F03FFE2B481B
:1041D40005F0EEFB4FF0E025D5F8280D05F070FD55
:1041E400274805F0E5FBD5F82C0D05F069FD2548B9
:1041F40005F0DEFBD5F8300D05F062FD224805F030
:10420400D7FBD5F8340D05F05BFD204805F0D0FB55
:10421400D5F8380D05F054FD1D4805F0C9FBD5F857
:104224003C0D05F04DFD1B4805F0C2FB1A4DA5F5EC
:10423400006605F53E332A463146184805F006FE69
:104244002B46A5F5D7623146154805F0FFFDE16B15
:10425400226CB36B0093336B521B491B114805F05E
:10426400F5FD114808F012F9D48C0120FC8C0120D2
:10427400188D0120348D0120508D0120748D012072
:10428400808D0120888D0120908D0120988D012042
:10429400A08D01207893012014360220A88D0120DE
:1042A400CC8D0120E48D0120148E012038B5044604
:1042B400436813F8023C0E4D6B72C3682B620369AA
:1042C4006B624369AB628369EB6201232B7208F072
:1042D40031FB2A69B2F1FF3F02D0002129756975CB
:1042E400034B00211972E260B3F91430236138BD25
:1042F400142E022008B5FFF70DFE0C4B4FF402728A
:104304001A800B4B4FF49B721A8019200EF0C2FADC
:1043140019234FF0010242EC443042EC4030EFF3F9
:10432400108372B608F07CFD002008BD0E22072021
:104334000C220720704770477047704708B510F08B
:104344009FFB0022114610460FF0BAFB08BD000087
:1043540008B501200EF02EFF10F092FB024BD3E9BA
:1043640000010EF0FFFEF9E728BB012000290DDB58
:1043740070B10D4B98420DD343180B4A1268526D1D
:10438400934200D9111A61B9084604E04142EFE7AB
:10439400002000E00020044B0E221A7500225A75FA
:1043A40070470846704700BF142E022008B500224B
:1043B400FFF7DCFF08BD08B50122FFF7D7FF08BDF2
:1043C40010B58AB00C460138082800F21A81DFE8DB
:1043D40010F009000D00250057006D008300A300B4
:1043E400D600F700002108460FF0C9FB082120463B
:1043F400FFF7E1FF20B94FF0FF3420460AB010BDAB
:1044040001A8FFF72DFA0822214601A80BF034FF7A
:1044140004460028F1D04FF0FF34EEE70121204696
:10442400FFF7C4FF10B94FF0FF34E6E7012201A9FA
:1044340020460BF0F9FE0446F8B99DF80430642BCD
:1044440007D9744B16221A7500225A754FF0FF349F
:10445400D3E7C3EB032080B26F4BA3FB0030C0F360
:104464004710FFF773FA0028C7DA6A4B05221A755A
:1044740000225A754FF0FF34BFE74FF0FF34BCE71A
:1044840024212046FFF797FF10B94FF0FF34B4E71B
:1044940001A8FFF7EBFA2422214601A80BF0ECFE59
:1044A40004460028A9D04FF0FF34A6E72021204677
:1044B400FFF781FF10B94FF0FF349EE701A8FFF723
:1044C4000FFB2022214601A80BF0D6FE044600284B
:1044D40093D04FF0FF3490E720212046FFF766FF8A
:1044E40010B94FF0FF3488E7202201A920460BF0D1
:1044F4009BFE044610B14FF0FF347EE701A8FFF79E
:1045040031FB0028BFF679AF424B16221A75002200
:104514005A754FF0FF3470E701212046FFF746FF3C
:1045240010B94FF0FF3468E7012201A920460BF0CF
:104534007BFE044600BB9DF80430642B07D9354B41
:1045440016221A7500225A754FF0FF3455E7C3EB53
:10455400032080B2304BA3FB0030C0F34710FFF7B9
:104564001DFA0028BFF649AF2A4B05221A7500220E
:104574005A754FF0FF3440E74FF0FF343DE7012117
:104584002046FFF713FF10B94FF0FF3435E701223F
:1045940001A920460BF048FE044610B14FF0FF3449
:1045A4002BE79DF80400FFF721FA0028BFF625AF9A
:1045B400184B05221A7500225A754FF0FF341CE778
:1045C40001212046FFF7F2FE10B94FF0FF3414E743
:1045D400012201A920460BF027FE044610B14FF03A
:1045E400FF340AE79DF80400FFF70DFA0028BFF630
:1045F40004AF084B05221A7500225A754FF0FF3498
:10460400FBE6044B16221A7500225A754FF0FF344C
:10461400F3E600BF142E02201F85EB5138B5144673
:10462400EFF3108572B601F118004FF480510003C6
:1046340013F004FE85F310880CB1002323700020CE
:1046440038BD38B5084611461C46EFF3108572B6DE
:10465400C0304FF40072400213F078FE85F31088E6
:104664000CB100232370002038BD10B5039C02EB6D
:1046740041211A4601F1A05101F5C031029813F00D
:1046840021FB0CB100232370002010BD82B08C46A6
:10469400184B984214BF00230123174A32F91330F0
:1046A4008B4205D08DF807C000210DF107021CE0F4
:1046B4000D238DF8073000210DF107020029F1D1F7
:1046C400836913F0200FFBD1134613F8012B02600A
:1046D40001311A46F2E7836913F0200FFBD1134628
:1046E40013F8012B026001311A460029F3D002B0FD
:1046F400704700BF00800740342107202DE9F041B6
:104704000F4616461D46DDF8188080B3204C4FF442
:10471400E13120460FF076F8022138460EF060F8B9
:10472400022130460EF05CF8002120460FF058F8C4
:10473400012120460FF04DF8002D1ADCB8F1000FCE
:104744001CDC04F13002002D1DDD4FF40043B8F1F0
:10475400000F1ADD4FF480410B43216B4B4003F4EF
:10476400404302F5805213602046BDE8F081094CB5
:10477400CDE7022100200EF033F8DFE7022100200C
:104784000EF02EF8DDE70023E1E70021E4E700BFA7
:10479400008007400000074000B583B040B9009096
:1047A400034601220146FFF7A9FF03B05DF804FBAD
:1047B400092300930823072206210120FFF79EFF07
:1047C400F3E708B50EF0B6FF08BD08B50020FFF703
:1047D400E3FF08BD08B5012807D00548836913F035
:1047E400200FFBD1FFF752FF08BD0248F6E700BFD8
:1047F400008007400000074070470000012807D0F0
:10480400044B9B6913F0200F0CBF0120002070475C
:10481400014BF6E70080074000000740012806D05E
:10482400054B9A6912F0100F03D118687047034BB7
:10483400F7E74FF0FF307047008007400000074063
:10484400F8B505461646481EFFF7A6FF044626BBE4
:10485400184800EB4510038903F00F01164A52F87B
:104864002110F9B113F0400F20D10127C3F3011532
:10487400053513F4807F1BD1002613F4007F00D08C
:10488400022620460EF066FF33463A462946204665
:104894000EF089FFF8BD0AF0F5FEA36913F0800F4E
:1048A400F9D0D5E72046FFF78CFFF3E70227DDE7D1
:1048B4000126E2E7A4190720B0B60120034660B13F
:1048C400426D32B9064A02F500714165A2F50062F3
:1048D4005163586D034BC01A70470020704700BFE6
:1048E40014360220142E022008B5FFF7E7FF00F665
:1048F400FF70000B08BD00008446002300E0013374
:104904004C2B0ADC064A02EB430012F813206245E2
:10491400F5D142788A42F2D170470020FCE700BF0B
:1049240090D0012008B5064BC01A4011054B03FB7B
:1049340000F0C0B20E2800D808BD034807F0A6FD59
:104944003C060720ABAAAAAA248E012038B5044647
:10495400FF210846FFF7D0FF054640B90121204654
:1049640008F01EFC0028F3D1024805F06FFA28462F
:1049740038BD00BF308E012010B50446FFF7D2FFCA
:10498400002300E001334C2B0DDC084A12F81320FD
:104994009042F7D1054A02EB430CFF218CF8011039
:1049A40002F81310EEE70023238310BD90D00120FA
:1049B400F8B50F4B1B68834216D00546FFF794FFEA
:1049C40006462846FFF7AEFF07460024B44207DA3E
:1049D4002846FFF7BBFF48B1077044700134F5E780
:1049E40001232B830020F8BD0020FCE70C20FAE70C
:1049F400142E02200023184601E0013001334C2B11
:104A040005DC044A12F81320FF2AF6D1F6E78000E9
:104A1400704700BF90D0012008B59A22FF210348B7
:104A240012F0CAFF024B00221A6008BD90D0012088
:104A3400142E02202DE9F04383B004461D4B186860
:104A4400FFF770FF81462046FFF76CFF8046204643
:104A5400FFF74AFF07460026BE4227DAF4B2214692
:104A64004846FFF749FF054621464046FFF744FF05
:104A74000446C5B1B8B1104BE91A4910C31A5B100A
:104A84000C484FF4805200EB013100EB033013F07B
:104A940019F92B88ADF8043023882B80BDF8043035
:104AA40023800136D8E7054807F0F0FC03B0BDE8E1
:104AB400F08300BF142E022090D00120488E0120E4
:104AC400030A08D0082B01D000207047C0B2012887
:104AD40003D0002070470120704701207047000078
:104AE4002DE9F04782B0038BE3B18146224B1A884B
:104AF4004FF6FF739A423BD008F0BCFA03B2B3F10D
:104B0400FF3F37D01FFA80FA0AEB4A06F601B6B225
:104B14004846FFF707FF80464846FFF7E5FE07468D
:104B240000251BE0154807F0B1FCE9B24046FFF749
:104B3400E3FE0446124BC31A5B1001220092114A91
:104B440002EB03334FF4805206EBC5010A48008898
:104B540008F0FEFAFF23637023700135BD42E4DBE5
:104B64000020A9F81800A9F81AA002B0BDE8F0873F
:104B74000C20FAE70C20F8E744C00120588E0120ED
:104B840090D00120142E02202DE9F04383B0074673
:104B940001EB4101CE01B6B2FFF7C4FE81463846AF
:104BA400FFF7A2FE8046002517E03846FFF7CEFE49
:104BB40004460E4BC31A5B10012200920C4A02EB0E
:104BC40003334FF4805206EBC5010A48008808F00D
:104BD40081FA84F80090657001354545E5DB0123D1
:104BE4003B8300237B8303B0BDE8F08390D0012096
:104BF400142E022044C001202DE9F04383B0044662
:104C0400038B4BB12046FFF78DFE80462046FFF70D
:104C14006BFE814600241DE0418BFFF7B5FFF1E7F1
:104C240003EB44035B78A3421ED112E01A4807F059
:104C34002DFC4FF48052284607F0E4F9174B33F863
:104C44001420ADF80420328823F81420BDF8043071
:104C5400338001344C451CDA114D05EB04350F4B00
:104C640013F81470B845DBD0E1B24046FFF744FEB8
:104C740006460028DAD0094BC31A5B10084901EB39
:104C84000331FF2FD5D14FF48052284613F01AF880
:104C9400D4E703B0BDE8F083488E012090D0012012
:104CA400142E02202DE9F0410D461C4B1F68384696
:104CB400FFF71AFE0446804605F5BF551F352D1330
:104CC4003846FFF72FFE0646A54222D3A54213D944
:104CD400AC4211DA3846FFF739FEE0B10670447091
:104CE4000134F5E7E1B23046FFF706FEFF234370D7
:104CF400037001344445F5D3084B03EB05327A6560
:104D04005A63AD00BD653846FFF776FF0020BDE865
:104D1400F0812C46EEE70C20F9E700BF142E0220A8
:104D24000E49814217D810B504460B685B6D834267
:104D340001D9002010BD411A0020FFF7B3FF00285D
:104D4400F8D0064B1B685A6DA21A9988044805F0DE
:104D54007DF80C20EEE71620704700BF142E0220C9
:104D6400688E012030BF7047EFF305806946F3B4C5
:104D74004046494652465B460FB4684633498D4621
:104D8400FFF7FCF9069832490860324806907047EC
:104D94000FB460462E49096803B568462E498D460E
:104DA40001B4FFF783FA01BC854607F003F90DBC93
:104DB4009E46844603BC02B09746E0B541464A4647
:104DC40053465C4665463EB401B424496A468A614A
:104DD40007F06AFB1D498D46041CFFF70DFFBFF366
:104DE4006F8F012020701D4881698D4600201C4969
:104DF400088001BC3EBC884691469A46A346AC4610
:104E0400E0BDE0B541464A4653465C4665463EB47D
:104E1400818802B411496A468A6103B46C460B491D
:104E24008D46FFF707FEBFF36F8FA54603BC07F05F
:104E340095F900200A49088001BC00203EBC884640
:104E440091469A46A346AC46E0BD000000200820E7
:104E54004C220720C04C002014360220142E0220BD
:104E64001422072010B5164B1A68EFF3108472B69B
:104E7400D2E8CFEF5FF0010CBEF1000FF8D1C2E829
:104E84004ECFBEF1000FF3D1BFF35F8F5C60827C25
:104E94000F2A0CD8437CC1540133594203F00F0349
:104EA40001F00F0158BF4B42437401328274044B2A
:104EB40019685B680022C1E88F2F83F3108810BD46
:104EC4008406022010B50346154A1068EFF31081DA
:104ED40072B68C46D0E8CF4F5FF0010E002CF9D1AA
:104EE400C0E844EF002CF5D1BFF35F8F5160987C8C
:104EF40070B11A7C13F802E00132514202F00F0241
:104F040001F00F0158BF4A421A7401389874704670
:104F1400034B1A680023C2E88F3F8CF3108810BD3E
:104F2400840602202DE9F04782B00021084611F0E2
:104F3400FFFF0EF035FA074689460646884666E0C6
:104F44000134032C22DCE5B2284611F06FFD002861
:104F5400F6D004EB8402C4EBC202374B134493F83B
:104F64002530002BECD010461030334B184403305E
:104F7400FFF7A8FF8DF8070001220DF1070128466D
:104F840011F032FD284611F0CDFCD9E7002406E0EB
:104F94004FF0FF31C9B22846FFF764FF0134032CF8
:104FA4001ADC5FFA84FA504611F096FC0028F5D01A
:104FB40004EB8405C4EBC5051F4B1D44AB7C0F2BD0
:104FC400ECD801220DF10701504611F091FC0028A4
:104FD400DED09DF80710DDE70EF0E2F904460D4639
:104FE400C31B61EB0903002B18DAA31B65EB080351
:104FF400002B0CDBFEF772FAFEF70EFD0646FEF7F9
:1050040065FE864200D80646361945F1000800219F
:105014004FF0FF3011F0A0F9002492E7FEF70CFBEB
:10502400FEF7FAFC0746FEF723FE874200D8074640
:105034003F1945F10009D8E73821072008B50138A0
:1050440000EB8003C0EBC300044B1844837C13B112
:10505400FFF738FF08BD4FF0FF30FBE7382107208A
:10506400013800EB8003C0EBC300054B034493F805
:1050740025300F2B01D9002070470120704700BF55
:1050840038210720064B1B6823B128B1042805D911
:1050940000207047002070470020704701207047AF
:1050A400D421072038B504460D462046FFF7D8FF23
:1050B4000128FAD1013C04EB8403C4EBC30404F1DA
:1050C4001000064B18440330234493F825300F2B6B
:1050D40000D938BD2946FFF7C5FEFAE73821072075
:1050E400013800EB8003C0EBC300034B03440122EF
:1050F40083F82620704700BF38210720014B012286
:105104001A607047D4210720014B00221A607047AF
:10511400D421072008B503480EF01AF802480FF00E
:105124004BFD08BD84060220554E002010B50446F0
:1051340040F23653984227D00846022215490BF014
:1051440073F8B0F1FF3F16D0124B18781B2813D810
:1051540040F231539C4219D10DF09CFB0D4B1A784F
:105164004FF0010141EC44205B78003B18BF012360
:1051740043EC4020002010BD074B13221A75002277
:105184005A754FF0FF30F6E71C20F4E74FF0FF307C
:10519400F1E700BF24110220142E022000487047BA
:1051A40018B801200048704704B7012060B9104BBB
:1051B40040F209425A80012301335B009BB20C4840
:1051C40043F440730380704704280ED8094A52F808
:1051D40020000023122BEFD8C25C002AECD001334C
:1051E400034921F81320DBB2F4E70020704700BF25
:1051F40090060220F0B601200FB400B583B004ABD2
:1052040053F8042B01937AB1084C019BA02120464A
:105214000FF0FAFA064804F0CBFB204604F0C8FB72
:10522400044804F0C5FBFEE7034AEDE7BCDC0120BB
:10523400C48E0120A0A40120BC8E012010F00F0018
:1052440007D10F4BDA689B681B699A4213D200207E
:1052540070470B4AD3689268411E133052F82000FD
:1052640083420AD2043102EB810252681344044A95
:10527400D36000207047012070470120704700BFB1
:1052840034D9012010B5044602098C20244B00FBBC
:105294000233244A9360117101290AD002290FD0E4
:1052A40091B1214B05221A7500225A754FF0FF3037
:1052B40010BD092004F080FA30B14FF0FF30F7E759
:1052C4001A4B1A88174B5A71174AD2F80811154B02
:1052D4001982D2F80011D960D2F80C211A60204644
:1052E400FFF7ACFF0028DCD100240E4B1B8AABB1C6
:1052F4000C4B9B685B68984701460028D1D0094B4A
:10530400188A8AB2801A1882224494B21A6802EB6C
:1053140041221A60DA680A44DA60E6E76002C7E705
:1053240048D9012034D90120142E02201822072044
:10533400030900F00F013F2813D80F4A8C2000FB0B
:10534400032212696AB1A1B1013903EB8303C3EBF0
:10535400C3030B441433084A52F823300BB1002022
:105364007047064B13221A7500225A754FF0FF300E
:1053740070470020704700BF48D90120142E022036
:1053840008B5034B01229A74FFF77CFF08BD00BFE8
:1053940034D9012008B5034B00229A74FFF772FF39
:1053A40008BD00BF34D9012070B582B004460B4655
:1053B400114606094FF08C0C1E4D0CFB06551E4E73
:1053C400B56040F2071C63451DD044F203129342BA
:1053D40005D0B3F5837F06D04FF0FF301DE0AB68F6
:1053E4000BB3984719E0EB68FBB108460AF039FFA4
:1053F400114BD8602046FFF721FFC0B90E4B9B68C4
:10540400DB68984709E010F00F0408D12B69019379
:1054140004220DEB02000AF02FFF02B070BD13341A
:1054240055F82430F3E70020F7E70020F5E74FF0C4
:10543400FF30F2E748D9012034D9012008B50648E5
:10544400064B984203D843682BB18C30F8E70448E4
:1054540004F0AEFA002008BD48D90120ECDA01209E
:10546400D88E012008B5084BC31A9B10074A02FBCB
:1054740003F3074A906003F1610000F071F80A2019
:10548400FEF784FD08BD00BF48D901208BAFF88A20
:1054940034D9012038B50C46054610B9214B1B7888
:1054A4003BBB214B53F82520204B1A60012C28D0FC
:1054B400012C14BF002401241D4B1C701D4BD3F878
:1054C4000C111D4A1160D3F80011184A136803EB3C
:1054D40041231360194A52F825108B4219D2184AF5
:1054E40012881344994214D30CF0E6F9144B18882B
:1054F40038BD104B1E221A7500225A754FF0FF302A
:10550400F6E7092004F058F90028D1D04FF0FF3015
:10551400EEE7084B05221A7500225A754FF0FF304A
:10552400E6E700BF422207202CB80120EC0B07203D
:1055340041220720142E0220E80B072034B8012052
:1055440010220720012801D100207047034B0622B6
:105554001A7500225A754FF0FF307047142E02203E
:105564002DE9F04781460146474804F06FFC04F0FA
:1055740053FB0646454B01229A7400271F7118609D
:10558400DF603D46BA4652E006F5BF7007F008FCFE
:1055940061E03E4BD3F80CA03D4804F009FA042521
:1055A4005DE00F2B29D0852B27D004F11C0306EBDB
:1055B4000313D3F80610354A906841442A1D00EBC2
:1055C40082025160D3F80A2005F1140340F8232025
:1055D40001352A4649462F4804F038FC0134032C8F
:1055E40021D80E2D1FD806EB041393F8C231052BD6
:1055F40003D0D6D8002BF1D0D7E704F11C0306EB77
:105604000313D3F806305344204AD360032DE5D85E
:1056140004F11C0306EB0313002202219972DA72CF
:105624001A735A73C1E70137184BDB68EBB1174B98
:1056340001221A829B685B689847B0B1B6F8FE21D4
:105644004AF655239A4210D12FB9B6F87C2145F673
:10565400B5639A4298D0312F07D8012F99D00B4BBC
:10566400D3F80C800024DC60B9E7BAF1000F01D054
:10567400032D04D8304604F020FABDE8F08706482C
:1056840004F096F9F6E700BFE88E012034D9012032
:10569400F08E0120F48E0120FC8E012070B582B0C2
:1056A400FAF74EFF0020FAF73BFF142402E0FAF762
:1056B40061FF013C002CFAD10021402000F03AF9AE
:1056C400012804D000F008F9204602B070BD14206F
:1056D40009F0FCFF05464FF4D571482000F02AF983
:1056E40001284CD1264607E0FAF744FF06F10803E7
:1056F4006B4403F8040C0136032EF5D99DF80630EB
:10570400012B16D19DF80730AA2B5CD1284609F04D
:10571400F1FF30B94FF08041E92000F00BF9002887
:10572400F4D1284609F0E6FF38B100F0D5F800249A
:10573400CAE700F0D1F80024C6E700217A2000F07F
:10574400F9F858B100F0C8F80024BDE7FAF712FFE1
:1057540004F108036B4403F8040C0134032CF5D959
:105764009DF8043013F0400F07D0C02600F0B4F8C1
:105774000120FAF7D5FE3446A6E74026F6E70021D5
:10578400E92000F0D7F801281ADD10264124284624
:1057940009F0B0FF28B90021204600F0CBF800281A
:1057A400F5D1284609F0A6FF30B94FF40071502016
:1057B40000F0C0F8044650B100F08EF8002483E7EE
:1057C4002026E924E3E700F087F800247CE700F0D2
:1057D40083F8002E3FF478AFCAE7000030B585B0F7
:1057E4000146344B1860344804F030FBFFF756FF91
:1057F40030F0800319D00446FFF720FE054690B12F
:105804002E4B43602B4B1B6803F00F0323430370A1
:105814000021492000F08EF858B100F05DF8002115
:105824002846FFF71FFE05B030BD254804F00EFBE7
:10583400F9E700F063F8FE28EFD1002408E0FAF756
:1058440099FE04F110036B4403F8100C0134E4B224
:105854000F2CF4D99DF800309B09012B20D09DF822
:10586400052002F00F029DF80A3002EBD3129DF8D6
:1058740009305B0003F006031A449DF808109DF8F4
:1058840007309B0003EB91139DF80610890201F485
:1058940040610B4401332B61073A93402B61BCE711
:1058A4009DF809309DF8082003EB022301339B0285
:1058B4002B61B2E750C00120008F0120ED58002079
:1058C400108F012010B5002404B110BD2046FFF74D
:1058D40085FF0134E4B2F7E708B5074B1B7833B111
:1058E400FAF748FE0028FBD0034B00221A70FAF79F
:1058F40027FEFAF73FFE08BD2F22072070B50546A4
:10590400052009F0E3FE064605E0FF280ED13046E7
:1059140009F0F0FE38B9FAF72DFE0446002DF4D054
:10592400FF28F4D102E0024804F042F8204670BD9A
:10593400208F012038B504460D46FFF7CDFF14F043
:10594400800F07D004F07F0400217720FFF7F2FFD7
:1059540001282CD8FFF7C0FFFAF7F8FD402C04D03B
:105964000120FFF7CBFFFF2826D12046FAF7F4FDEC
:10597400280EFAF7F1FDC5F30740FAF7EDFDC5F37C
:105984000720FAF7E9FDE8B2FAF7E6FD402C0FD05C
:10599400482C0FD00120FAF7DFFDFAF7EBFD1424B1
:1059A400FAF7E8FD10F0800F01D0013CF8D138BDC2
:1059B4009520F0E78720EEE7FF20F8E738B5364B6F
:1059C4009B681B7803F00F03344A136000242DE016
:1059D400582032E0304BD96838E00120FFF78EFFC1
:1059E400FF2815D1FE20FAF7B7FDFAF7E3FDFF20F3
:1059F400FAF7B2FDFF20FAF7AFFD0020FFF77EFFB4
:105A040000F01F05052D14BF0025012500E0002529
:105A1400214B9B7C002B2BD1214B01221A70002D92
:105A24002CD1204803F0C4FF0134E4B2072C2AD857
:105A3400194B9B7C002BCBD05120174B9B6893F9BF
:105A44000030002BC6DB144BD9684902FFF772FF04
:105A54000028DCD1104B9D7C002DBED0FFF74EFFFB
:105A6400FE280CBF01250025D2D1FAF793FDCFE71C
:105A7400FFF732FF0A4B00221A70D0E7074BFF22D0
:105A84001A60012007E0084B002005221A7558759A
:105A9400024BFF221A6038BD34D9012050C00120C6
:105AA4002F220720308F0120142E02200131436859
:105AB4008B4200D8002108467047024601F1010CD0
:105AC400881C117A01238B40013B184200D06046A8
:105AD4001268536852789340834200D8002070477C
:105AE400012303FA00F0A0F114021846842300E015
:105AF4000130884203DA5B0084339A42F8DA704753
:105B04004FF0FF3343628362C362837A23F00E0350
:105B140083727047C36803610023C360437A01330F
:105B24004372704770B504460E460068E1694578D3
:105B3400E940FFF7BBFF6369EB40834204D0A84010
:105B4400E06138B1002070BD0EB1052333704FF011
:105B5400FF30F8E72046FFF7DDFF0020F3E710B53C
:105B64000446002343720268526892090261C360CA
:105B74008372C361836143614FF0FF330362FFF7B4
:105B8400BFFF23681B7801229A40FF21606811F04F
:105B940013FF10BD08B501228A40143AFF211430C6
:105BA40011F00AFF08BD2DE9F04383B005460C4609
:105BB40090461F46002601E00134013628684368F8
:105BC400A3422ED9072E2CDC417804FA01F12B7A5A
:105BD4004FF0010C0CFA03FC0CF1FF3C41EA0C09F8
:105BE4002146FAF7D3FB0028E6D128680378019709
:105BF4006A680092012202FA03F300224946FEF782
:105C040034FD03460028D7D16A6811784429D3D1DA
:105C140051786829D0D19278612ACDD1C8F8004052
:105C240004E03FB103233B704FF0FF33184603B049
:105C3400BDE8F0834FF0FF33F8E72DE9F04182B07F
:105C44000546884603685E68013E0F4601E03CB3A2
:105C5400661EB74228D8BC19640800236A46214648
:105C64002846FFF7A0FF0028F1DB6B68DB786A7A2F
:105C74009A42ECD1009901312B685B6899420DD2AC
:105C8400002301AA2846FFF78EFF002806DB6B6875
:105C9400DB786A7A9A4201D1019FDAE7DDF8008065
:105CA400404602B0BDE8F0814046FAE72DE9F041F4
:105CB40082B00646174603685B7821FA03F801258B
:105CC4009D40013D0D40037ADD4000E0013D002D83
:105CD40026DB3068447808FA04F46B1C327A93406B
:105CE4001C440378019772680092012202FA03F3BC
:105CF4000022611EFEF7B9FC02460028E6D1736853
:105D040019784429E2D159786829DFD19978612931
:105D1400DCD1DB78717A9942D8D1023C346204E058
:105D24003FB103233B704FF0FF32104602B0BDE891
:105D3400F0814FF0FF32F8E7F8B505460F46037AD5
:105D440001269E40002400E00134B44207DAE11940
:105D54002868FAF71FFB03460028F5D100E0012369
:105D64001846F8BD2DE9F0470646894603685B7876
:105D7400027A9B1A4FF0010A0AFA03FA0AF1FF3871
:105D840000270AE06F1C574521DA337A0121994034
:105D940021443046FFF7D0FFC8B9474513DC07EB71
:105DA40008056D10347A05FA04F433685B7809FA4F
:105DB40003F31C4321463046FFF7BEFF0028E1D021
:105DC40005F1FF38E9E733685C7809FA04F4204602
:105DD400BDE8F08738B50446C1610BE0E16920688D
:105DE40045780123AB40013B19420ED02046FFF712
:105DF400A3FFA0B9E1692046FFF75FFEE061002838
:105E0400ECD12046FFF786FEE8E7A3695940E94054
:105E140005D123FA05F1FFF749FEA840A06100204F
:105E240038BDF8B504460F46C5692946FFF745FE57
:105E34006369226851784340CB4002D16840C8402E
:105E44001FD1A37A43F00103A37252780123934034
:105E5400013B1D4227D10026072E1EDCE569206880
:105E64004378DD402946FAF791FA80B1E3680133BB
:105E7400E36039462046FFF755FE002815DB01365E
:105E8400EAE70FB105233B704FF0FF300CE03A46D0
:105E940029462068FEF7C2FB06E04FB103233B709E
:105EA4004FF0FF3000E00020F8BD4FF0FF30FBE77B
:105EB4004FF0FF30F8E710B504460068A16A437854
:105EC400D940FAF765FAA37A13F0020F03D12046FA
:105ED400FFF716FE10BD2068E16A4378D940FAF74F
:105EE40057FAF4E710B50446C36AB3F1FF3F04D090
:105EF400026852784B40D34012D020684378D9408E
:105F0400FAF746FAA37A23F00803A372A26A236875
:105F1400597801238B405B4213406362226210BDB7
:105F2400837A43F002038372ECE7F0B583B004464E
:105F34000E46002517E02046FFF7ECFD2EE09DF805
:105F44000730012B30D1E3680133E3602068E16955
:105F54004378D940FAF71CFA31462046FFF7E2FDB0
:105F6400002826DB0135072D26DC0DF1070120462C
:105F7400FFF757FF0028E2D10DF107036268E169DA
:105F84002068FEF75EFB07460028D8D1E169E1628C
:105F94002046FFF792FDE0610028CCD023681978F1
:105FA4006068FFF7F7FD0CE006B133704FF0FF3780
:105FB40007E04FF0FF3704E036B1032333704FF0AE
:105FC400FF37384603B0F0BD4FF0FF37F9E770B53F
:105FD4001546C66901292BD10446C3680133C36041
:105FE4001146FFF79FFD002840DBA37A13F0040F4E
:105FF40023D12068417801238B40013B1E4226D0E7
:10600400216AA1624278012303FA02F2524211404A
:106014006162227A9340013B1E421ED1A37A43F06F
:106024000403A3722DB304232B704FF0FF3070BD13
:1060340002B111704FF0FF30F9E731462046FFF707
:1060440051FF0DB104232B704FF0FF30EFE726FA18
:1060540001F1FAF79DF90020E9E729462046FFF708
:1060640064FF0028DADA4FF0FF30E0E74FF0FF304A
:10607400DDE74FF0FF30DAE770B582B0044615462D
:10608400C669037A012098400138C0B2304000EB61
:1060940040108000143091B184226368184411F0D8
:1060A40011FEE269911C207A01238340013B1942CD
:1060B4000CD022620132E261002002B070BD63683C
:1060C4008422FF21184411F077FCEAE76368442234
:1060D4001A7068225A7061229A706368627ADA7060
:1060E4006268A3691371190A5171190C91711B0E1D
:1060F400D3716268E3681372190A5172190C9172B0
:106104001B0ED372626823691373190A5173190C35
:1061140091731B0ED373E1690DF1070362680131BA
:106124002068FEF78EFA002816DBA37A23F0010319
:10613400A3722662E1692046FFF7BFFCE06190B1DB
:10614400A37A13F0080F12D1A37A13F0040F12D11B
:10615400A36963610020B0E72A469DF80710204632
:10616400FFF735FFA9E72046FFF7D4FCE8E7204610
:10617400FFF7A1FEE8E700209FE710B504460B46B1
:106184000160426049781878FFF7AAFC2072204623
:10619400FFF7E5FC10BDF0B583B004460E460B4690
:1061A40001AA0021FFF7FFFC002849DB6368DB78C4
:1061B400637201992046FFF740FD01462046FFF730
:1061C400D1FD0746324601462046FFF76FFD002801
:1061D4003CDB60680379427943EA0223827943EA2B
:1061E4000243C27943EA0263A361037A427A43EA2F
:1061F4000223827A43EA0243C27A43EA0263E360F7
:10620400057B437B45EA0325837B45EA0345C37B42
:1062140045EA0365256123681978FFF7BBFC32461C
:1062240039462046FFF7D6FD002815DB0025A57268
:10623400A36963612046FFF763FC284603B0F0BD01
:106244002046FFF78CFC4FF0FF30F7E72046FFF7BE
:1062540086FC4FF0FF30F1E72046FFF780FC4FF05B
:10626400FF30EBE7016902685368D0F80CC08C4535
:106274002CBFA3EB0C035B1A013B5278007A121A71
:10628400934003FA00F0C01A7047C269017A22FAF7
:1062940001FC436993420ED910B4046860686478C1
:1062A400A0400244C8408444D01ACB40A3EB0C0362
:1062B400184410BC7047D01ACB40A3EB0C0318440D
:1062C400704770B582B0864610469EF808200124B7
:1062D4009440013C01EA040C5FFA8CFC0CEB4C1C6E
:1062E4004FEA8C0C0CF1140CDEF81C504D40D540D8
:1062F40014D0DEF82C60B6F1FF3F04D0DEF828504D
:106304004D40D54012D0019300908423624621432E
:10631400DEF80000FEF7A9F902B070BDDEF8041043
:106324008422614411F0CEFC0020F5E70193009033
:10633400842362463146DEF80000FEF796F9EBE767
:1063440070B5C3698469A3422AD0054603685A78A4
:1063540001239340013B1C4220D1D4400026072E48
:106364001CDCEB6928684278D340A3420AD021465A
:10637400FAF70CF830B121462868FFF797FB04467A
:106384000136ECE72B685B7804FA03F0A861EB694B
:10639400984204D14FF0FF332B6200E0A86970BD2E
:1063A4004FF0FF30FBE738B5C56981698D420AD0EB
:1063B4000446FFF782FBA061A37A13F0050F00D116
:1063C4006061854200D038BD4FF0FF332362FAE7A5
:1063D40008B5C36983614FF0FF330362837A43F0E6
:1063E40001038372036819784068FFF7D3FB08BD83
:1063F4002DE9F04182B004460E4690461F46002522
:1064040008E03A469DF807102046FFF7E0FD002813
:1064140021DB0135072D16DC0DF107012046FFF7BE
:1064240000FD0028EDD146B10DF107033246E169C4
:106434002068FEF706F90028E3D13A464146204693
:10644400FFF71AFE04E04FB103233B704FF0FF3017
:1064540002B0BDE8F0814FF0FF30F9E74FF0FF30B4
:10646400F6E72DE9F04182B004460F4690461E46F9
:10647400002508E032469DF807102046FFF7A7FDE7
:10648400002820DB0135072D15DC0DF1070120461E
:10649400FFF7C7FC0028EDD10DF10703E269394687
:1064A4002068F9F79FFF0028E4D132464146204690
:1064B400FFF7E2FD04E04EB1032333704FF0FF30E9
:1064C40002B0BDE8F0814FF0FF30F9E74FF0FF3044
:1064D400F6E738B5456A837A13F0040F10D0044602
:1064E40013F0080F0FD1826AAA4205D02946FFF79C
:1064F400E4FA6062284638BD43F008038372F9E782
:106504004FF0FF35F6E74FF0FF35F3E7890004312C
:106514004218435C517843EA0123917843EA0143EA
:10652400D07843EA006070472DE9F04FA3B081466C
:1065340088469346DDF8B0A0066A1F4633B1397029
:106544000B0A7B700B0CBB700B0EFB70B6F1FF3F9C
:106554005CD0534601AA31464846FFF7B2FE0028F4
:106564006EDB002410E0214601A8FFF7CFFF0646AA
:10657400B0F1FF3F30D0534601AA01464846FFF729
:10658400A0FE00285FDB013425461F2C37D89DF878
:1065940004309DF8052043EA02239DF8062043EACF
:1065A40002439DF8072043EA0263B3F1FF3F2ED074
:1065B40088EA03034FF00042EA4013420ED0002F52
:1065C400D1D0AD0004357B197E55320A5A70320C95
:1065D4009A70360EDE70C6E7013418E0002FD2D070
:1065E400214601A8FFF792FFAD0004357B197855C9
:1065F400020A5A70020C9A70000ED870C3E7BBF1FD
:10660400000F23D0CBF80060002016E000244FB91F
:106614000BE001349B000433F918FF22FA544A704A
:106624008A70CA7023461F2CF3D9BAF1000F0FD019
:1066340006238AF800304FF0FF3023B0BDE8F08F16
:106644004FF0FF30F9E74FF0FF30F6E70020F4E7B2
:106654004FF0FF30F1E770B5A2B004460D46066A6C
:106664004068626B0274130A4374130C8374120E31
:10667400C274B6F1FF3F0FD00B4601AA3146204643
:10668400FFF71FFE00280EDB2B4601AA31462046E9
:10669400FFF7E7FE22B070BD0B46002211462046EC
:1066A400FFF7A6FEF6E74FF0FF30F3E770B5A6B0AC
:1066B40005460E461446134603AAFFF702FE0028B9
:1066C4003DDB9DF80C109DF80D3041EA03219DF847
:1066D4000E3041EA03419DF80F3041EA0361B1F104
:1066E400FF3F2FD00DF19303009303AB25AA284657
:1066F400FFF71AFF002804DB259BB3420CD00020CF
:1067040021E09DF89330062B01D100201BE004B159
:1067140023704FF0FF3016E06A686B6B1374190A2C
:106724005174190C91741B0ED374234603AA314679
:106734002846FFF796FE002807DB002003E04FF011
:10674400FF3000E0002026B070BD4FF0FF30FAE7C4
:1067540070B582B0164604291BD104460025A37ADD
:1067640013F0040F2AD02046FFF7B3FE0146B0F120
:10677400FF3F13D00DF107022046FFF797FF0028D3
:10678400EDDA9DF80730042B0ED1072D11DC01350D
:10679400E5E702B111704FF0FF3010E00DF1070191
:1067A4002046FFF758FFEAE706B133704FF0FF3099
:1067B40005E0002EFAD003233370F7E7002002B07F
:1067C40070BD2DE9F047C6B0064617460DF2171303
:1067D400009324AB0022FFF7A7FE00280CDB1F2444
:1067E400002C14DB214624A8FFF790FE0546B0F1E7
:1067F400FF3F0CD1013CF3E79DF81731062B01D183
:10680400002074E007B13B704FF0FF306FE0002CC4
:1068140033DB3B4603AA29463046FFF752FD0028E6
:1068240068DB9DF80C309DF80D2043EA02239DF8A7
:106834000E2043EA02439DF80F2043EA02638DF8D9
:1068440090301A0A8DF891201A0C8DF892201B0EA4
:106854008DF893304FEA840909F104090DF1900A87
:106864000AEB0908FF230AF8093088F8013088F890
:10687400023088F80330013418E000247463304691
:10688400FFF7A6FD204632E0214603A8FFF73EFEAF
:10689400A300043324A9CA18C854030A5370030C70
:1068A40093704FEA106C82F803C001341F2CEBD9AB
:1068B400FF230AF8093088F8013088F8023088F894
:1068C40003307268736B013B1374190A5174190C09
:1068D40091741B0ED3743B4624AA29463046FFF715
:1068E400C0FD002809DB736B013B7363002046B0D5
:1068F400BDE8F0874FF0FF30F9E74FF0FF30F6E7DF
:1069040038B504461D4603B901252046FFF735FC7A
:1069140084F8305038BD10B50446FFF73CFC00281D
:106924000DDB6268137C517C43EA0123917C43EACA
:106934000143D27C43EA02636363002010BD002359
:1069440063634FF0FF30F9E710B50446FFF78AFCA4
:1069540094F830300133B0FBF3F322685178082205
:106964008A409918814202D2C01A801A10BD0020B0
:10697400FCE700B583B000930023FFF7D5FD03B017
:106984005DF804FB70B584B016461C4605680DF12D
:106994000F0302AAFFF7EDFF002812DA9DF80F306B
:1069A400062B09D12B7801229A40FF21304611F0A1
:1069B40003F8002004B070BD04B123704FF0FF3021
:1069C400F8E72B7801940096012202FA03F30022DF
:1069D40002992846FDF749FEECE730B583B004463A
:1069E4000D46436BEBB12046FFF7AAFC0146B0F11C
:1069F400FF3F13D00DF107022046FFF757FE50B1B9
:106A04002A469DF807102046FFF7A2FE0028EADA7E
:106A14004FF0FF3003E02046FFF7C5FC002003B031
:106A240030BD0020FBE770B505460E46FFF72DFC90
:106A340004462846FFF788FF84420ED3002495F8C5
:106A44003030A34207DD31462846FFF7C6FF002851
:106A540005DB0134F3E7002000E0002070BD4FF0B7
:106A6400FF30FBE7F0B585B004460E4617461D46D9
:106A74001946FFF7D8FF00282FDB0DF10F03009311
:106A84003B46002231462046FFF74EFD00280BDB33
:106A94006268636B1374190A5174190C91741B0E98
:106AA400D374002005B0F0BD9DF80F30062B09D13A
:106AB400666B2046FFF748FF864208D2636B0133BA
:106AC4006363E5E705B12B704FF0FF30EAE70DB1E2
:106AD40007232B704FF0FF30E4E74FF0FF30E1E77E
:106AE4002DE9F041A2B004460F4690461D46666B60
:106AF4002B4601AA39462046FFF7B4FF002811DBD4
:106B04000DF1030301AA41462046FFF771FC034639
:106B140050B166632A469DF803102046FFF718FE1D
:106B24000028E4DA4FF0FF33184622B0BDE8F081C4
:106B340070B582B004460E46154629462046FFF736
:106B440072FF00280FDB0DF1070231462046FFF7E4
:106B540038FE034648B12A469DF807102046FFF741
:106B6400F7FD0028E9DA4FF0FF33184602B070BD94
:106B74000378407843EA002070470378427843EA78
:106B84000223827843EA0243C07843EA00607047F4
:106B94000170090A417070470170C1F30723437003
:106BA400C1F307438370090EC170704720B1421EC0
:106BB400104203D000207047002070470120704726
:106BC40090F85831202B06D04FF6F773994294BFB2
:106BD4000020012070470348814294BF0020012017
:106BE400704700BFF7FFFF0F90F85831202B06D0F5
:106BF4004FF6F773994214BF0020012070470348F1
:106C0400814214BF00200120704700BFF7FFFF0F2F
:106C140090F85831202B02D04FF6FF7070476FF078
:106C24007040704784460022104608E0C30143EADE
:106C340050031CF8021051FA83F3D8B201320A2A25
:106C4400F4D9704708B5042907D8490089B201313D
:106C540089B20844FFF78CFF08BD0A2904D8023121
:106C640089B2490089B2F4E7033189B2490089B293
:106C7400EFE708B50B461146042B07D85B009BB21F
:106C840001339BB21844FFF783FF08BD0A2B04D8D5
:106C940002339BB25B009BB2F4E703339BB25B000D
:106CA4009BB2EFE770B4037B03F0080403F0100514
:106CB400082300E001330A2B04D8C25C202AF9D04F
:106CC400012600E000260022134605E01D2A02D812
:106CD40001F802C001320133072B11D810F803C0A8
:106CE400BCF1200F0CD0002CF0D0BCF1400FEDD93A
:106CF400BCF15A0FEAD80CF1200C5FFA8CFCE5E7E2
:106D0400CEB11D2A02D82E238B540132082304E06D
:106D14001D2A01D88C54013201330A2B0BD8C45CD0
:106D2400202C08D0002DF3D0402CF1D95A2CEFD8C8
:106D34002034E4B2ECE700238B5470BC704700B5F8
:106D44004FF01E0E04E0934226D1BEF1010E25D071
:106D54000378BBB12F2B15D0013011F8012BA3F10F
:106D6400610C5FFA8CFCBCF1190F01D8203BDBB23B
:106D7400A2F1610C5FFA8CFCBCF1190FE3D8203A44
:106D8400D2B2E0E70B782BB12F2B01D0002006E024
:106D9400012004E0012002E0002000E001205DF871
:106DA40004FB80EA014181EA104083B283EA104087
:106DB400012800D97047023080B2FBE780EA104016
:106DC40083B2C0F30F205840012800D97047023025
:106DD40080B2FBE710F0030F15D10D4BA3FB00238A
:106DE4005B09642202FB13039BB273B9084BA3FB38
:106DF4000023DB094FF4C87202FB130080B2B0FA1F
:106E040080F040097047002070470120704700BFA0
:106E14001F85EB5110B54B1E064AD45C022901D0E4
:106E2400204610BDFFF7D6FF0028F9D00134E4B2A4
:106E3400F6E700BF3CB801202DE9F84F8B46924697
:106E4400374DA5FB00352D0C364A02FB1502364B97
:106E5400A3FB02394FEAD927C9F3C7294FF4616369
:106E640003FB1727314BA3FB0717C7F34717A3FBF4
:106E740002384FEA5818C8EB0818A2EB88085FFAE2
:106E840088F840F2B2740AE040F26D13AB4217D8AE
:106E9400ED1A0134A4B240F63B039C4207D82046C5
:106EA400FFF798FF0028EFD04FF4B773EEE74FF0E9
:106EB4003A083B274FF0170940F63B044FF4B675E8
:106EC40001260C2E09D831462046FFF7A3FFA8421D
:106ED40003D82D1A0136F6B2F3E7EDB20135EDB25F
:106EE40040F2BB739C4207D84FF000084746C146A6
:106EF40001252E4640F2BC74A4F2BC74730143EA2B
:106F040044231BB22B43ABF800307B0143EAC92373
:106F14001BB243EA5803AAF80030BDE8F88F00BF5B
:106F240007452EC280510100C5B3A2918988888883
:106F34001F281CD97F281CD03C2809D822281AD302
:106F44002238C0B20F4B23FA00F000F00100704762
:106F54005C2812D003D97C2807D0002070473E3823
:106F6400C0B201280BD900207047012070470120CE
:106F740070470120704700207047012070470120AE
:106F8400704700BF012100052DE9F8430378C3B120
:106F9400074688469146202B13D0002635461D2DE2
:106FA4001FD87C5DECB12F2C1BD014F0800F10D1B6
:106FB4002046FFF7BDFF60B928F8164001350136B9
:106FC400EDE7134B16221A7500225A754FF0FF3065
:106FD40014E00F4B16221A7500225A754FF0FF3039
:106FE4000CE06EB106F10043013B38F81330202B5E
:106FF40006D02E2B04D0C9F800600020BDE8F88329
:10700400034B16221A7500225A754FF0FF30F5E72C
:10701400142E0220A0F12103DBB25D2B15D83F28EA
:1070240009D8222813D32238C0B20C4B23FA00F01B
:1070340000F0010070475D2803D97C280BD10120A2
:1070440070475B2805D3012070470120704700205A
:107054007047002070470020704700BF0127003FA1
:1070640010B50446A0F16103DBB2192B0AD8A0F1D4
:107074002004E4B22E2C09D02046FFF7CBFF38B908
:10708400204610BD2028F5D10020FAE70020F8E7BB
:107094005F20F6E72DE9F04F83B007460191914652
:1070A4009B46DDF830A000241460CAF800404FF07D
:1070B400FF3800E001341D2C32D83B5D93B32F2BF5
:1070C40005D02E2BF6D1002CF4D0A046F2E70025F3
:1070D4000FE00026785DFFF7C3FF48B1B6B1DAF8D8
:1070E4000020022A04D8511CCAF800100BF8020030
:1070F4000135A54218D2B8F1000FEADBA845F7D054
:10710400454501DC0026E5E70126E3E7D9F8002040
:10711400072AEDD8511CC9F8001001998854E7E7F3
:107124000025E6E70025E4E703B0BDE8F08F0000A2
:107134000346012004E0044AA2FB0323DB080130D8
:10714400092BF8D8704700BFCDCCCCCC0DE0094B4F
:10715400A3FB0023DB081A4603EB8303A0EB4303E2
:10716400303301F80C301046624602F1FF3C002A2D
:10717400EDD17047CDCCCCCCF8B5012924D9044647
:107184001546D0F884318B421ED390F85831202B09
:1071940022D04900D4F8683101F4FF77002203EBD0
:1071A4005121208802F00AFD0646E8B194F85831CE
:1071B400202B13D03844FFF7DBFC0446304602F0A2
:1071C40077FC2C600020F8BD094B05221A750022BB
:1071D4005A754FF0FF30F6E78900DBE73844FFF7D4
:1071E400CCFC20F07044E9E74FF0FF30EBE700BF40
:1071F400142E02202DE9F04F83B00446884615462C
:107204001E460C9F97F80B9009F0100B07F11A001B
:10721400FFF7AEFC0190824694F85831202B07D03A
:1072240007F11C00FFF7A9FC01904E4F00220BE070
:1072340007F11400FFF79CFC4AEA004AF0E779885A
:10724400238899420BD09037474B9F421FD297F81F
:107254007030002BF3D1002AF1D13A46EFE797F8CA
:107264007410424BE31A1B11414800FB03F3DBB2D9
:107274009942E8D197F8833013F0010FE3D1FB6F03
:10728400AB42E0D1B7F88030B342DCD100E0002754
:10729400002F54D097F87030002B4CD16822002175
:1072A40007F1080010F088FB0023BB67FB67C7F8F1
:1072B4008030C7F88430C7F88830C7F88C3023880A
:1072C4007B802A4BE31A1B11294A02FB03F387F83C
:1072D400743031462846FFF764FDB88046F29103C6
:1072E4003B8063889B0103F0400387F873300123DC
:1072F40087F87030C7F878A0FD67A7F8806087F832
:107304008290D8F87830C7F88430BBF1000F20D0D1
:1073140044F2FF133B8102237B8119F0010F06D055
:107324003B8923F092033B81402387F8733038462E
:1073340003B0BDE8F08F013387F87030F7E70AB186
:107344001746ABE70B4B17211975002159751746E2
:10735400EDE748F2B6133B8101237B81019B3B613E
:10736400DBE700BF5815022098200220E40A02201F
:10737400295C8FC2142E022008B52322002110F0AC
:107384001BFB08BD2DE9F04705460F78CB7A0F2B80
:1073940029D10C4607F01F0691F80C80B8F1000FB4
:1073A40021D101F11A00FFF7E3FBE0B917F0400F18
:1073B4000AD0EEB123220021284610F0FDFA012361
:1073C4002B70637B6B70AE702B7843B13EB195F834
:1073D40002A0B24503D1627B6B789A420CD0284656
:1073E400FFF7CAFF02E02846FFF7C6FFBDE8F087B3
:1073F4002846FFF7C1FFF9E706EB460306EB8306D1
:107404000D3E1D2E01D90123EB70002707E04046F5
:10741400B9F11D0F02D8A94489F8040001370C2FD3
:1074240011D807EB060939462046FFF70BFC431E2B
:107434009BB24FF6FD729342E9D87F2801D8C0B2BF
:10744400E6E75F20E4E7002385F822300AF1FF3AFB
:1074540085F802A0CAE72DE9F04F87B082460E46B0
:1074640093464FF020330B604B60C1F80730FF2781
:10747400002300E001331D2B0BD81AF8032042B17E
:107484002F2A06D02E2AF5D1FF2F40F083801F46E5
:10749400F0E7FF2F51D0002F7FD0013BBB427FD0BC
:1074A400002202920492019291469046154603925C
:1074B400CDF814B0B3461BE000262E2C17D020467E
:1074C400FFF7A8FD00286ED1A4F16103DBB2192BEC
:1074D40020D8E6B10296203CE4B236B3B9F1020FEB
:1074E40064D809F108030BF8034009F101090135D7
:1074F4001D2D2ED81AF805405CB32F2C29D0FF2F50
:10750400DAD0BD4201D80026D7E70126D5E701230A
:107514000193E0E7A4F14103DBB2192BDDD80EB1EE
:107524000396DAE701230493D7E7B8F1070F40D8AD
:107534000BF8084008F10108D9E7002202920492EE
:1075440001929146904615460392CDF814B0B34685
:10755400CEE7039ADDF814B0B8F1000F2CD0019BEC
:107564000BB1049B5BBB029B03B15ABB019B1BB1D8
:10757400049B6BB1002300E00023029911B10AB906
:1075840043F010038BF80030002007B0BDE8F08F03
:107594000823F2E74FF0FF30F7E74FF0FF30F4E74E
:1075A4004FF0FF30F1E74FF0FF30EEE74FF0FF30E0
:1075B400EBE74FF0FF30E8E74FF0FF30E5E74FF03F
:1075C400FF30E2E74FF0FF30DFE72DE9F84F0746E1
:1075D40088464FF020330B604B60C1F80730FF261C
:1075E400002300E001331D2B09D8FA5C3AB12F2A9D
:1075F40005D02E2AF6D1FF2E4DD11E46F2E7FF2EDE
:107604003ED0002E4AD0013BB3424AD04FF0000A8C
:10761400D34655461CE04FF000092E2C17D02046C7
:10762400FFF7F8FC00283FD1A4F16103DBB2192B6A
:1076340001D8203CE4B2B9F1000F19D0BAF1020F1D
:1076440035D80AF1080308F803400AF1010A0135A4
:107654001D2D1AD87C5DC4B12F2C16D0FF2EDAD084
:10766400B54202D84FF00009D7E74FF00109D4E73B
:10767400BBF1070F1ED808F80B400BF1010BE6E72E
:107684004FF0000AD3465546E2E7BBF1000F14D091
:107694000020BDE8F88F4FF0FF30FAE74FF0FF30DD
:1076A400F7E74FF0FF30F4E74FF0FF30F1E74FF02A
:1076B400FF30EEE74FF0FF30EBE74FF0FF30E8E745
:1076C4002DE9F8430746894614469846089E099DC5
:1076D4002022002110F070F987F800900F23FB722C
:1076E4007C73002107F11A00FFF752FA002408E026
:1076F400B24213D04FF6FF7221463846FFF7B9FA6B
:1077040001340C2C0CD805EB450205EB8202224413
:107714000D3AB242ECD238F81220EDE70022EBE742
:10772400BDE8F8832DE9F04782B0012910D9044659
:107734009046D0F884318B420AD390F85831202BEC
:107744000ED04F004FEA572907F4FF77002517E0C2
:10775400234B05221A7500225A754FF0FF3036E08C
:107764008F00EFE71FFA88F101A8FFF711FABDF8BF
:107774000430F3530121304602F06EF968BB013541
:1077840094F86031AB4221D9D4F86811D4F86C3143
:1077940005FB031100224944208802F00FFA064633
:1077A400C0B194F85831202BDCD128F0704AC35969
:1077B400019301A8FFF7E1F900F0704141EA0A01E1
:1077C40001A8FFF7E9F9019BF351D3E7002002B0C8
:1077D400BDE8F0874FF0FF30F9E74FF0FF30F6E7F0
:1077E400142E022070B582B005460C46D0F88031C4
:1077F4000233012C2AD9D5F88421A24226D35E1E55
:107804001BB301AA21462846FFF7B6FCC0B90022E3
:1078140021462846FFF786FF90B9019C2146284659
:10782400FFF7CEF978B921462846FFF7DDF910B9FC
:107834000CB13346DDE70B4B05221A7500225A754D
:107844004FF0FF3004E0334600E0334613B100202C
:1078540002B070BD034B05221A7500225A754FF011
:10786400FF30F5E7142E022010B5144600220088DC
:1078740002F0A4F928B1E5220255012102F0ECF846
:1078840010BD4FF0FF30FBE72DE9F04190F85C812B
:1078940001291DD90646D0F884318B4218D3D0F87B
:1078A4007C71023908FB01770024A04518D9012214
:1078B400E119308802F082F90546A0B14FF4007254
:1078C400002110F079F8284602F0FBF80134ECE7C7
:1078D400064B05221A7500225A754FF0FF3000E05E
:1078E4000020BDE8F0814FF0FF30FAE7142E0220AB
:1078F4002DE9F04182B005468846D0F88841FFF76B
:1079040087F90746012C05D9D5F88431A34202D260
:10791400022400E0022400261AE03A4621462846C2
:10792400FFF700FF10B14FF0FF3032E02146284648
:10793400FFF7AAFF18BBD5F88431A34205D0631C16
:10794400C5F88831C8F8004023E00223F8E701367F
:10795400D5F88031B34215D901AA21462846FFF74C
:107964000BFC48B9019B002BD7D00134D5F88431E6
:10797400A342ECD20224EAE74FF0FF3009E04FF0D3
:10798400FF3006E0044B1C221A7500225A754FF092
:10799400FF3002B0BDE8F081142E02202DE9F0463C
:1079A40083B08C6F012C15D90546894617469A4633
:1079B400D0F88431A3420DD3B2B1D1F88820DAB122
:1079C400D1F88C60BE4219D8012A19D9934219D230
:1079D400002627E0334B05221A7500225A754FF012
:1079E400FF3003B0BDE8F086C1F888400020C1F83C
:1079F4008C00CAF80040F4E7002613E0002611E0EA
:107A040000260FE014460DE0019C21462846FFF7AE
:107A1400EBF830BB2CB3012C2BD9D5F884319C4224
:107A240027D80136BE4234D201AA21462846FFF7A0
:107A3400A3FB30BB01992846FFF7C2F80028E3D026
:107A44000A9B0BBB01A92846FFF752FFF0B9019A24
:107A540021462846FFF766FE0028D5D04FF0FF30B8
:107A6400BFE7104B05221A7500225A754FF0FF30FC
:107A7400B7E70C4B05221A7500225A754FF0FF30F8
:107A8400AFE74FF0FF30ACE70120AAE74FF0FF303B
:107A9400A7E7C9F88840C9F88C70CAF800400020EC
:107AA4009FE700BF142E02202DE9F04184B0054663
:107AB4001E46C2F308074FEA522C90F85831102B97
:107AC40005D08B6FA3B9012004B0BDE8F08191F813
:107AD400833013F0010FF4D0D0F8783163452FD9F7
:107AE400D0F87431634433600A9B1F800020EBE7B5
:107AF40095F85C81BCFBF8F208FB12C401230093E7
:107B040003AB2846FFF74AFF0028DDD1039B012B76
:107B14000ED9D5F8842193420AD8D5F87C21023BAA
:107B240003FB082353FA84F434600A9B1F80CBE7D9
:107B3400044B05221A7500225A754FF0FF30C3E733
:107B44000120C1E7142E0220F0B583B005460C468F
:107B540091F8833013F0010F03D090F85831102BB3
:107B640021D0A76F3FB3D5F8806102363346013E7A
:107B7400002B3CD06A4639462846FFF7FDFA002818
:107B840050D1009C21462846FFF71AF878BB2146BD
:107B94002846FFF729F808BB04B3D5F884319C4282
:107BA4001CD82746E2E7224B1C221A7500225A757C
:107BB4004FF0FF3019E001A92846FFF799FE70BB8A
:107BC400019BA367C4F888300023C4F88C3094F870
:107BD400733063F07F0384F8733006E0144B05229E
:107BE4001A7500225A754FF0FF3003B0F0BD76B11C
:107BF40001A92846FFF77CFEB8B9019A3946284600
:107C0400FFF790FD0028F0D04FF0FF30EDE7084B70
:107C140005221A7500225A754FF0FF30E5E74FF040
:107C2400FF30E2E74FF0FF30DFE74FF0FF30DCE7F3
:107C3400142E022070B584B005461C460DF10A03CB
:107C4400009303ABFFF730FF064610B1304604B093
:107C540070BD00220399288801F0B0FF024630B3BA
:107C6400BDF80A10431850F801C05D689868D968D7
:107C7400C4F800C06560A060E160D3F810C05D691D
:107C84009869D969C4F810C06561A061E1611046C2
:107C940001F00EFF089B13B1039B089A1360099B24
:107CA400002BD3D0BDF80A30099A1380CEE74FF0E9
:107CB400FF36CBE752B12DE9F0478AB006460F46AE
:107CC4009A4690460025A9462C4615E0184B1622E4
:107CD4001A7500225A754FF0FF3070473946304606
:107CE400FFF732FF40B14FF0FF301EE005B9A14667
:107CF4000135A84514D9203400230193009302AB25
:107D0400224639463046FFF795FF0128E6D050B9A0
:107D14009DF80830E52BE9D0002BE7D00025EAE7F1
:107D2400CAF8009001E04FF0FF300AB0BDE8F087D8
:107D3400142E022038B515461C460022008801F096
:107D44003DFFF0B102464319D4F800E0D4F804C072
:107D5400A068E16842F805E0C3F804C09860D960FF
:107D6400D4F810E0D4F814C0A069E169C3F810E0B5
:107D7400C3F814C09861D9610121104601F06CFE6A
:107D840038BD4FF0FF30FBE7F0B58BB006460D462B
:107D94001746002400230193009302AB2246294690
:107DA4003046FFF747FF012813D0A8B920349DF8C7
:107DB40008307BB1E52BEDD09DF813300F2BE9D0C3
:107DC4000B22394602A80FF089FE0028E2D10120D7
:107DD40000E000200BB0F0BD4FF0FF30FAE70000E8
:107DE4002DE9F0418AB006460F461046984605AB89
:107DF400009307AB06AA08A9FFF74CF9069B6BB9D9
:107E040046238DF8203049238DF821304C238DF8FA
:107E1400223045238DF8233004230693012523E0E3
:107E24000CF128030DEB030E1EF8083C0EF8203C61
:107E34000CF1010C6445F3D8611C04F128030DEB2B
:107E440003047E2304F8203C02AB19442846FFF7C0
:107E54007DF9059A0ABB02AA39463046FFF794FF1A
:107E6400031E2CDBF3B101351C4B9D422AD8284656
:107E7400FFF75EF90246431C072B23D8C0F1070322
:107E8400069C9C4200D31C464FF02033029303937C
:107E9400CDF80F304FF0000CCCE707A904A80FF081
:107EA40011FFD8E702AA03CAC8F80000C8F80410F2
:107EB40011889278A8F8081088F80A2009E04FF091
:107EC400FF3306E0064B1C221A7500225A754FF048
:107ED400FF3318460AB0BDE8F08100BF9F86010059
:107EE400142E02202DE9F04F87B0044608460022E4
:107EF400114601F063FE002800F0EF80054600F50E
:107F0400FF70FEF735FE4AF65523984240F09980FB
:107F140005F10B00FEF72CFE804695F80D9005F157
:107F24000E00FEF725FE029095F810B005F1110041
:107F3400FEF71EFE039005F11300FEF719FE064638
:107F440005F12000FEF719FE074605F11600FEF7BD
:107F54000FFE824605F12400FEF70FFE019006B1E4
:107F64003746BAF1000F01D0CDF804A0B8F5007F70
:107F740072D14846FEF71AFE00286DD0029B002BF2
:107F84006AD0BBF1000F67D0002F65D0019B002B96
:107F940062D0039B08EB4316013EB6FBF8F305934E
:107FA400029A019901FB0B22049202EB030A574542
:107FB4005DD9A7EB0A06B6FBF9F640F6F4739E42C8
:107FC40060D94FF6F4739E4267D810230393382286
:107FD400002104F5AC700FF0EFFC012384F8543158
:107FE400039A84F85821A4F85A8184F85C91029B7E
:107FF400A4F85E3184F860B1C4F86471C4F86831DF
:10800400019BC4F86C31C4F87CA1C4F880610136CA
:10801400C4F884610223C4F88831202A40D0049B28
:10802400C4F87431059BC4F87831002626810223F4
:1080340084F84631284601F03BFD304607B0BDE8E0
:10804400F08F274B16221A7500225A75284601F024
:108054002FFD4FF0FF30F1E7214B16221A75002255
:108064005A75284601F024FD4FF0FF30E6E71C4B1B
:1080740016221A7500225A75284601F019FD4FF090
:10808400FF30DBE7164B16221A7500225A75284674
:1080940001F00EFD4FF0FF30D0E72023039396E765
:1080A40005F12C00FEF769FD074605F13000FEF7E7
:1080B4005FFD012F06D9BE4204D3C4F87071A4F841
:1080C4008C01B2E7064B16221A7500225A7528460F
:1080D40001F0EEFC4FF0FF30B0E74FF0FF30ADE7BA
:1080E400142E022038B505462F4B002401E0B4B10C
:1080F40090332E4A934214D293F87020002AF6D07B
:10810400B3F802C029888C45F2D193F8831011F09A
:10811400010FEDD0013283F870201C4635E01C4677
:10812400E6E7A4B36822002104F108000FF044FC40
:108134000023A367E367C4F88030C4F88430C4F82C
:108144008830C4F88C302B8863800122A280184BBD
:10815400EB1A1B11174901FB03F384F8743046F240
:10816400910323806B889B0103F0400384F87330F0
:1081740084F8702044F2FF1323810223638184F87E
:10818400832095F85831202B07D0204638BD0A4B60
:1081940017221A7500225A75F7E7D5F87031A367CC
:1081A400C4F88430F1E700BF58150220982002205B
:1081B400E40A0220295C8FC2142E0220F0B58BB091
:1081C40006460F4690F85831102B04D0202B08D0C7
:1081D400564C002513E00029F8D1FFF783FF05462C
:1081E40079E0D6F87031BB4202D0504C002506E04D
:1081F4003046FFF777FF05466DE02DB390344C4BC6
:108204009C4223D294F87030002BF6D062883388D5
:108214009A42F3D194F87420464BF31A1B11464941
:1082240001FB03F3DBB29A42E8D1204602F0BEF927
:108234004028E3D1A36FBB42E0D194F870300133FE
:1082440084F87030254646E02546D7E7002D45D012
:108254006822002105F108000FF0AEFB0024AC6792
:10826400EC67C5F88040C5F88440C5F88840C5F877
:108274008C4033886B802F4BF31A1B112E4A02FB60
:1082840003F385F874303846FEF798FDA88046F26B
:1082940091032B8073889B0103F0400385F87330AE
:1082A400012385F8703044F2FF132B8102236B8184
:1082B400AF67102385F88230C5F884700194009468
:1082C40002AB202229463046FFF7B4FC18B99DF8CA
:1082D40008302E2B08D028460BB0F0BD174B1722C0
:1082E4001A7500225A75F6E79DF809302E2BF2D143
:1082F4009DF813300F2BEED00DF12200FEF738FC61
:10830400044696F85861202E03D040B1C5F8840085
:10831400E1E707A8FEF72CFC44EA0040F5E7102E3D
:10832400D9D10023C5F88430D5E700BF5815022001
:1083340098200220E40A0220295C8FC2142E022015
:108344002DE9F04385B004460E46904622B990F8D4
:10835400733013F0400F5DD194F874904FF4C873E8
:10836400424D03FB095595F85C71002F5AD094F8DF
:10837400833013F0010F08D03C4B4FF4C87202FB5A
:10838400093393F85831102B64D0A36FD3B9B8F1E3
:10839400000F62D194F8733013F0400F4AD103A94F
:1083A4002846FFF7A5FA00285AD1039AA26794F841
:1083B400733063F07F0384F87330C4F8882000239B
:1083C400C4F88C30B6FBF7F207FB1266CDF80080D8
:1083D40003AB21462846FFF7E1FA002843D1039B6B
:1083E400012B2FD9214A4FF4C87101FB0922D2F87D
:1083F4008421934226D81D4A4FF4C87101FB0922F7
:10840400D2F87C21023B03FB072353FA86F005B024
:10841400BDE8F083164B1E221A7500225A754FF0E0
:10842400FF30F4E7124B05221A7500225A754FF0FB
:10843400FF30ECE70E4B1E221A7500225A754FF0DE
:10844400FF30E4E70A4B05221A7500225A754FF0F3
:10845400FF30DCE74FF0FF30D9E74FF0FF30D6E7CD
:108464004FF0FF30D3E74FF0FF30D0E7E40A0220AB
:10847400142E02202DE9F0479EB00646884690F857
:1084840074304FF4C8724E4F02FB03770B782E2BD7
:108494000AD02E2B03D198F801302E2B0DD015A81D
:1084A400FEF76AFF002440E04A78002AF1D190F8F0
:1084B4007030013380F870307DE098F80230002B82
:1084C400EDD196F8833013F0010F05D096F8703093
:1084D400013386F870306EE0D6F884103846FFF722
:1084E4006DFE064667E015A8FEF746FF1DE00DA9E0
:1084F40015A8FEF747FF18E005F0010503A90DA82C
:10850400FEF7D0FB19F0080F42D12DB116A9404651
:10851400FEF715FC00283FD103A94046FEF70FFCE7
:10852400002839D115A8FEF727FF0DF12E0301937A
:108534000CAB00930DAB224631463846FFF77AFB6D
:108544000546002836D120349DF8343093B3E52B0A
:10855400C9D09DF83F90B9F10F0FC8D01F22002158
:1085640003A80FF029FA9DF85430002BC4D09DF8CD
:108574005630002BC0D19DF855A00DA8FEF752FB34
:108584008245B9D19DF85830002BB5D00125B3E709
:1085940015A8FEF7F1FEC8E70DAB0093BDF82E3029
:1085A4000C9A31463846FEF725FE064615A8FEF716
:1085B400E3FE00E0002630461EB0BDE8F08700BFB1
:1085C400E40A022070B5A6B0044690F874304FF463
:1085D400C8728A4D02FB03551DA8FEF7CDFE884BD9
:1085E400002283F8102183F8112183F8122183F8E3
:1085F4001321D3F8C830934216DB13F01F0F13D1A5
:108604007F4B93F8D030002B00F08F807C4BD3F855
:10861400C4301F2B40F2898020220021784BD3F8EC
:10862400C0000FF0C9F980E0754B16221A750022BC
:108634005A75734BD3F8103173B9714BB3F91430C5
:1086440053B16F4B4FF0FF3283F8102183F811219F
:1086540083F8122183F8132126B070BD1DA8FEF7FC
:108664008BFE62E015A91DA8FEF78CFE5DE01DA837
:10867400FEF782FE59E003A915A8FEF713FB1DA817
:10868400FEF77AFE202200210BA80FF095F9BDF821
:108694004E101498FEF785FBADF82C000DF10C0C70
:1086A400BCE80F00CDF82E00CDF83210CDF83620FE
:1086B400CDF83A30BCE80700CDF83E00CDF84210C2
:1086C400CDF84620BCF80030ADF84A304C4B93F856
:1086D400D030002B00F08280494BD3F8C0E00DF17C
:1086E4002C0CBCE80F00CEF80000CEF80410CEF835
:1086F4000820CEF80C30BCE80F00CEF81000CEF8FD
:108704001410CEF81820CEF81C303D4BD3F8C020FE
:108714002032C3F8C020D3F8C420203AC3F8C420C0
:10872400D3F810212032C3F81021354BD3F8C430CC
:108734001F2B7FF67EAF0DF14E03019314AB009314
:1087440015AB2F4AD2F8C82021462846FFF772FA03
:1087540000287FF46EAF2A4AD2F8C8302033C2F81A
:10876400C8309DF85430002B3FF463AFE52B3FF441
:1087740075AF9DF85F300F2B3FF474AF13F0080F03
:108784007FF475AF1F22002103A80FF015F99DF89F
:108794007430002B3FF46FAF9DF87630002B7FF4DC
:1087A4006AAF9DF8756015A8FEF73CFA86427FF41F
:1087B40062AF9DF87830002B3FF45DAF0DF10C0CE7
:1087C4001EAE0FCEACE80F0096E80F00ACE8070031
:1087D4002CF8023B1B0C8CF8003050E72022084B8D
:1087E400D3F8C0100BA807F047FD00288DD0044B28
:1087F4000E221A7500225A751BE700BFE40A0220F4
:10880400142E0220F0B585B090F8733013F0400FA9
:108814002FD1044690F874204FF4C873474E03FBDD
:10882400026690F8833013F0010F03D096F85831A4
:10883400102B26D0414B4FF4C87000FB023393F841
:108844005C3133B321B119440139B1FBF3F181BB7C
:10885400A16F31BB0027A767C4F88870C4F88C7077
:1088640094F8733063F07F0384F87330384605B0AE
:10887400F0BD334B1E221A7500225A754FF0FF3794
:10888400F4E72F4B1E221A7500225A754FF0FF375A
:10889400ECE72B4B05221A7500225A754FF0FF376F
:1088A400E4E73046FEF79EFF0028D3D04FF0FF37B1
:1088B400DCE7A36F0BB90027D8E74D1E0123009313
:1088C40003AB2A4621463046FFF768F801282AD030
:1088D40058BB02AA03993046FEF74EFC074638BB44
:1088E40002993046FEF76CF958B1039BC4F88830FE
:1088F400C4F88C5094F8733063F07F0384F87330B9
:10890400B4E73046FEF784F9024603993046FEF791
:1089140009FF80B902993046FEF764FF0028E4D0CD
:108924004FF0FF37A2E70027A0E74FF0FF379DE79E
:108934004FF0FF379AE74FF0FF3797E7E40A02203A
:10894400142E02202DE9F0418AB090F8745090F86A
:10895400732090F97330002B80F2C580044643895C
:10896400002B00F0BC80C16F21B9B0F88030002B1F
:1089740000F0B5804FF4C87305FB03F30022694887
:10898400C05A01F01BF90646002800F0AC80B4F888
:1089940080300DF1080C00EB030EC058DEF8041013
:1089A400DEF80820DEF80C30ACE80F00DEF810002A
:1089B400DEF81410DEF81820DEF81C30ACE80F00E6
:1089C4009DF80830002B00F09180E52B00F08E809C
:1089D4009DF813300F2B00F08980204601F0E6FD4E
:1089E400074694F8823003F00F03402800F0888093
:1089F40043F02003228912F0920F40F0848043F068
:108A040001038DF8133084F88230D4F878801FFA8B
:108A140088F10DF12200FEF7BBF8424B4FF4C87207
:108A240002FB053393F85831202B6FD0002107A89F
:108A3400FEF7AEF8402F6FD0216909A8FEF7ACF815
:108A440001AA0DF10601E069FEF7F6F9BDF804107C
:108A54000DF11600FEF79CF8BDF8061006A8FEF707
:108A640097F801AA0DF106016069FEF7E5F9BDF872
:108A740006100DF11A00FEF78BF801AA0DF106019C
:108A8400A069FEF7D9F9BDF804100DF11E00FEF738
:108A94007FF8BDF8061008A8FEF77AF8B4F88070DD
:108AA40006EB070C02AD0FCDF051CCF80410CCF856
:108AB4000820CCF80C300FCDCCF81000CCF81410F2
:108AC400CCF81820CCF81C300121304600F0C4FF4B
:108AD40094F8733003F07F0384F8733003E002F0FA
:108AE4007F0284F873200AB0BDE8F081304600F0BC
:108AF400DFFF94F8733003F07F0384F87330F2E7F8
:108B040043F0100376E703F03E037AE74FEA184197
:108B140007A8FEF73DF88DE7002109A8FEF73CF809
:108B24008EE700BFE40A02202DE9F04FB7B01F46DC
:108B340090F874804FF4C873834E03FB086690F872
:108B4400733013F0400F08D0804B00251E221A7595
:108B54005D75284637B0BDE8F08F04460D46914652
:108B640001F0F8FB10F0020F24D02B78002B40F01A
:108B74007C818DF81530079399F8003003B3FFB169
:108B84002E2B23D0002203922E2B26D00025039BCC
:108B940003B97DB34FF0203311931293CDF84B30CA
:108BA4002E238DF84430002D63D08DF845304FF0DE
:108BB400000A60E0654B00250D221A755D75C8E753
:108BC400624B002516221A755D75C2E799F80120DB
:108BD4000AB10022D7E70122D5E799F801302E2BFC
:108BE40001D00025D3E799F802300BB10025CEE778
:108BF4000125CCE707AA22A94846FEF7C5F90028B3
:108C0400A7D10DF1150211A94846FEF724FC10B9AD
:108C14004FF0000A2FE0079B03F10C0A4C4BA3FB17
:108C24000A3A4FEA9A0A19A94846FEF7CEFCC0B997
:108C340019AA21463046FFF7A7F8002889DB40B976
:108C440011AB19AA07CA03C323F8022B120C1A701A
:108C540011E011AB4A4621463046FFF7C1F850B146
:108C640077E711AB4A4621463046FFF7B9F810B111
:108C74006FE74FF0000A039B03B99DB108AB0AF1FB
:108C8400010221463046FFF715F8002840F0E7803E
:108C9400BAF1000F48D011A8FDF7C4FF83464FF086
:108CA40000092DE049462046FFF7E4FB0028E5D003
:108CB40002F030FB254B11221A7500225A7548E741
:108CC4000193079B009322AB5A4619A8FEF7F8FCC0
:108CD4000DF11603009309AB089A02EB49122146E1
:108CE4003046FEF7E1FEA8B919ABBDF81620099984
:108CF4003046FFF71FF8002840F0B38009F101095E
:108D0400CA450DD9AAEB0903D9B29A45D8D141F085
:108D14004001D5E70D4B002505221A755D7518E74E
:108D2400089B03EB4A1308930DF11603009309AB58
:108D3400089A21463046FEF7B7FE58B1034B00258A
:108D440005221A755D7504E7E40A0220142E022038
:108D54004FECC44E2022002119A80EF02DFE19ABB1
:108D640011AA07CA03C323F8022B120C1A7097F82E
:108D7400829009F00F09384601F018FC402860D0B1
:108D840049F020098DF86F90D7F878A01FFA8AF17E
:108D94000DF17E00FDF7FCFE904B4FF4C87202FB10
:108DA400083393F85831202B4ED0384601F0FEFB9F
:108DB40040284FD0396920A8FDF7EEFE9DF8153004
:108DC4008DF870300DF11A0206A9854B1868FEF76C
:108DD40033F8BDF81A100DF17200FDF7D9FEBDF895
:108DE40018101DA8FDF7D4FEBDF818100DF176007B
:108DF400FDF7CEFEBDF81A100DF17A00FDF7C8FE9E
:108E0400BDF818101FA8FDF7C3FE19ABBDF8162056
:108E140009993046FEF78EFF28BB039B4BB945B931
:108E2400099BFB67BDF81630A7F88030A36FC7F81D
:108E3400843087F882900721204601F0A9FA0125A1
:108E440087E649F010099DE74FEA1A411EA8FDF78D
:108E54009FFEAAE7002120A8FDF79EFEAEE70025AD
:108E640077E6002575E6002573E699F8003003B926
:108E74002FB15C4B00252A221A755D7569E619A885
:108E8400FEF77AFA4FF000094F4634E019A8FEF7CE
:108E940073FA20374FF000092DE0B9F1130F06D80B
:108EA40036AB03EB890343F8507C09F1010911A99E
:108EB40019A8FEF767FA20371DE019A8FEF75CFA37
:108EC40020374FF0000916E008F0010809A92846E8
:108ED400FDF735FF002847D1B8F1000F05D01AA9D6
:108EE4002846FDF72CFF00283ED119A8FEF744FAC6
:108EF40020374FF0000906AB019307AB009311AB89
:108F04003A4621463046FEF795FE804600285CD15D
:108F14009DF84430002B58D09DF84F20E52BB5D058
:108F24000F2ABAD012F0080FC7D11F22002109A8B6
:108F34000EF042FD09A911A8FDF7B4FE9DF86430B6
:108F4400002BC1D09DF86630002BBDD19DF865A0E3
:108F540011A8FDF767FE8245B6D19DF86830002B55
:108F6400B2D04FF00108AFE7BDF81820079930469A
:108F7400FEF77AFC78BBB8F1000F1DD0002500E0A5
:108F84000135A94518D90DF11A03009308AB36AA87
:108F940002EB850252F8502C21463046FEF784FD40
:108FA4000028EDD1BDF81A2008993046FEF75CFC84
:108FB4000028E5D00025CCE519A8FEF7DDF9072146
:108FC400204601F0E5F90125C3E5064B0025022200
:108FD4001A755D75BDE50025BBE500BFE40A0220F6
:108FE4007C150720142E0220F8B5054648B10E461C
:108FF40090F8747090F8733013F0400F08D1404C1F
:109004000FE0404B06221A7500225A7504465EE0B2
:109014003C4B00241E221A755C7502F07BF956E065
:109024009034394B9C4254D294F87030002BF7D1D1
:10903400002C50D06822002104F108000EF0BCFC82
:109044000023A367E367C4F88030C4F88430C4F80D
:109054008830C4F88C304FF4C87307FB03F32B4AF1
:10906400D35A638095F8743084F87430244BE31A2F
:109074001B11274A02FB03F39BB29A1C92B2A280F3
:10908400012A31D046F291032380204B4FF4C87259
:1090940002FB07335B889B0103F0400384F87330C1
:1090A400012384F8703048F2B612228163812023B0
:1090B40084F88230AB6FC4F88430234632461549B5
:1090C4002846FFF731FD90B1284602F023F92046E7
:1090D400F8BD0024ACE70B4B17221A7500225A7511
:1090E400284602F017F9F2E70333A380CAE72846BB
:1090F40002F010F9204602F00DF90024E7E700BF62
:1091040058150220142E022098200220E40A02207E
:10911400398EE3387894012030F81100704720F834
:109124001120704750F82100704740F82120704703
:10913400006900F2FF10400A7047F0B591B007468D
:109144000C461546C9080022023100F037FD0028FC
:1091540000F083800646384601F02EFA04F0070436
:10916400A40120B1028943F2C8139A4229D006EB24
:10917400040CEE460CF140077446DCF80000DCF801
:109184000410DCF80820DCF80C300FC40CF1100CCF
:10919400A646BC45F0D1BDF800302B80BDF80230A6
:1091A4006B80BDF80430AB80BDF80630EB80029BC9
:1091B400AB60039BEB60049B2B61059B6B610023FD
:1091C40043E03444EC4604F1400E6746206861688D
:1091D400A268E3680FC71034BC467445F5D1BDF8E6
:1091E40000302B80BDF802306B80BDF80430AB80BA
:1091F400BDF80630EB80029BAB60039BEB60049BE5
:109204002B61059B6B61002308E09A1D10A901EBFB
:10921400820151F8401C45F822100133092BF4D97E
:109224000A2304E09A1D002145F822100133132B70
:10923400F8D90CE003F10C0110AA02EB410131F85A
:10924400401C9A1D45F822100133132BF2D93046E5
:1092540000F02EFC002011B0F0BD0120FBE770B53A
:1092640090B004468188C90800220231408800F089
:10927400A5FC002800F083800546608801F09CF975
:10928400A68806F00706B60120B1028943F2C81386
:109294009A421AD04022002168460EF08DFB2389A1
:1092A400ADF800306389ADF80230A389ADF804301D
:1092B400E389ADF806302369029363690393A369D4
:1092C4000493E3690593002342E0402200216846A9
:1092D4000EF072FB2389ADF800306389ADF80230DB
:1092E400A389ADF80430E389ADF80630236902930D
:1092F40063690393A3690493E369059300230AE074
:1093040003F1080254F822109A1D10A800EB8202FF
:1093140042F8401C0133092BF2D9EE46AC1910AEC9
:10932400F446BCE80F0020606160A260E360E6469A
:109334001034B445F4D11BE003F1080234F82210D0
:1093440003F10C0210A800EB420222F8401C013386
:10935400132BF1D9EC46AC190DF1400E66460FCE35
:1093640020606160A260E360B44610347645F5D1B4
:109374000221284600F070FB002010B070BD0120CF
:10938400FBE700002DE9F84F06460D46904601F034
:109394000DF9602800F05581B6F8029096F8742013
:1093A400AA4B4FF4C87101FB023393F85431012BDB
:1093B40028D0A64B4FF4C87101FB02331A8943F23B
:1093C400C8139A4225D0112D00F2C28005F108037A
:1093D40056F82340002C40F03581B8F1000F40F0DE
:1093E400B480484601F0D6FA0446002800F0AD8067
:1093F400083546F8250096F8733063F07F0386F845
:1094040073301FE1424629463046FEF799FF044671
:1094140018E1062D1BD805F1080356F82340002C4B
:1094240040F01081B8F1000F0ED1484601F0B2FAB5
:10943400044648B1083546F8250096F8733063F0C1
:109444007F0386F87330FDE04FF0FF34FAE0A5F1B6
:10945400070ABAF17F0F16D9A5F1870ABAF5804F2A
:109464002AD3A5F5814AAAF1070ABAF5001F02D248
:109474000923032509E0764B1B221A7500225A752D
:109484004FF0FF34DEE0072301251F46083356F86A
:109494002340BCBBB8F1000F11D1484601F07AFA61
:1094A400044660B1083746F8270096F8733063F035
:1094B4007F0386F8733025E008230225E5E74FF0A3
:1094C400FF34BFE0708801F041FA4FF0FF34B9E097
:1094D4001FFA8AFB59463846FFF724FE044650BB60
:1094E400B8F1000F2BD1484601F054FA044630B3CA
:1094F400024659463846FFF718FE384600F0E1FAAE
:10950400013DEDB2002D00F09D8000222146484629
:1095140000F054FB07460028D4D0012DD8D0022DEA
:1095240004D0CAF38F3BCAF30D0AD3E7CAF3CF1BA7
:109534000AF07F0ACEE7384600F0BAFAE0E7384688
:1095440000F0B6FA4FF0FF347CE04FF0FF3479E0DE
:10955400A5F1120ABAF1FF0F0FD9A5F5897ABAF568
:10956400803F02D21323022509E0394B1B221A75CE
:1095740000225A754FF0FF3464E0122301251F4680
:10958400083356F8234024BBB8F1000F0ED14846E7
:1095940001F000FA044648B1083746F8270096F867
:1095A400733063F07F0386F8733012E04FF0FF34BA
:1095B40048E0708801F0CAF94FF0FF3442E01FFA26
:1095C4008AFB13E0384600F073FA022D2AD0013DDD
:1095D400EDB2BDB300222146484600F0EFFA07463B
:1095E4000028E6D0012DEAD0CAF30F2B594638469D
:1095F400FFF792FD04460028E4D1B8F1000F14D11E
:10960400484601F0C7F90446A8B182B25946384623
:10961400FFF785FD384600F054FA022DD7D15FFAE2
:109624008AFAD4E75FFA8AFAD1E7384600F040FABA
:109634004FF0FF3406E0384600F03AFA4FF0FF34BA
:1096440000E02C462046BDE8F88F00BFE40A022063
:10965400142E02200B4BC3F8CC00D0F80422C3F81C
:109664000021002283F8042183F80521012183F8D5
:10967400081183F8092183F80A2183F80B21C3F820
:109684000C017047142E022008B500F00F00024BA5
:10969400185CFAF77BFC08BD488F012008B5024628
:1096A40008B90B782BB10B7813430B701046FFF7F6
:1096B400EBFF08BD08B502460D4804E00D4802F072
:1096C400E5FE00F503700C4B98420FD2B0F800325F
:1096D4009342F6D1D0F804328B42F2D190F8093299
:1096E400012BEBD0012380F8093200E0002008BDF3
:1096F4005CDD01205C8F01204C06022038B5044655
:109704000D46F6F7E3FD48B1230A03EB8303074A4A
:1097140052F82330A9B2E0B2984738BD044B062270
:109724001A7500225A754FF0FF30F6E7C8BE0120C3
:10973400142E022070B504460D461646F6F7C6FDF3
:1097440070B1230A03EB83030F4901EB83031B6905
:1097540032462946E0B29847B0F1FF3F08D070BDC9
:109764000A4B06221A7500225A754FF0FF30F6E7AD
:10977400064BB3F91430002BF1D1044B19221A759E
:1097840000225A75EBE700BFC8BE0120142E022048
:1097940008B5002244F20311FFF7CCFF20B1054BBA
:1097A400B3F91430192B00D008BD024B00201875F2
:1097B4005875F9E7142E0220C21F104B33F81230EB
:1097C4000F49D1F8C82042FA00FCC1F800C11A427E
:1097D4000DD10B4AD2F8C4100B4423FA00F0C2F89E
:1097E4000801D2F8C030C2F80C31002070470522BD
:1097F4000A7500224A754FF0FF30704748B80120BF
:10980400142E02200020704700207047034B1622BC
:109814001A7500225A754FF0FF307047142E02203B
:10982400034B19221A7500225A754FF0FF30704706
:10983400142E0220EFF3108C72B60269C3689A42A8
:109844000FD083681970036901330361836801339E
:1098540083600168C2680A44934206D38160012090
:1098640000E000208CF3108870470120FAE7EFF342
:10987400108272B603698BB110B443681B780B6015
:109884000369013B03614368013343600468C168B1
:1098940021448B4206D34460012004E0002082F37B
:1098A40010887047012082F3108810BC7047EFF3D2
:1098B400108272B60368836043600023036182F3FD
:1098C40010887047EFF3108272B60369A3B110B425
:1098D400013B03618368013B83600468A34203D2B4
:1098E400C368013B1C44846083681B780B600120BF
:1098F40082F3108810BC7047002082F310887047F0
:1099040008B511F0100F06D103F076F802F0A4FFA9
:10991400B8B9002008BD164BD3F8103173B9144BF5
:109924004FF0FF3283F8102183F8112183F81221BC
:1099340083F813210B221A7500225A754FF0FF3059
:10994400E8E70B4BD3F8103173B9094B4FF0FF32F2
:1099540083F8102183F8112183F8122183F813214D
:1099640004221A7500225A754FF0FF30D2E700BF67
:10997400142E022008B511F0100F06D103F03CF8A4
:1099840002F06AFF48B9002008BD084B0B221A7583
:1099940000225A754FF0FF30F6E7044B04221A7583
:1099A40000225A754FF0FF30EEE700BF142E02205C
:1099B40010B5044602E00134FAF7E8FA20780028EA
:1099C400F9D110BD10B50C46F6F780FC00B110BDFE
:1099D4002046FFF7EDFF3A20FAF7D8FA014802F0E3
:1099E40055FD00BF6C8F012038B50446B0F8005215
:1099F40009492846FFF7E6FF2046FFF72BFE2B0A0E
:109A040003EB8303054A02EB83039B6800221146A0
:109A1400E8B2984738BD00BF788F0120C8BE012046
:109A240038B50446B0F8005209492846FFF7CAFF82
:109A34002046FFF70FFE2B0A03EB8303054A02EBD4
:109A44008303DB6800221146E8B2984738BD00BFA3
:109A5400808F0120C8BE012010B50446C1B1012287
:109A640080F80822914201D8002012E0FFF7D8FFC5
:109A7400B0F5007F0AD00C4B05221A7500225A75E6
:109A84004FF0FF30002384F8083202E00020F9E7A9
:109A94000020064A138801339BB21380A4F80A32CB
:109AA400002384F8093210BD142E0220F22107206D
:109AB40008B50021FFF7D0FF08BD08B5FFF7F8FF90
:109AC40008BD08B50121FFF7C7FF08BD90F80832AB
:109AD40003B9704710B50446FFF7A2FF002384F8CA
:109AE4000832B4F80002FFF753FE10BD10B5094C5C
:109AF40001E004F50374084B9C4209D2B4F8002237
:109B04004FF6FF739A42F4D02046FFF7DFFFF0E7E9
:109B140010BD00BF5CDD01204C06022038B50546AF
:109B2400094C01E004F50374084B9C420BD2B4F8D1
:109B34000032AB42F6D12046FFF7C8FF4FF6FF7361
:109B4400A4F80032EEE738BD5CDD01204C060220AB
:109B540010B54FF0000C6446144B01E003F5037399
:109B6400134A93420FD2134A1288B3F80A12501AB6
:109B74006045F3DB93F809020128EFD0521A0FFA7B
:109B840082FC1C46EAE73CB1012384F8093294F8CC
:109B9400083223B9204610BD074802F077FC20465E
:109BA400FFF73EFF002384F80832F3E75CDD012071
:109BB4004C060220F2210720888F01202DE9F04174
:109BC40007460D461446FFF775FD064610B13046AC
:109BD400BDE8F081FFF7BCFF8046A0F80072C0F832
:109BE40004520CB10646F2E7FFF7FEFEB0F5007F23
:109BF40001D14646EBE7074A002305211175537549
:109C04004FF6FF72A8F8002288F8083288F8093263
:109C1400DDE700BF142E022008B5FFF799FF4FF6C9
:109C2400FF73A0F8003204490B8801339BB20B8008
:109C3400A0F80A3208BD00BFF221072038B5044657
:109C44000D460749FFF7BEFE230A03EB8303054ACB
:109C540002EB83039B682A460121E0B2984738BD92
:109C6400988F0120C8BE012038B504460D46074927
:109C7400FFF7A8FE230A03EB8303054A02EB8303E1
:109C8400DB682A460121E0B2984738BDA08F012045
:109C9400C8BE012010B504460749FFF793FE2046CD
:109CA400FFF73CFF230A03EB8303044A02EB83031D
:109CB4005B68E0B2984710BDA88F0120C8BE0120A0
:109CC40010B50446000BFFF7DFFC200AFFF7DCFCAD
:109CD4002009FFF7D9FC2046FFF7D6FC10BD10B5CC
:109CE40004460009FFF7D0FC2046FFF7CDFC10BD69
:109CF40070B582B0054600238DF80730400A444B06
:109D0400A3FB0030434C0DF10701C009FFF7C6FC6B
:109D14004148A0FB0530400EA4FB0023DB0803EB05
:109D240083030DF10701A0EB4300FFF7B7FC3B48A9
:109D3400A0FB0530800DA4FB0023DB0803EB8303A9
:109D44000DF10701A0EB4300FFF7A8FC3448A0FB8A
:109D54000530800CA4FB0023DB0803EB83030DF127
:109D64000701A0EB4300FFF799FC68092D4BA3FB07
:109D74000030C009A4FB0023DB0803EB83030DF1CF
:109D84000701A0EB4300FFF789FC2748A0FB05303F
:109D9400400BA4FB0023DB0803EB83030DF1070155
:109DA400A0EB4300FFF77AFC2048A0FB05308009B4
:109DB400A4FB0023DB0803EB83030DF10701A0EBF5
:109DC4004300FFF76BFC1A48A0FB05304009A4FBD5
:109DD4000023DB0803EB83030DF10701A0EB430031
:109DE400FFF75CFCA4FB0536F608A4FB0634E40884
:109DF40004EB84040DF10701A6EB4400FFF74EFCCD
:109E040006EB8606A5EB4600FFF73EFC02B070BDEC
:109E1400834B0400CDCCCCCC893BE6556BCA5F6B3D
:109E240083DE1B43C55A7C0A5917B7D1D34D621040
:109E34001F85EB5110B5041E03DB2046FFF758FFC6
:109E440010BD2D20FAF7A2F86442F6E70FB430B53E
:109E540083B006AB53F8044B01934EE01446019BC8
:109E64001A1D01921D68280CFFF72AFFA8B2FFF7FC
:109E740027FF023441E0019B1A1D01921868FFF785
:109E840097FD023439E0019B1A1D01921878FAF704
:109E94007DF8023431E0019B1A1D01921878FFF716
:109EA4001EFF033429E0019B1A1D01921868637890
:109EB400643B142B0ED8DFE803F00F0D0D0D0D0DD0
:109EC4000D0D0D0D0D0D0B0D0D0D0D120D0D0B00CA
:109ED400FFF7F6FE023410E0FFF7ACFFFAE7FFF7F6
:109EE40007FFF7E7144604E0144602E0144600E0D6
:109EF400144614F8010BFAF749F82378002B3DD0E7
:109F0400252BF6D1621C6378322BC4D0EAD3782B8C
:109F1400EAD8632BEAD3633B152BE9D801A151F8A6
:109F240023F000BFB79D0020D79D0020219E002074
:109F3400219E0020219E0020219E0020219E0020A1
:109F4400219E0020219E00208D9D0020219E002026
:109F5400219E0020219E00208F9D0020219E002014
:109F6400219E0020A79D0020219E0020D79D002037
:109F7400219E0020219E0020D79D002003B0BDE833
:109F8400304004B0704700BF08B5032805D8032843
:109F94005DD8DFE800F064081A32412857D1D0B206
:109FA40006F0CCFA5CE0324BD3F8C420D3F8C010EE
:109FB400D3F8C80006F060F9002852D12C4BD3F82E
:109FC400C40080B201F078FC4AE0294B93F8D03009
:109FD4005BB1274BD3F8C4200021D3F8C0000DF0A7
:109FE400EBFC234BD3F8C4003AE0214BD3F8C41064
:109FF400D3F8C00006F06FF9F3E71D4BD3F8C43073
:10A00400602B0AD91A4B0022602183F8C41083F80C
:10A01400C52083F8C62083F8C720154BD3F8C800A1
:10A02400D3F8C4208318B3F5B46F01D9002017E026
:10A034000F4BD3F8C0100F4B184406F01DF998B914
:10A044000B4BD3F8C40080B201F036FC08E0084B97
:10A0540006221A7500225A754FF0FF3000E00020E6
:10A0640008BD4FF0FF30FBE74FF0FF30F8E700BFCB
:10A07400142E02203C06072008B5032805D803281F
:10A0840026D8DFE800F0080C081D412820D1D0B202
:10A0940006F0E6FD02E0144BD3F8C40008BD124BF1
:10A0A400D3F8C420D3F8C010D3F8C80006F0BCF825
:10A0B400B0B90D4BD3F8C40080B201F0FDFBEDE75D
:10A0C400094B16221A7500225A754FF0FF30E5E746
:10A0D400054B06221A7500225A754FF0FF30DDE752
:10A0E4004FF0FF30DAE700BF142E022008B5034614
:10A0F40008461146082B12D009D8032B12D0062B80
:10A1040002D1FAF75DF908BD4FF0FF30FBE7412BB0
:10A1140002D106F041FAF6E74FF0FF30F3E7FBF720
:10A1240005F8F0E7012804D0022808D04FF0FF30EA
:10A13400E9E7054B188806F0E9F80020E3E760201A
:10A1440006F0E4F80020DEE700220720412801D0D1
:10A154000020704708B5C0B206F08AFA08BD0000B6
:10A16400084B1B68084A1268934201D0187870475C
:10A17400064B1A68064B9A82064B01221A6000208D
:10A18400704700BFCC240220D0240220C424022023
:10A19400142E0220C824022030F81100704720F841
:10A1A4001120704750F82100704740F82120704773
:10A1B40000230748032B08D801884FF6FF72914209
:10A1C40004D000F5C8700133F4E70020704700BFE5
:10A1D400E40A022010B588B00446164B0022402140
:10A1E40083F8C81083F8C92083F8CA2083F8CB20E9
:10A1F400104B0021202283F8C42083F8C51083F873
:10A20400C61083F8C7106A46C3F8C020012283F839
:10A21400D020204601F06AFB9DF8023033B9054B8B
:10A22400D3F81031202BE3D0012000E0002008B047
:10A2340010BD00BF142E02201E22037853B12F2B11
:10A2440008D0013011F801CB9C450DD1013AF4D16D
:10A25400012070470B782BB12F2B01D000207047C1
:10A2640001207047012070470020704700200E280D
:10A274000FD800EB40039A000A4B13445B7A0BB1EE
:10A284000130F4E7074B134401225A7200225A604A
:10A294007047054B17221A7500225A754FF0FF308C
:10A2A400704700BFF4240220142E022008B543682E
:10A2B40093F8732090F90800002800DB08BD02F031
:10A2C4000F010F2909D0013902F0F0020A431846A0
:10A2D40000F8732F01F024FFF0E70021F4E70000F9
:10A2E40000E00130092806D8074B034493F8E23014
:10A2F400FF2BF6D106E0044B18221A7500225A757A
:10A304004FF0FF30704700BF142E022008B5002024
:10A31400FFF7E6FF08BD0089C0F340307047000036
:10A32400034BB3F8D600B0FA80F04009704700BF81
:10A33400142E0220064BB3F8D6300BB90020704718
:10A34400034B01221A7500225A750120704700BF81
:10A35400142E022010B50446FFF7E2FF98B92089B5
:10A36400A2890A4BB3F8D6309A4208D0E289074B47
:10A37400B3F8D8309A4204D000F0070010BD801121
:10A38400FAE7C010F8E70720F8E700BF142E022010
:10A3940038B590F8733013F0400F10D105460C46D1
:10A3A40001290DD063F07F0385F8733014F0010F99
:10A3B40012D114F0020F14D114F0040F16D138BDC9
:10A3C40090F874100C4A4FF4C87000FB01225288B4
:10A3D40012F0080FE6D0F2E705F1140005F0A2F937
:10A3E400E7E705F1180005F09DF9E5E705F11C0024
:10A3F40005F098F9E3E700BFE40A02202DE9F041F3
:10A4040088B005460E461746984690F87420654B6A
:10A414004FF4C87101FB023393F85431012B14D06B
:10A4240090F8733013F0400F15D1FFF793FF10F03D
:10A43400020F18D03B78E3B9B8F1000F19D05A4B8A
:10A44400002011221A7558750AE043463A463146EF
:10A45400FEF76AFB04E0544B00201E221A7558755F
:10A4640008B0BDE8F081504B00200D221A755875D4
:10A47400F6E74D4B002283F8C82083F8C92083F8FF
:10A48400CA2083F8CB20484C0021202384F8C43010
:10A4940084F8C51084F8C61084F8C7106B46C4F855
:10A4A400C030012384F8D030284601F01FFAD4F8D4
:10A4B400104134B10DF102013046FFF7BDFE002812
:10A4C400E1D00CB9337813BB39687A68BB68F86893
:10A4D400CDF80210CDF80620CDF80A30CDF80E00E4
:10A4E40039697A69BB69CDF81210CDF81620CDF818
:10A4F4001A30BB8BADF81E3000221D2A14DC02F189
:10A5040020036B4413F81E3C73B10132F5E7264B6C
:10A51400002002221A755875A2E702F120036B4449
:10A52400002103F81E1C01321D2AF6DDB8F1000FCC
:10A5340023D0B8F80430ADF800302CB11A4AD2F860
:10A54400C830203BC2F8C830174C0021202384F8BF
:10A55400C43084F8C51084F8C61084F8C7106B465C
:10A56400C4F8C030012384F8D030284601F082FAC0
:10A57400B4F914302BB1002072E70023ADF8003099
:10A58400DBE707212846FFF703FF2B69C3F3080223
:10A594002AB19B1A03F500732B61012060E70120A7
:10A5A4005EE700BFE40A0220142E02200089001294
:10A5B40000F0F00070470000014600230548032B1B
:10A5C40006D802888A4204D000F5C8700133F6E741
:10A5D40000207047E40A022010B582B0FFF7ECFFB8
:10A5E40050B1044603893BB1438813F0010F06D0F0
:10A5F40004F1080002B010BD074801F047FF6846A7
:10A6040005F082F8009BC4F84831019B84F8473177
:10A61400012384F84631EBE7B08F0120F8B50746F3
:10A62400FFF7DAFF0646038843F2C61293423FD08F
:10A6340043F2C81293423BD02F48FFF7B9F90123E4
:10A6440033802E4B00201C221A755875F8BDB6F8BD
:10A654004821002AF0D0013B1BB2A6F8D8306C3355
:10A6640006EB430358880128E6D97368023BB0EB34
:10A67400C30FE1D2013AA6F84821E7E7322C11D002
:10A6840001339BB2072B1CD89A018A58002AF5D1B2
:10A69400AA1E601C03EBC2026C3406EB4404628005
:10A6A40084B2EBE70846FFF703FADCB1A6F8D8401A
:10A6B400B6F9D830002BCAD101F0A0FB0024022542
:10A6C40003E00846FFF7F4F901357368AB42ECD9AF
:10A6D400002229463846FFF771FA01460028ABD01C
:10A6E4000023CFE7B6F848010028A5D1034B1C226C
:10A6F4001A7500225A75A9E7C08F0120142E022072
:10A7040010B50C46FFF768FF038843F2C612934264
:10A7140004D043F2C812934200D010BD012C15D9C5
:10A724004368023BB4EBC30F10D2B0F84831013395
:10A73400A0F84831B0F9D830312BEEDC5A1CA0F81F
:10A74400D8206C3300EB43004480E6E7014801F075
:10A754009DFE00BFE08F01202DE9F04104460D4627
:10A764004B49FFF72FF92046FFF726FF074670B144
:10A7740090F85431012B10D0D5B14FF00008FB688C
:10A78400023BB5EBC30F20D24248002626E0424BE1
:10A7940016221A7500225A7564E0012D05D03E4B2D
:10A7A400002016221A7558755CE0FDF79BFC59E0F1
:10A7B4002046FFF733FF054610B14FF00108DEE7EE
:10A7C400354B1C221A7558754CE03448FFF7F0F8E5
:10A7D400002047E04388A34209D09030304B984290
:10A7E40009D290F87030002BF4D10646F2E7838842
:10A7F400AB42F2D128E0002E36D006F108022946F9
:10A804002046FEF79AFC002840D17480B580254B81
:10A81400FB1A1B11244A02FB03F386F8743000234D
:10A82400B367F367C6F88030C6F88430C6F888305A
:10A83400C6F88C3046F2910333807B889B0103F089
:10A84400400386F873303046B8F1000F13D04389C3
:10A85400BBB90389B3F5805F13D290F8703001332C
:10A8640080F87030BDE8F0810B4B17221A75002276
:10A874005A753046F6E743891BB10389B3F5805F07
:10A88400EBD20A48FFF794F80020EBE70020E9E751
:10A89400F08F012058150220142E0220F88F012079
:10A8A40098200220E40A0220295C8FC2149001201F
:10A8B4002DE9F04780460E4690F87420224B4FF461
:10A8C400C87101FB023393F85431012B21D0FEF7F8
:10A8D4002FFC82464FF00009CA4532D9B8F802402D
:10A8E400012249464046FEF74DFD0146002220461E
:10A8F400FFF764F90546D8B100240F2C1BD8670173
:10A9040005EB441102313046FFF796FC30B90134AF
:10A91400F3E73146FDF7AEFD054609E0EC5B28465A
:10A92400FFF7C6F82146B8F80200FFF715FF054601
:10A934002846BDE8F0872846FFF7BAF809F101096F
:10A94400CAE70025F4E700BFE40A022008B5FFF7D0
:10A9540033FE012303810248FFF72AF808BD00BF34
:10A964002C90012010B50C46FFF726FE40B1028959
:10A9740032B1C268A24206D80369A34203D910BD0A
:10A98400024801F083FD024801F080FD449001205B
:10A994005C900120F0B5B5B00646FFF71DFE0446F5
:10A9A400038843F2C61293420BD043F2C812934277
:10A9B40007D03E4B00251C221A755D75284635B01C
:10A9C400F0BDA389013B9BB2312B55D8A3811A1D3D
:10A9D40054F8225065B9D4F84451002D4CD1334B6E
:10A9E4001C221A7500225A75A3890133A381E5E755
:10A9F400002B3AD1002229463046FFF7DFF80746FC
:10AA0400002839D0228843F2C8139A4209D066221A
:10AA1400014601A80DF056F9BDF80430A3810023C6
:10AA24001EE0CC22014601A80DF04CF9BDF804301B
:10AA3400A381002308E034AA02EB830252F8C81C65
:10AA44001A1D44F822100133312BF4D90AE034AA38
:10AA540002EB430232F8CA1C1A1D44F822100133D7
:10AA6400312BF4D93846FFF723F829463046FFF74F
:10AA740079FFD4F844312BB90D48FEF799FF01232F
:10AA8400238096E7013BC4F844310122294630462D
:10AA9400FFF794F806460028EED04FF40072002128
:10AAA4000CF08AFF3046FFF70CF887E7142E0220DB
:10AAB4007490012001B9704770B5B4B006460D46D4
:10AAC400FFF78AFD0446038843F2C612934203D07B
:10AAD40043F2C812934211D129463046FFF742FF90
:10AAE400A389322B0CD0D4F844310133C4F8443157
:10AAF400A3895A1CA281043344F8235034B070BD96
:10AB0400012229463046FFF759F80646B8B3228891
:10AB140043F2C8139A4204D0A389ADF80430002349
:10AB240020E0A389ADF804300023ADF8063008E036
:10AB34001A1D54F8221034AA02EB830242F8C81CEE
:10AB44000133312BF4D9CC2201A930460DF0BAF8E7
:10AB54000FE01A1D34F8221034AA02EB430222F843
:10AB6400CA1C0133312BF4D9662201A930460DF0F9
:10AB7400A9F83046FEF7A5FF0023A381B3E701231C
:10AB84002380B0E710B582B0019109B902B010BDBD
:10AB9400044601AA4FF48371FEF7CCFD01992046C7
:10ABA400FFF788FFF2E769B32DE9F041064617463F
:10ABB400884632B10022FFF701F8054620B17F2113
:10ABC40008E0FFF7DFFF1BE03046FFF7BFFE17E0AA
:10ABD400611E09B200290CDB8CB221462846FFF71E
:10ABE400E1FA01460028F3D07A1E3046FFF7DBFF76
:10ABF400EEE72846FEF75CFF41463046FFF7C2FF0A
:10AC0400BDE8F08170472DE9F04F83B083460D46CF
:10AC140091461E46032A0BD0022A07D00127002D95
:10AC24006AD0B6EBC71F06D3002066E08027F6E79C
:10AC34004FF48047F3E7002229465846FEF7BEFF4B
:10AC4400804630B17F244FF0000ACDF800A0019572
:10AC540007E05846FFF77AFE00204EE0A0B9013C19
:10AC640024B2002C33DB07FB04F5A4B22146404692
:10AC7400FFF798FAAE42F1D97B19B34212D80028F3
:10AC8400EDD04FF0010AEAE709F1FF3201465846D8
:10AC9400FFF789FF002221464046FFF786FA012389
:10ACA4000093DCE70028DAD0731B09F1FF32014678
:10ACB4005846FFF7A8FF054610B94FF0010ACEE742
:10ACC400002221464046FFF770FA0095C7E7019D30
:10ACD400009B3BB14046FEF7F4FEBAF1000F05D0ED
:10ACE40000200AE04046FEF7E3FEF6E72946584610
:10ACF400FFF748FF012000E0012003B0BDE8F08F1A
:10AD040069B32DE9F04106461746884632B1002260
:10AD1400FEF754FF054620B1FF2108E0FFF732FF9C
:10AD24001BE03046FFF712FE17E0611E09B200294E
:10AD34000CDB8CB221462846FFF72EFA0146002888
:10AD4400F3D07A1E3046FFF7DBFFEEE72846FEF726
:10AD5400AFFE41463046FFF715FFBDE8F08170476E
:10AD64002DE9F04F83B083460D4691461E46022AD4
:10AD740007D00127002D68D0B6EB072F04D300209D
:10AD840064E04FF48077F5E7002229465846FEF741
:10AD940015FF804630B1FF244FF0000ACDF800A023
:10ADA400019507E05846FFF7D1FD00204EE0A0B919
:10ADB400013C24B2002C33DB07FB04F5A4B221468A
:10ADC4004046FFF7E9F9AE42F1D97B19B34212D8F4
:10ADD4000028EDD04FF0010AEAE709F1FF320146FD
:10ADE4005846FFF78DFF002221464046FFF7D7F96A
:10ADF40001230093DCE70028DAD0731B09F1FF324A
:10AE040001465846FFF7ACFF054610B94FF0010A5A
:10AE1400CEE7002221464046FFF7C1F90095C7E777
:10AE2400019D009B3BB14046FEF74BFEBAF1000F7B
:10AE340005D000200AE04046FEF73AFEF6E7294630
:10AE44005846FFF79FFE012000E0012003B0BDE853
:10AE5400F08F000090F8733013F0400F35D12DE9D6
:10AE6400F04104460E4690F87420744B4FF4C871B8
:10AE740001FB023393F85431012B2ED0B0F8028039
:10AE84006E4B4FF4C87101FB02331A8943F2C813A5
:10AE94009A4226D0B6F5897F00F29280C16E0029CD
:10AEA40040F08780122E00F2A280A16E002940F0AB
:10AEB4009780112E40F2BF8094F8733063F07F03C3
:10AEC40084F873300020BDE8F0815D4B1E221A75B2
:10AED40000225A754FF0FF3070473146FDF792FC5F
:10AEE400F1E744F287039E4215D8416C61B9872E7D
:10AEF40027D8216CF1B9072E3CD8E16B002932D157
:10AF0400062ED9D8062550E003224046FFF74BFE13
:10AF140000236364EBE7A6F58143073B416C0029FA
:10AF2400E5D003224046FFF76EFE0028DFD0002361
:10AF34006364DCE702224046FFF735FE0023236406
:10AF4400D9E744F287039E4214D8A6F18703216C03
:10AF54000029D0D002224046FFF755FE0028CAD06F
:10AF640000232364C7E701224046FFF71CFE0023A9
:10AF7400E363C5E7872E9FD8F31FE16B0029BFD099
:10AF840001224046FFF73FFE0028B9D00023E363C7
:10AF9400B6E705F1080754F827104046FFF7F2FD1D
:10AFA400002344F82730013D2DB233B2AB42F0DD2B
:10AFB40082E702224046FFF7A3FE0023E36671E71F
:10AFC400A6F58973C16E00293FF46CAF0222404696
:10AFD400FFF7C6FE00283FF465AF0023E36661E790
:10AFE40001224046FFF78CFE0023A36661E7B6F515
:10AFF400897F3FF661AFA6F11203A16E00293FF4E9
:10B0040058AF01224046FFF7ABFE00283FF451AF92
:10B014000023A3664DE705F1080754F827104046BE
:10B02400FFF7B0FD002344F82730013D2DB233B2C1
:10B03400AB42F0DD40E71125F9E700BFE40A022046
:10B04400142E022010B504460021FFF703FF08B9AF
:10B05400206110BD4FF0FF30FBE700002DE9F04107
:10B06400D4B004460D4616460021FEF747FB0028DF
:10B0740040F00E812046FEF751FD894B00E09033ED
:10B08400884883420AD25A88A242F8D193F87020A1
:10B09400002AF4D14FF6FF725A80F0E7FFF788F8E0
:10B0A400074688B3002201212046FEF787FD80462B
:10B0B400002800F0F280038843F2C612934229D09C
:10B0C40043F2C812934265D0FEF7F2FC32462146A1
:10B0D4003846FCF707FF002840F0C4807D6025B1A6
:10B0E40095F87030013385F870307E803C803B8960
:10B0F40043F2C612934204D043F2C812934240F082
:10B10400C88000F07BFEC4E0674B18221A75002249
:10B114005A75BEE0E022014601A80CF0D3FDBDF84B
:10B1240004303B81BDF80630FB60BDF808303B615C
:10B13400BDF80A30BB82002207E0131D01A931F8D3
:10B14400131007EB830399600132312AF5D9BDF955
:10B154007030A7F8E03064220DF1720107F1E200CB
:10B164000CF0B0FD9DF8D63087F846319DF8D73005
:10B1740087F84731369BC7F84831BDF8DC30C7F84B
:10B184004C31BDF8DE30A7F850319DF8E03087F837
:10B19400523140E04FF4A672014601A80CF092FD32
:10B1A400BDF804303B81029BFB60039B3B61BDF80F
:10B1B4001030BB824FF0000CBCF1310F0AD80CF1F7
:10B1C400040301AA52F8232007EB83039A600CF1CD
:10B1D400010CF1E7BDF9DC30A7F8E03064220DF191
:10B1E400DE0107F1E2000CF06DFD9DF8423187F8B5
:10B1F40046319DF8433187F84731519BC7F84831B0
:10B20400529BC7F84C31BDF84C31A7F850319DF82A
:10B214004E3187F852314046FEF74AFC3B69FA68E2
:10B2240039892248FEF712FE3B8943F2C612934243
:10B2340003D043F2C81293421AD1FA683B699A4286
:10B2440016D297F852319BB9002387F8543197F8F6
:10B254004631012B12D016F0010F15D1012387F8C6
:10B2640046313BE7104B002716221A755F7510E034
:10B274000D4B002716221A755F750AE00C48FEF77D
:10B2840097FB46F00106E6E7022387F8463125E7F7
:10B294000027384654B0BDE8F0810746F9E700BFFF
:10B2A4005815022098200220142E02208890012094
:10B2B400C090012008B5028846F291039A4200D159
:10B2C40008BD014801F0E2F8F490012010B50446ED
:10B2D400FFF7F0FF94F874200D4B4FF4C87101FB95
:10B2E400023393F85431012B0AD02046FDF7B7FFFF
:10B2F40050B994F8733003F07F0384F8733010BDB1
:10B304002046FDF71FFBFAE76088FFF71FFBF6E70F
:10B31400E40A022038B50446FFF748F905462046FA
:10B32400FFF7C8FF94F87030DBB1102D1CD094F8EF
:10B334007030013BDBB284F8703053B9638943B990
:10B34400802D03D0402D01D0102D02D12046FFF7CF
:10B3540079FE94F870301BB994F97330002B07DB35
:10B3640038BD114801F092F8204600F0D9FEDEE71E
:10B3740094F874200D4B4FF4C87101FB023393F819
:10B384005431012B05D063893BB12046FFF79EFF62
:10B39400E6E72046FFF79AFFE2E72381A188608869
:10B3A400FFF7AEF9F1E700BF04910120E40A02209F
:10B3B40010B50B4C002302E004F5C8740133032BD1
:10B3C4000DD821884FF6FF729142F5D0626882420F
:10B3D400F2D1FFF79FFF01212088FFF7BDF910BDCF
:10B3E400E40A022070B5054650B30E4690F8742066
:10B3F400314B4FF4C87101FB023393F85431012BE4
:10B4040024D0FEF7A7FF10F0020F24D095F8733074
:10B4140013F0400F25D100216888FFF79DF90446F9
:10B4240050B3264BB3F8D6208281B3F8D830C38109
:10B434004FF400430381012343810023036127E088
:10B444001E4B06221A7500225A750FE03146FDF78D
:10B45400CBFD04460EE0194B01221A7500225A75E1
:10B4640004E0164B1E221A7500225A752846FFF76F
:10B4740051FF0024204670BD104B17221A7500227C
:10B484005A75F3E703F1080C002044F82C0001334B
:10B49400132BF7D92046FFF719FF234632460849F4
:10B4A4002846FEF7ABFF18B12846FFF733FFE1E764
:10B4B4002046FFF72FFFD9E7E40A0220142E0220CA
:10B4C4007894012010B500EB4000094C04EB800493
:10B4D400637A013BDBB263724BB963683BB12046CC
:10B4E400FEF7E4FE6068FFF715FF0023636010BDFC
:10B4F400F424022070B504460D4609B100230B6004
:10B504004FF400712046F8F751FF002800F0E38063
:10B51400724A14600444724A1460724A0021116031
:10B52400B0F5007F13D0704B0D221A60FEF718FEA1
:10B534002F2810D06D4BD3F8F06096F870305A1C59
:10B5440086F87020023386F87030344670E0664B1B
:10B5540025221A60EAE7654BD3F8F460EDE7634B04
:10B56400002283F8F82083F8F92083F8FA2083F87E
:10B57400FB2066E0594A136801331360FEF7F0FDBF
:10B584002F28F7D0002800F08F80564B1B68002B23
:10B5940040F08A807CB13046FFF7BCFE2046FFF7BE
:10B5A40005F8402816D12046FEF7D4FE10F0010F0E
:10B5B40016D04F4E1EE04D4B02221A7500225A75CA
:10B5C40034460DB100232B602046FFF7A3FE002470
:10B5D400204670BD454B14221A7500225A75F0E7B7
:10B5E400424B0D221A7500225A75EAE73B4A13684A
:10B5F40001331360FEF7B4FD034648B12F2B07D087
:10B604003C4A9642F2D0324602F8013B1646EDE738
:10B6140000233370354BD3F8F430A3421DD0A288F5
:10B62400012A15D032492046FFF742F9264604463E
:10B6340014B12046FFF73EFE2C4BD3F8F830A3425A
:10B644008DD0002C9AD02046FFF7B2FE044695E731
:10B654006188294A12889142E4D0254A12782E2A18
:10B66400E0D1234A52782E2ADCD1214A9278002A4A
:10B67400D8D1A34211D094F87420204B4FF4C87150
:10B6840001FB02335E6896F87030013386F870303F
:10B694002046FFF73FFE3446C4E794F87030013388
:10B6A40084F870302646C3E70E4B1B6813B93DB1CE
:10B6B4002E608DE70C4B1A680C4B9A82344680E757
:10B6C4003046FFF727FE002C82D1084B02221A7560
:10B6D40000225A757CE700247AE700BFCC240220BC
:10B6E400D0240220C8240220C4240220142E0220C4
:10B6F400C8230220E623022012220720E40A0220A3
:10B7040010B5092819D8134B034493F8E230FF2BE2
:10B7140013D00E2B17D803EB43030F4A02EB83031A
:10B724005C680E4B9C4211D303F534639C420DD2EA
:10B734002046FFF7BFFD204610BD064B002409221A
:10B744001A755C75F7E7064800F0A0FE054800F09E
:10B754009DFE00BF142E0220F4240220581502205E
:10B76400149101203091012070B504460D4616460F
:10B77400FEF71CFF402810D00023104A314628460B
:10B78400FEF73CFEB8B163895A1E62816BB1042195
:10B794002046FEF7FDFD002070BD094B15221A75E9
:10B7A40000225A754FF0FF30F6E7013363810548F4
:10B7B400FEF74CFBEBE74FF0FF30EDE77894012008
:10B7C400142E022044910120024BD3F8C800C0F388
:10B7D40008007047142E022038B504460D4623692C
:10B7E4009AB29AB994F872302BB129462046FEF7E2
:10B7F400C1F80028F3D00B4B002083F8C40083F871
:10B80400C50083F8C60083F8C70038BD054AD2F8DE
:10B81400C4109BB28B4228BF0B46C2F8C43001202F
:10B82400F3E700BF142E0220F8B504460E46154671
:10B834000A4BD3F8C470FFF7C7FFC0F50070874206
:10B8440000D238463060054BD3F8C8102A46490A5E
:10B854002046FDF797FD80B2F8BD00BF142E0220EC
:10B8640038B504460D46238AB3F5805F1FD994F892
:10B8740071303BB129462046FEF77CF80028F2D00F
:10B88400012015E00B4B4FF0FF3283F8102183F8B1
:10B89400112183F8122183F8132120221A75002222
:10B8A4005A750D21186800F061FD012000E00020A8
:10B8B40038BD00BF142E02200B4BD3F8C82002441D
:10B8C400C3F8C820D3F8C420121AC3F8C420D3F88C
:10B8D40010210244C3F81021D3F8C0100144C3F866
:10B8E400C01090B2704700BF142E0220F0B583B090
:10B8F40006460C4647885D4B002283F8102183F8E6
:10B90400112183F8122183F81321FEF74FFE6028DA
:10B9140049D00ED8202800F09A80402817D010284B
:10B9240040F09D8021463046FFF756FF68B101255F
:10B934003DE0802816D0C02840F09180E1B2304626
:10B9440005F0E6FC494BC3F8100103B0F0BD96F8CE
:10B954007420474B4FF4C87101FB023393F8543100
:10B96400012B11D03369414AD2F8C820934210D830
:10B974003E4B002283F8C42083F8C52083F8C620F8
:10B9840083F8C720002512E021463046FCF71AFE52
:10B99400DBE79B1A354AD2F8C4108B4228BF0B460A
:10B9A400C2F8C430EEE7378C002500E08DBB2F4B86
:10B9B400D3F8C430ABB3012201A93046FFF734FFFA
:10B9C400014600223846FEF7F9F8044648B3FFF76B
:10B9D400FBFE0146019A204600F020FB2046FEF7BC
:10B9E40067F8BDF80400FFF767FF002DDED01F4B9A
:10B9F400D3F8C8309BB2B3F5105FD7D31B4B0022EA
:10BA040083F8C82083F8C92083F8CA2083F8CB20A0
:10BA1400CCE73369019A9B1A3361304600F080FB0E
:10BA2400C5E7124BD3F81031002B8ED10F4BB3F96D
:10BA34001430002B89D00D4B4FF0FF3283F81021C6
:10BA440083F8112183F8122183F813217DE721461D
:10BA5400308CFEF7F3F8054BC3F8100175E7034B80
:10BA640013221A7500225A756FE700BF142E0220A4
:10BA7400E40A02202DE9F04182B005460C46B0F8F4
:10BA84000280584B002283F8102183F8112183F897
:10BA9400122183F81321FEF789FD602819D009D8F3
:10BAA400202800F0918040281BD0102840F094807A
:10BAB400012611E0802816D0C02840F08D80E1B224
:10BAC400284605F035FC474BC3F8100102B0BDE829
:10BAD400F081B5F82080002614F0080F05D0022765
:10BAE40028E00026F8E70026F6E7012722E00022F6
:10BAF40001A92846FFF798FE0146019AB2F5007F96
:10BB040014BF002201224046FEF758F804460028DC
:10BB140036D0FFF759FE0146019A204600F096FA06
:10BB240039462046FDF798FF50BBBDF80400FFF7E7
:10BB3400C3FE66B92B4BD3F8C4300BB3002ED6D05A
:10BB440039462846FFF78CFE0028D0D0BEE7254BA7
:10BB5400D3F8C8309BB2B3F5105F09D3214B002250
:10BB640083F8C82083F8C92083F8CA2083F8CB203F
:10BB74002A69019B13442B61284600F0D1FAD9E7C6
:10BB840066B9184BD3F8C8302A69934206D92B6199
:10BB940095F8733063F07F0385F87330114BD3F855
:10BBA4001031002B92D10F4BB3F91430002B8DD0F0
:10BBB4000C4B4FF0FF3283F8102183F8112183F8E6
:10BBC400122183F8132181E72146288CFEF74CF8D3
:10BBD400044BC3F8100179E7024B13221A750022B3
:10BBE4005A7573E7142E02202DE9F8430546FFF732
:10BBF40087FD002867D00646344A2A4492F8E2308A
:10BC040092F9E24003EB43034FEA8309304F07EB19
:10BC1400830393F8088008F003085B7A012B19D09A
:10BC24004FF6FF77294B5A19FF2182F8E210B3F837
:10BC3400EC200120A840C04300B20240A3F8EC204D
:10BC44002046FFF73FFC4FF6FF739F4236D100209A
:10BC5400BDE8F883FEF75FFBD8B93046FEF7A6FCD3
:10BC640080281FD04FF6FF77304605F045FA08BB11
:10BC7400B8F1000F07D096F87230013B86F87230A5
:10BC8400B8F1010FCED096F87130013B86F87130CF
:10BC9400C8E757F809200D4BC3F8C820308CFDF7CE
:10BCA400F9FFDAE7B8F1000F01D07788DCE74FF647
:10BCB400FF77D9E7304605F04BFBD9E73846FDF767
:10BCC40067FD0020C4E74FF0FF30C1E7142E0220C7
:10BCD400F42402202DE9F84305460E46234B0022A6
:10BCE40083F8D0205A6AC3F8C0209A6AC3F8C420E3
:10BCF400186AFFF705FD074610B31C4B1A6A134474
:10BD040093F8E24004EB44044FEA8409DFF86080CE
:10BD140008EB8404237A3360237A03F00303AB42F1
:10BD240011D0B5B101213846FEF732FB3846FEF793
:10BD34003DFC80280FD058F809200C4BC3F8C820CC
:10BD44003846BDE8F883094B002709221A755F7548
:10BD5400F6E70721E7E7002DEDD1237A13F0040F6E
:10BD6400E9D03B6948F80930E5E700BF142E02200A
:10BD7400F4240220F8B505460F4616460068048CE4
:10BD8400B4F5007F0FD0B4F5C06F25D031462046FE
:10BD9400FDF7B4FC074620B904F47F43B3F5007FF4
:10BDA40023D03846F8BD144BD3F8FC3063B1FFF709
:10BDB400B1FA114BD3F8FC302B601C8C93F8702033
:10BDC400013283F87020DEE70B4B13221A75002230
:10BDD4005A754FF0FF37E4E731463846F4F7C0FCB4
:10BDE4000028D3D04FF0FF37DBE73246E1B22868B2
:10BDF40003F0D6FDD5E700BF142E022030B5D5B030
:10BE0400684C00E09034684B9C4211D294F8703036
:10BE1400002BF7D094F97330002BF3DA2046FFF7A8
:10BE240055FA94F8733003F07F0384F87330E9E72C
:10BE34005E4C17E001221146FDF7C0FE054678B1BD
:10BE4400238943F2C61293421FD043F2C81293428D
:10BE540060D02088FEF77AFD02212846FDF7FCFD1C
:10BE640004F5C874524B9C4280F0988020884FF6A9
:10BE7400FF739842F4D094F84631022BF0D0002B93
:10BE8400D8D1022384F84631D4E7E022002101A866
:10BE94000BF092FD2389ADF80430A389ADF8063088
:10BEA400238AADF80830A38AADF80A30002307E0EE
:10BEB4009A1D34F82200191D01AA22F81100013339
:10BEC400312BF5D9B4F9E030ADF87030642204F1C7
:10BED400E2010DF172000BF0F5FE94F846318DF895
:10BEE400D63094F847318DF8D730D4F848313693AA
:10BEF400B4F84C31ADF8DC30B4F85031ADF8DE3084
:10BF040094F852318DF8E030E02201A928460BF074
:10BF1400D9FEA1E74FF4A672002101A80BF04CFD55
:10BF24002389ADF80430E368029323690393A38A59
:10BF3400ADF81030002307E09A1D54F82200191DB3
:10BF440001AA42F821000133312BF5D9B4F9E030CC
:10BF5400ADF8DC30642204F1E2010DF1DE000BF0F7
:10BF6400B1FE94F846318DF8423194F847318DF89A
:10BF74004331D4F848315193D4F84C315293B4F846
:10BF84005031ADF84C3194F852318DF84E314FF4B4
:10BF9400A67201A928460BF095FE5DE7FDF7A6FD04
:10BFA40055B030BD5815022098200220E40A022022
:10BFB400241102200E4B93F91D0010F0FF0016D03F
:10BFC40010B5194600F1100351F82340002201F87E
:10BFD400232001EB83035A709A70DA704A77A047E2
:10BFE400034B93F91D0010F0FF00EAD110BD704718
:10BFF400142E0220024B9B699D46BFF36F8F0047AE
:10C00400142E022007E00368D1F800C040F804CBE6
:10C0140041F8043B043A002AF5D1704710B51446A0
:10C02400094B93F8D0303BB10144074BD3F8C0001F
:10C034000BF048FE204610BD0144034BD3F8C0006A
:10C044000BF040FEF6E700BF142E022010B50B469D
:10C0540014460A4A92F8D02042B122460749D1F840
:10C06400C01018440BF02EFE204610BD2246034992
:10C07400D1F8C01018440BF025FEF5E7142E022069
:10C08400034B0C221A7500225A754FF0FF3070478B
:10C09400142E0220034B0C221A7500225A754FF0FD
:10C0A400FF307047142E0220114A136801331360C5
:10C0B400312B1CD9002313600E4A10780E4A03F169
:10C0C400010C022B12D800B55188A1EB002192F883
:10C0D40000E003040EFB01331B0A53800432634661
:10C0E4000CF1010C022BEFD95DF804FB704770478B
:10C0F400D82107203F22072054C001200278931E34
:10C10400DBB2022B09D8022A05D0044A1378013382
:10C114001370022303700023436170473F220720FA
:10C1240070B50546EFF3108672B60A4C00E0603431
:10C13400094B1B68A34209D92378012BF7D96369FA
:10C14400AB42F4D12046FFF7D9FFF0E786F310881D
:10C1540070BD00BF3C060720DC0B072070B5064607
:10C164000C46EFF3108572B6038B8B80438BCB8028
:10C17400081DF8F7E2F801233370264A13780133D7
:10C1840013702368B3609A8CB2845A8D7285DA8CEA
:10C19400F2849A8DB2859A78B270DB88F380642336
:10C1A4003384F4612660002333647364B364F364FA
:10C1B400194B1B68F363D4F8F03023B193F8702063
:10C1C400013283F87020D4F8F43023B193F870204E
:10C1D400013283F8702000236377A38204F1EC0614
:10C1E40004F1E20100E00131B1420FD20B78FF2BE0
:10C1F400F9D00A4A03EB430002EB8000407A03EBD8
:10C20400430302EB8302431C5372ECE785F310886B
:10C2140070BD00BF3F22072074130720F4240220BE
:10C2240038B5304B0B221A7500225A75EFF310857E
:10C2340072B62D4C2D4B1B68A3424ED923780BB1FB
:10C244006034F7E76022002120460BF0B5FB0CE0D8
:10C254006033264A12689A4207D91A78002AF7D01E
:10C264009A889142F4D10023A380A3887BB9204A01
:10C27400138801339BB21380B3F5FA4F02D31346EC
:10C2840014221A801A4B1988A180174BE1E7154B29
:10C294005A6B62651B685BB1B3F85020A4F8502058
:10C2A400D3F83220D3F83630C4F83220C4F836300C
:10C2B4002046F8F77DFB50B9062323700D4A1388F6
:10C2C40001331380074B00221A755A7506E0054B9B
:10C2D40000240C221A755C7500E0002485F3108894
:10C2E400204638BD142E02203C060720DC0B072014
:10C2F4000622072008220720074B1B685A7812F0F1
:10C30400020F07D1054A1168D96513605A7842F0C3
:10C3140002025A70704700BF142E02208CD00120F4
:10C32400114B93F91D30BBB10F4A126802F122017F
:10C3340013F0100F05D002F1280123F010030A4A6C
:10C3440053770B88084890F91DC0012202FA0CF2B9
:10C3540013430B8000234377034B1A68537843F04D
:10C3640001035370704700BF142E022030B500F152
:10C37400220E0F2901D900F1280E01F00F0201232A
:10C3840093409BB2EFF3108472B602781AB390F81C
:10C3940001C04CF0010C80F801C012291ED01339E1
:10C3A400032903D8028D22F004020285BEF802207C
:10C3B4001A420DD1BEF804201A4204D10278032A8D
:10C3C4001DD000224261BEF800201343AEF80030B5
:10C3D4000378022B1AD084F3108830BD052A04D0C8
:10C3E400028D22F078020285D9E70222027000222F
:10C3F40080F85320094D2A7801322A70F0E702228E
:10C40400027006490A7801320A70DAE7044B1B68A5
:10C414008342E0D101230370DDE700BF3F22072000
:10C42400142E022070B970476034094B1B68A34274
:10C434000DD9B4F85030AB42F6D131462046FFF75F
:10C4440095FFF1E770B50E460546024CEDE770BD69
:10C45400DC0B07203C06072010B58468638D13F0BD
:10C46400020F04D0084B1B680020187010BD112166
:10C474002046FFF77BFF2046FFF752FE024B1B6866
:10C4840007221A700120F1E7142E022008B5044691
:10C494000448FDF78DFA2046FDF78AFAF7F758FFAE
:10C4A400FEE700BF5891012010B5164B1C68154AD1
:10C4B400136860331360144A1268934202D3114B19
:10C4C400124A1A600F4B18680378012B0AD0022B0A
:10C4D4000BD0A042EBD10E4B1B7F7BB962B6F8F7B1
:10C4E40041FCE4E70B48FFF7D1FF437813F0040F56
:10C4F40000D110BD23F004034370D8E70648FFF7CA
:10C50400C5FF00BF60C00120DC0B07203C060720EC
:10C51400142E0220649101207C91012038B53A4BFD
:10C524001B7823B9394B1B681A78012A20D0384A62
:10C5340013780133DBB21370364A1278934222D057
:10C54400314B1B789BB9344A138801339BB2138057
:10C554002E4A1268128C934209D32C4B1B7A33B99E
:10C564002E4B1B78012B4BD92D4B01221A7038BD51
:10C57400264A127A1AB15A6C01325A64D7E71A6CF5
:10C5840001321A64D3E7224B00221A70254A136839
:10C5940001331360244D0FE02448FFF777FF238E07
:10C5A400012B04D9013B9BB22386012B15D0238E8A
:10C5B400012B16D904F15C052C68E4B12378002B17
:10C5C400EAD0E368002BEAD0013BE360002BE6D11C
:10C5D4000E212046FFF7CAFEE1E72046FFF78EFD55
:10C5E400E5E7E368002BE5D1637823F00203637089
:10C5F400E36D2B60E0E703F0AFF8FFF755FD9FE72D
:10C60400054B00221A80B2E736220720142E02209E
:10C614004722072046220720142207203F22072012
:10C624003E220720741307208CD001209091012012
:10C6340070B5454B1B689B88012B10D00646FFF74D
:10C64400DDFBEFF3108572B63F4B18684FF6FF72AF
:10C65400C284828500245C77F8F78EF903E03B48B6
:10C66400FFF714FF0134092C09D8374B234493F8FE
:10C67400E230FF2BF6D02046FFF7B6FAF2E7324C51
:10C6840023681E82D4F8F000FEF744FED4F8F400C8
:10C69400FEF740FE2E4C12E02D4BA3602046FFF720
:10C6A400DBFE1AE00023A4F8503001212046FFF7F6
:10C6B4005DFE12212046FFF759FE15E06034254B3C
:10C6C4001B68A34218D92378002BF7D01E4B1B6894
:10C6D400A342F3D0A2689342DED0B4F850201A4BA0
:10C6E4001B689B889A42DDD0E26D174B1B689A4207
:10C6F400E4D1DB6DE365E1E7134B1B68164A12686E
:10C7040093421CD003F0A0F985F310880E4B4FF030
:10C71400FF321A715A719A71DA711868FFF79CFE28
:10C724000E4A1378013B13700D4A1388013B1380A2
:10C73400FFF7BAFEF8F74EFB0A48FFF7A7FEDA6DDB
:10C74400054B1A60DEE700BF142E02209C910120E5
:10C754003C060720DC0B07208CD001203F22072059
:10C7640008220720A891012038B505888388DB4377
:10C774001BB21D4064D001295ED0324C4FF0010E33
:10C7840015E011B11CF0780F2FD10288DB431BB2E6
:10C794001340038021B143F2FE031CEA030F04D1CA
:10C7A400294B1B689A88012A38D10EF1010EBEF17B
:10C7B4000E0F16D80434012303FA0EF31FFA83FC78
:10C7C4002B42F2D02268002ADBD0012AEDD0028865
:10C7D400DB431BB2134003800B01DBB273441A4AE0
:10C7E4005377194B93F91D0038BDEFF3108272B6DD
:10C7F400154A116805240C70116881F853E001880A
:10C80400DB431BB20B400380137F23B10F4B012288
:10C814001A70FF20E8E700F051F8FAE71A78032AC3
:10C8240003D01FFA8EF0FFF703FF01221A70084AA3
:10C83400137801331370F4E7064C4FF0000EB6E79B
:10C844000020D1E7542E0220142E02203E2207207D
:10C854003F220720902E022038B5174B1D6815F88B
:10C86400223B042B18D0144B93F91D0018BB1B68F2
:10C874005A7812F0010F1ED01B78052B1BD0002410
:10C88400012C11D821462846FFF76EFFFF28EAD075
:10C8940030B901340635F3E7FFF742FD00200AE022
:10C8A400054B93F91D0006E0034B1A68537823F0F7
:10C8B40001035370002038BD142E022008B5EFF395
:10C8C400108372B6194B1B681B78022B03D9184AC4
:10C8D4001378013B1370FFF7BFFF90B1134B1B6834
:10C8E4001A78022A03D912490A7801320A700122FD
:10C8F4001A7062B605E062B6F8F734FAEFF3108303
:10C9040072B60B4B1B78002BF5D0084A11680A78D5
:10C91400013AD2B2012A03D8012B04D002230B70AE
:10C92400F8F74BFA08BD0B7062B6FBE7142E022031
:10C934003F22072008B5164B00221A755A755B7AF8
:10C94400432B19D9124B2A221A7500225A75104BFF
:10C954001A6800211186EFF3108272B61B68198CD5
:10C964000C4A1288914203D80B4A1278012A0AD839
:10C9740062B6FFF771FF08BD084A52F823309847A2
:10C98400034B1861E3E702221A70F8F716FAEFE78F
:10C99400142E0220142207203F22072050B8012021
:10C9A40010B5EFF3108372B60F4B1A681378012B8E
:10C9B40009D05CB2A4B1033BDBB2022B10D80B4C00
:10C9C4002378013323701170074B1A6850610849AA
:10C9D4000B8801339BB20B80D385FFF76FFF10BD2B
:10C9E4000448FFF753FD00BF142E02203F22072006
:10C9F4001C220720BC91012008B50321FFF7D0FFBA
:10CA040008BD08B50421FFF7CBFF08BD08B50548EC
:10CA1400FCF7CEFFF7F790FC00F0F2FB0248FFF7BB
:10CA240035FD00BFCC910120DC91012008B50378CD
:10CA3400722B06D1837823B943786F2B05D0772BDB
:10CA440007D0F7F73DFBC0B208BD0120034B1870B7
:10CA5400FAE7024B00221A700120F5E764C00120B6
:10CA640030B44FF0010C094D0AE0094C0FCC68605A
:10CA7400A960EA602B612068686120350CF1010C23
:10CA8400BCF1080FF1D930BC704700BFC4190720AE
:10CA940060B90120094B0CE04FF6FF72A3F80022A5
:10CAA400002283F8092283F80822A3F80A2203F556
:10CAB4000373034A9342EFD3704700BF5CDD012048
:10CAC4004C06022010B5094C0CE04FF6FF7323808E
:10CAD400002184F85411382204F5AC700AF06CFF7C
:10CAE40004F5C874024B9C42EFD310BDE40A022043
:10CAF4002411022070B506460BF060F904460A4D75
:10CB0400421C2968304603F0B7FB084E3168286898
:10CB140003F0FCFB043424F003042B6823442B604F
:10CB240033680433336070BD140607202CD1012010
:10CB340070B5184D05F50073A5F500646363FFF740
:10CB44006FFB154B18602060636B4365F7F7F3FBCD
:10CB5400A5F21E7302E0FF2203F8012B0F4A934251
:10CB6400F9D3A2F1EC060C4C31462068FFF7F6FA33
:10CB74000123337222681370094B1D6005F5807020
:10CB8400084B1860202103F0A6FB0748FFF7B2FF0B
:10CB940070BD00BF14360220B8200220002F0220EE
:10CBA4002CD1012014060720E891012010B50A4C6D
:10CBB4002168002003F0AAFB2268084B9A6203F55F
:10CBC400006203F5106119625A62054B1B68012269
:10CBD400A3F8502010BD00BF2CD10120142E022038
:10CBE400B820022038B5044617E001342378202BFE
:10CBF400FBD00A2BF9D0254600E001352B781BB178
:10CC0400202B01D00A2BF8D113B1002305F8013BE6
:10CC14002046FFF70BFF20B12C462378002BE5D1EB
:10CC240038BD2046FFF766FFF6E7000070B500E068
:10CC340001300378202BFBD001462E4C0025012621
:10CC440019E036B1884204D0002E42D100250024D8
:10CC54002EE005F580750134014601260BE0A2F1B2
:10CC64006103DBB20F2B3CD8613A05EB02150131AD
:10CC7400EAE7013101340A78A2F14103DBB2192B4E
:10CC840001D842F020022378002BDDD02C2BD8D001
:10CC9400002EEED0232BE2D09A42EAD00026E8E719
:10CCA40004EB840403EB4403A3F1300401300126B4
:10CCB4000378A3F13002D2B2092AF1D9202B0AD089
:10CCC40012D80A2B09D00D2B07D033B14FF6FF70C1
:10CCD40006E00846BBE7FFF785FF46B1281980B296
:10CCE40070BD4FF6FF70FBE74FF6FF70F8E74FF6A5
:10CCF400FF70F5E7F091012070B5244B186890B1EE
:10CD040003782BB94FF6FF70204B00221A6038E0ED
:10CD1400FCF74EFE1D4C21681D48FDF797F820686E
:10CD2400FFF784FFF0E74FF6FF70EDE71948FCF7D3
:10CD34003FFE194C194EC4F8C060012384F8D0306A
:10CD440000253F2384F8C43084F8C55084F8C650C5
:10CD540084F8C75084F8D65084F8D75084F810511A
:10CD640084F8115184F8125184F81351294640F281
:10CD74000120FCF763FFD4F81031F5543046FFF777
:10CD840055FF4FF6FF739842D0D070BD580602206D
:10CD9400F491012004920120142E02207CDC012055
:10CDA40038B505461A4B00220A2183F8201083F86F
:10CDB400212083F8222083F8232002F021FB154B45
:10CDC4009B6A03B138BDAC46134C3035A646DCF83B
:10CDD4000000DCF80410DCF80820DCF80C30AEE8C5
:10CDE4000F000CF1100C7446AC45EFD1DCF80000D8
:10CDF400DCF80410DCF8082007C4BCF80C209CF80C
:10CE04000E302280A370054B034A1A60DAE700BF94
:10CE1400142E0220C41B07207CDC012058060220AB
:10CE240010B5564B00241C7701221A7203F54033C7
:10CE3400534A1360FFF714FE214640F20120FCF729
:10CE44005DFC002831D14F4C21464F48FCF7FEFFD2
:10CE5400F7F770FA4D4B1B7804F8133C4C4B1B78D6
:10CE640004F8143C4B4C0F2323804B4B4B4A1A6061
:10CE7400FFF710FEFFF726FEF7F7CEFDFFF758FE8B
:10CE84002388474A1288474909884748FCF7DEFF48
:10CE9400464B14221A704648FCF78AFD62B6454890
:10CEA400FCF786FDF3F71AFA13E04348FFF7EEFAAE
:10CEB4004248FFF7EBFA77224148FCF7C7FF414BA2
:10CEC4001A780021404B1888FEF7C8F80446B8B118
:10CED4002CBB3E4B1A683E4B1A603E4B1A683E4BC5
:10CEE4001A60FFF709FF0146374B18804FF6FF73AE
:10CEF4009842DDD0334B1B78002BDCD06F22DBE76C
:10CF04003648FCF755FD324B1A68304B1A60324BE9
:10CF14001A68304B1A602B4B01221A70D8E7D4F8E8
:10CF240048212F4B1A6094F847215A600121264B5F
:10CF34001888FDF711FC2B4B1860E0B12A48FCF768
:10CF440037FDFFF733FE274B1B6893F8702001323F
:10CF540083F87020094AC2F8F03093F87010013158
:10CF640083F87010C2F8F4301368204A1268DA6348
:10CF7400FFF74CFD10BD1148FFF788FA142E02206C
:10CF840048C001209AC00120189201204CC0012001
:10CF94004DC0012000220720DC0B0720DC0B0720FA
:10CFA4000C2207200E220720389301204622072056
:10CFB4007C9301209893012010920120A0930120DA
:10CFC400A893012064C00120122207201406072020
:10CFD400AC2502202CD10120A8250220D0930120C9
:10CFE4007C150720F00B0720D89301207413072029
:10CFF40030B51B4B1C6823464FF0000C6046E646D8
:10D0040008E09E4614E06033164A12689A421DD026
:10D01400A3421DD01A8B002AF5D0134A12689A42F3
:10D02400F1D05A7812F0100FF2D11A78022AE8D00F
:10D03400033AD2B2032AE6D80C4A1288DD8D521B79
:10D0440092B29445DFD894461846DCE7084BDFE7F4
:10D0540000B130BD09B17046FBE7034B1868F8E72F
:10D0640060C00120DC0B0720142E02201C220720A4
:10D074003C060720074B1B684BB107498A8AC0321C
:10D084008A82013B034A1360044AD05C70474FF024
:10D09400FF3070472C13072070C001202013072095
:10D0A40008B5084B1B680A2B09D0591C054A1160A6
:10D0B400054AD054054A538AC033538208BD0448F4
:10D0C400FFF7E4F92C1307202013072070C0012078
:10D0D40068C0012070B582B001911446184AC2F8A4
:10D0E4000C31C2F80011C4F30803ABB90546630A56
:10D0F400134AC2F80831BDF81820124B1A80030AEB
:10D1040003EB8303104A02EB83039B680022022192
:10D11400C0B2984706460DE00C48FFF7B7F901AADC
:10D124004FF483712846FCF705FB019B01330193FF
:10D13400A4F50074002CF2D1304602B070BD00BFDB
:10D14400142E022018220720C8BE0120DC930120DF
:10D1540010B50F4CC4F80C31C4F80011C2F3080325
:10D164009BB9520A0A4BC3F80821BDF80820094BA1
:10D174001A80030A03EB8303074A02EB8303DB6889
:10D1840000220221C0B2984710BD0448FFF77EF97F
:10D19400142E022018220720C8BE0120E493012087
:10D1A40010B5FFF725FF044648B1064B01221A705B
:10D1B400F7F796FC00B10024024B00221A702046B7
:10D1C40010BD00BF3622072038B509244FF400757E
:10D1D40002E06D08013C64B2002C08DB074BB3F895
:10D1E400EC302B42F5D02046FEF7FEFCF1E7034B72
:10D1F400002283F8EC2083F8ED2038BD142E0220A1
:10D204002DE9F04F95B0AD4B1F68AD4EBF1BA6F591
:10D2140000630021186AFEF76DF988B30546FDF72F
:10D2240099F810F0010F13D02A89B5F90830002BB2
:10D234000EDA12F0490F0BD095F87420A14B4FF47D
:10D24400C87101FB0233B3F8029019F0040F1CD02B
:10D254009D4B00240D221A755C75A046274617B114
:10D264003846FCF72AFCB8F1000F02D04046FCF720
:10D2740024FC14B12046FCF720FC2846FEF74AF8AB
:10D284004FF0FF3015B0BDE8F08F01212846FDF7BF
:10D294007FF8A6F50064002184F8C81084F8C9104A
:10D2A40084F8CA1084F8CB10342384F8C43084F88A
:10D2B400C51084F8C61084F8C71007ABC4F8C03092
:10D2C400012384F8D0302846FEF710FBD4F810313F
:10D2D400342B40F08281079A7C4B9A4240F085813E
:10D2E400BDF848304FEA4318102B00F28081BDF896
:10D2F4004630202B01D0002470E1FCF78DFC04465D
:10D30400A6F5006A0E9BCAF8C830CAF8C480CAF8E9
:10D31400C00001238AF8D03000212846FEF7E6FA3F
:10D32400DAF81031434540F0598100239A461846F3
:10D3340009E0D1F808C04A69033222F003026244CA
:10D3440092450ED30133BDF848209A420BDD5A01B1
:10D3540004EB4311A258012AEBD0022AF2D18868C7
:10D36400F0E79246EEE78346002800F03781C31CBD
:10D3740023F0030303F5805304939F42C0F02E81EE
:10D38400BA4500F22B819A4500D29A46FCF744FC38
:10D394000746FCF741FC804639464B4B586A00F07F
:10D3A4002BF928B1484B0C221A7500225A7556E7FE
:10D3B4004146454B986A00F01FF90028F2D1424BD0
:10D3C4001B6808221A705146F7F76CFC039000287A
:10D3D400E8D1FFF7F9FECDF814900197CDF8088055
:10D3E400DDF80C8001E008F10108BDF84830434540
:10D3F40036DD4FEA481304EB4817E358012BF2D10A
:10D40400BB69002BEFD03B69033323F00301B868F9
:10D4140030447B68DFF8B090C9F8C830C9F8C4104C
:10D42400C9F8C000002389F8D030F6F7BFFFD9F857
:10D43400C430984240F0C98000212846FEF756FACD
:10D44400D9F810213B699A42C0F0C38079698B42B4
:10D45400C9D0B8681844C91A304402F03CFFC2E786
:10D46400DDF81490019FDDF8088006EB0B000246FE
:10D4740000239B4603E0516806EB010B0832116858
:10D4840029B11129F7D01229F8D15368F6E7DB083E
:10D49400CDF8089081465A1E0192CBB1DBF80030DA
:10D4A400534580F0898031465846F6F7F1FD00284F
:10D4B40040F082800BF1080B019BECE748C001208F
:10D4C40014360220E40A0220142E02207F454C4622
:10D4D4004846DDF80890DDF810A0B2444FF48051BE
:10D4E40002F0F9FE19F0020F0FD12B8913F4006F2B
:10D4F40003D0AA893F4BA3F8D6202B8913F4806F5D
:10D5040003D0EA893B4BA3F8D8200AF1030323F0A4
:10D514000303DFF8E090C9F838308022002109F1D4
:10D5240040000AF049FA06AA3946AAF1040000F0BC
:10D5340097F8824601900022414600F091F8834614
:10D54400504602F0D8FE09F1DA0A0822514602F0E8
:10D554006BFED9F80030D9F8DA10D9F8DE20C3F818
:10D564003210C3F836200D9B1E4417B13846FCF721
:10D57400A4FAB8F1000F02D04046FCF79EFA14B1A9
:10D584002046FCF79AFA2846FDF7C4FEABF10401E5
:10D59400019802F0BBFEABF1080B5946069802F065
:10D5A400B5FE144BC3F818B0C3F830B01B680122A1
:10D5B4001A703046FEF71EFD0E4B1A6801211170D9
:10D5C40009211868FEF7D2FE49E6019FDDF80880BC
:10D5D400F2E7019FDDF80880EEE70024054B002701
:10D5E40008221A755F75B84639E60024F6E7002468
:10D5F400F4E700BF142E02202DE9F84380460E46BE
:10D6040001F500778946002349F80C3B4C46404617
:10D6140002F071FE0546C8B108F10408336801330D
:10D6240033602846013502F011FEC0B223460134AE
:10D634001870A74202D30028F3D1E8E7074B07226A
:10D644001A7500225A750120BDE8F883A4EB090479
:10D654007460033424F003047460F5E7142E02208C
:10D664002DE9F0410F46164601F10C044B680333D3
:10D6740023F00302851A4AB93A68134602F10108F5
:10D68400A5EB880806B13260464605E021462846E7
:10D694000AF018FBF0E73B465F1E63B131462846AB
:10D6A40002F034FE0436002FF5D00135237801341E
:10D6B400002BFAD1EFE73146002002F027FE404666
:10D6C400BDE8F081064A136A134493F8E230D2F8B5
:10D6D400C81003EB43039A00024B9950704700BFF4
:10D6E400142E0220F424022010B582B00446174BF5
:10D6F400986AD0B100281ADB22460146134B586AB7
:10D70400F6F734FEE0B101A9201E18BF0120FEF790
:10D71400E1FA0346B8B18CB10D4A01991846904715
:10D72400FFF7D0FF094BD3F8100102B010BD162249
:10D734001A7500225A754FF0FF30F6E7054AECE7F8
:10D744004FF0FF30F1E74FF0FF30EEE7142E0220E8
:10D754001DB80020A5B9002030B583B00422694665
:10D76400324B586A02F060FD002859D105462F4B10
:10D77400186A80B2FDF7C4FF0446002853D0FCF7B2
:10D78400CAFD18B1238CB3F5C06F19D02046FCF73D
:10D794000DFF10281CD0254A136A12FA83F393F85C
:10D7A400E23003EB4300224951F820100191926AC0
:10D7B40012B2AAB1012A29D0022A29D1103410E0C8
:10D7C4001A4B1D221A7500225A754FF0FF351AE0C4
:10D7D400164B1D221A7500225A754FF0FF3512E0C0
:10D7E400144C226800990A440192002A10DB03EBCE
:10D7F40043030F4941F8232004220C4B596A0DEBD3
:10D80400020002F039FD284603B030BD01ACE8E760
:10D81400064B16221A7500225A754FF0FF35F2E7AF
:10D824004FF0FF35EFE74FF0FF35ECE7142E022001
:10D83400F4240220DC21072008B5FEF7DFFA0020DB
:10D8440008BD000010B503468E46B0F902200C4C0A
:10D85400228082886280026AA281221D8068D9683F
:10D8640003C204F1100C186959699A69DB69ACE8C0
:10D874000F0024227146204602F0FEFC10BD00BFBA
:10D88400DC0E072038B50021094B186AFDF732FE7B
:10D8940050B10546064B596AFFF7D4FF04462846A3
:10D8A400FDF738FD204638BD4FF0FF34FAE700BFDE
:10D8B400142E022008B5074B186A00B2FDF720FFAA
:10D8C40020B1044A516AFFF7BDFF08BD4FF0FF3095
:10D8D400FBE700BF142E022008B5124B186A80B271
:10D8E400FDF70EFFD0B1FCF711FDB0F1FF3F14D0EE
:10D8F4000C4A136A12FA83F393F8E230024482F872
:10D90400E230094A03EB430102EB8101497A03EB5C
:10D91400430302EB83024B1C537208BD4FF0FF30EC
:10D92400FBE700BF142E0220F424022008B5204B8C
:10D93400186A00B2FDF7E4FE002835D01C4B586A83
:10D9440083B2092B23D800B2194B1B6A1BB298422D
:10D9540025D0174B034493F8E230FF2B21D1144A0E
:10D96400136A506A00B202FA83F393F8E230024475
:10D9740082F8E2300F4A03EB430102EB8101497A5A
:10D9840003EB430302EB83024B1C537208BD084BA9
:10D9940009221A7500225A754FF0FF30F6E718462F
:10D9A400F4E7FEF721F9DAE74FF0FF30EEE700BFC6
:10D9B400142E0220F4240220044BB3F8D2001A6A75
:10D9C400C2F30802A3F8D220704700BF142E02202D
:10D9D40070B52A4B5C6A186AFDF792FE002849D09C
:10D9E400240A04F0C0040546244B1A6A134493F82D
:10D9F400E23003EB4303224E06EB8306FCF78BFC79
:10DA0400A8B1802C18D0402C1ED0C02C03D1337A5E
:10DA140013F0030F1FD0284603F06EFB18BB174BFF
:10DA2400596A9A6A89B2288CFBF784FE70BD28462D
:10DA340003F062FB0028E4D1104B19221A7500226E
:10DA44005A754FF0FF30F1E7FCF774FC0028DCD086
:10DA54004FF0FF30EAE7094B01221A7500225A758C
:10DA64004FF0FF30E2E7054B9A6A596A284603F003
:10DA74007BFCDBE74FF0FF30D8E700BF142E022019
:10DA8400F424022008B5034B186A40B2FEF7ACF840
:10DA940008BD00BF142E02202DE9F843FCF736FC24
:10DAA4000646B0F1FF3F60D0FCF7E0FB0446B0F15E
:10DAB400FF3F73D03A4B334483F8E200FCF726FC73
:10DAC4000746B0F1FF3F5ED0FCF7D0FB0546B0F14E
:10DAD400FF3F58D00021334B1888FCF73DFE034626
:10DAE400002845D090F8732012F0400F44D1DFF89D
:10DAF400B09009EB070282F8E2502B4A04EB440190
:10DB0400880002EB81014FF0000842F800804B606E
:10DB140081F8088005EB4501880002EB810142F899
:10DB240000804B600A460121117293F870200A4468
:10DB340083F8702041F2FF121A81A3F80A8093F847
:10DB440071200A4483F8712093F872200A4483F800
:10DB54007220D9F82010304602F0D8FBD9F82010F2
:10DB64000431384602F0D2FB46463046BDE8F8831D
:10DB74002846FDF7A7FC06E0094A1E21117500217D
:10DB84005175FDF7C7FB2046FDF79CFC044B33445D
:10DB9400FF2283F8E2204FF0FF36E6E70646E4E78B
:10DBA400142E022012220720F424022030B583B060
:10DBB40001A9124B186AFDF79DFC019971B1044645
:10DBC40060B10F4AFDF7D0FD05460198FDF7A2FBB1
:10DBD4002046FDF79FFB284603B030BD11B108462F
:10DBE400FDF798FB054BB3F9143023B9034B02221C
:10DBF4001A7500225A754FF0FF35ECE7142E0220F7
:10DC0400C823022008B50120FFF76EFD08BD0000FF
:10DC140008B50D4B9B6A1F2B0DDD0B4B00222021F9
:10DC240083F8281083F8292083F82A2083F82B20EE
:10DC3400FFF7E8FF08BD044B1C221A7500225A7531
:10DC44004FF0FF30F6E700BF142E022008B5002085
:10DC5400FFF74AFD08BD000038B505460C46FCF741
:10DC6400A5FC402805D12068FDF754FB2560002061
:10DC740038BD054B14221A7500225A752846FDF743
:10DC840049FB4FF0FF30F3E7142E022010B5044691
:10DC94008289144BB3F8D6309A4213D194F8733076
:10DCA40013F0400F15D10F4B5A6AC2F30B022389AC
:10DCB40003F470431343238104212046FCF768FBDB
:10DCC400002010BDFCF736FB0028E7D04FF0FF30F2
:10DCD400F7E7044B1E221A7500225A754FF0FF30E5
:10DCE400EFE700BF142E022090F8733013F0400FBA
:10DCF4000FD110B50446214B5B6A1BB2B3F1FF3F51
:10DD04000FD11E4B9B6A1BB2B3F1FF3F0FD1002012
:10DD14002DE01A4B1E221A7500225A754FF0FF305F
:10DD24007047FCF707FB18BB144B5B6AA381134BCA
:10DD34009B6A1BB2B3F1FF3F10D0A1890F4AB2F81E
:10DD4400D620914204D10D4AB2F8D820934202D091
:10DD5400FCF7F0FA78B9094B9B6AE381238923F431
:10DD64004063238104212046FCF712FB002010BDF0
:10DD74004FF0FF30FBE74FF0FF30F8E7142E02209E
:10DD840008B50021054B186AFDF7B4FB18B1044926
:10DD9400FFF762FF08BD4FF0FF30FBE7142E0220AF
:10DDA400042F022008B5094B186A00B2FDF7A8FC3D
:10DDB40040B190F87020013280F870200449FFF7D8
:10DDC4004BFF08BD4FF0FF30FBE700BF142E0220CD
:10DDD400042F022008B5FCF7ADFA48B90021074B1F
:10DDE400186AFDF787FB30B10549FFF735FF08BD19
:10DDF4004FF0FF30FBE74FF0FF30F8E7142E02201E
:10DE0400082F022010B582B02C4B00221A755A75C7
:10DE1400FCF786FA30B9294B5B6A03F47043B3F517
:10DE2400805F1CD101A9254B186AFDF763FBF0B98B
:10DE3400019848B32249FDF7D5FA044600283AD0A0
:10DE44001E4A536A1BB2B2F8D22023EA02030381AA
:10DE5400FCF761FA00B3194B9B6A9BB21DE0174BA8
:10DE640001221A7500225A754FF0FF3021E0134A3F
:10DE74001121117500215175FDF74CFA0198FDF738
:10DE840049FA4FF0FF3014E00C4B02221A750022BD
:10DE94005A754FF0FF300CE000232362072120461F
:10DEA400FCF776FA2046FDF711FA2046FDF732FA20
:10DEB400002002B010BD4FF0FF30FAE7142E02200C
:10DEC400C8230220F8B5214B5B6A13F0070F04D076
:10DED4001E4B186A02F0BAF958B31C4BB3F8D6605B
:10DEE400B3F8D8501A68D288A3F8D620B3F8D4204F
:10DEF400A3F8D8200021186AFDF7FCFA074610B3EE
:10DF0400FCF728FA114B5B6A03F00703834318D02C
:10DF14000E4B0D221A7500225A754FF0FF34384605
:10DF2400FDF7F8F9094BA3F8D660A3F8D8502046BA
:10DF3400F8BD064B02221A7500225A754FF0FF30C5
:10DF4400F6E70024EBE74FF0FF34EBE7142E022052
:10DF540038B50021084B186AFDF7CCFA40B10546E4
:10DF6400FFF794FE04462846FDF7D4F9204638BD51
:10DF74004FF0FF34FAE700BF142E022008B5064B19
:10DF8400186A00B2FDF7BCFB10B1FFF77FFE08BDB5
:10DF94004FF0FF30FBE700BF142E022038B50021FC
:10DFA400084B186AFDF7A6FA40B10546FFF79CFE38
:10DFB40004462846FDF7AEF9204638BD4FF0FF343D
:10DFC400FAE700BF142E022008B5064B186A00B207
:10DFD400FDF796FB10B1FFF787FE08BD4FF0FF3049
:10DFE400FBE700BF142E022030B585B000212A4B78
:10DFF400186AFDF77FFA00284BD0044690F8733076
:10E0040013F0400F25D1244B5B6A43B38289224B22
:10E01400B3F8D6309A4202D0FCF78CF970BB1021C9
:10E024001D4B586AF6F7C2F968B3102269461A4BB9
:10E03400586A02F0F9F8009B6361029BA361042112
:10E044002046FCF7A5F92046FDF764F9002005B049
:10E0540030BD114B1E221A7500225A7513E0FCF7CD
:10E0640079F910F0020F09D06D46284601F04CFBF7
:10E0740095E8030004AB03E90300DCE7064B012247
:10E084001A7500225A752046FDF744F94FF0FF3007
:10E09400DDE74FF0FF30DAE7142E0220034B16229F
:10E0A4001A7500225A754FF0FF307047142E022063
:10E0B40038B500210F4B186AFDF71CFAB0B10546BC
:10E0C4004088FCF779FA04462846FDF723F9094D00
:10E0D400696A01F5A671608802F0EFF84FF4A67240
:10E0E400696A04F1080002F0C7F838BD4FF0FF3048
:10E0F400FBE700BF142E02202DE9F04182B000237B
:10E104000193A44B5A6A93B2013303F0010803F05C
:10E11400020602F00303032B5DD04EF2C0031A4241
:10E1240059D1FCF7F3F80746B0F1FF3F00F0F58052
:10E13400FCF79CF80546B0F1FF3F00F0A38001A96D
:10E14400944B186AFDF7D6F90446002854D0019878
:10E15400FDF7E0F88F4B5B6A03F44073B3F5407F3F
:10E1640041D08D4A05EB4503990002EB83035C60C3
:10E1740000205050874A526A1A727EB12046FCF73A
:10E1840015FA402800F086802046FCF7C4F828B928
:10E1940094F8733013F0400F40F082802046FCF76F
:10E1A400BAF8002840F08280002E00F09280794B6B
:10E1B4005B6A13F4806F00F08C802046FCF7F6F95C
:10E1C400802840F086802046FCF73CFF0346002868
:10E1D40000F0A88053E06F4B16221A7500225A757E
:10E1E4004FF0FF3799E06B4B11221A7500225A75D4
:10E1F4002046FDF78FF842E0664BB3F914300E2B3E
:10E2040035D0019898B3634B5B6A13F4807F29D0AF
:10E214006249FDF7E7F8044688B35E4A936AC3F39C
:10E224000B03B2F8D22023EA020343F40043038130
:10E234000721FCF7ADF82046FDF748F82046FCF727
:10E2440089F8B8F1000F02D010F0040F04D0002EAA
:10E2540087D010F0020F84D14E4B0D221A75002284
:10E264005A7508E04B4B02221A7500225A75019820
:10E2740008B1FDF74FF814B12046FDF74BF82846D6
:10E28400FDF720F9434B3B44FF2283F8E2204FF093
:10E29400FF3742E03F4B15221A7500225A75EEE70C
:10E2A4003C4B1E221A7500225A75E8E705EB45031C
:10E2B400394901EB8301374B5A6A92B2081DFDF7C5
:10E2C40059FD0028DBD105EB4502334B03EB8203F8
:10E2D4005C68304BDA1982F8E2505B6A13F4805FB1
:10E2E40007D02C48B0F8EC200121B9400A43A0F82B
:10E2F400EC2013F0030304D094F87220013284F864
:10E304007220012B04D094F87130013384F87130F9
:10E314002046FCF74BF9102813D0384602B0BDE86C
:10E32400F08101330E2BD4DC03EB43011A4A02EBD8
:10E3340081025268A242F4D18A0017490020885011
:10E34400EFE705EB4502144B03EB82035B7A012BE9
:10E354000ED094F87230002BDFD10E4B5B6A13F0B1
:10E36400100FDAD00B4B06221A7500225A7586E775
:10E37400084B5B6A13F0100FEBD12046FEF73CFB11
:10E38400FEF76AFA0028E4D0024B04221A75002230
:10E394005A7574E7142E0220F4240220C8230220A4
:10E3A40010B582B000213B4B186AFDF7A3F8002892
:10E3B4006CD00446FCF7FAF8402837D062894FF64F
:10E3C400FF739A4238D001A9324B586AFDF792F88C
:10E3D400002837D1019800283ED0628843889A42A9
:10E3E40040D194F874202C4B4FF4C87101FB0233D4
:10E3F40093F85431012B3DD02346284A2849FBF792
:10E40400FDFF00283ED06389013363812046FCF779
:10E414005DFF04212046FBF7BBFF0198FCF77AFF60
:10E424002046FCF777FF002002B010BD194B1522DF
:10E434001A7500225A750FE0164B1F221A75002216
:10E444005A7509E0FCF766FF0198FCF763FF114B6E
:10E4540011221A7500225A752046FCF75BFF4FF013
:10E46400FF30E1E7FCF756FF0A4B12221A7500222F
:10E474005A75F1E7FCF74EFF064B2C221A75002261
:10E484005A75E9E70198FCF745FFE5E74FF0FF30DF
:10E49400CAE700BF142E0220E40A0220C823022087
:10E4A4007894012010B53B4B186AFDF729F9002830
:10E4B4006CD0384B196A5A1892F8E2205B6A042B24
:10E4C4005CD8DFE803F017031E263E00324902EB56
:10E4D400420301EB83031B7A2E48806A00F0140088
:10E4E40023F01403034302EB420201EB82010B729B
:10E4F400002010BD02EB4202274B03EB8203187A83
:10E50400F7E7244BB3F8EC000841000300F4805013
:10E51400EFE7204B986A10F4805009D01846B3F8FE
:10E52400EC3001228A401343A0F8EC300020E0E7ED
:10E53400184CB4F8EC3001228A401340A4F8EC30B3
:10E54400D7E7144B986AFBF7CBFEB0F1FF3FD0D06E
:10E55400104A136A134493F8E230024482F8E2301A
:10E564000D4A03EB430102EB8101497A03EB4303B8
:10E5740002EB83024B1C53720020BAE7054B1622B0
:10E584001A7500225A754FF0FF30B2E74FF0FF3092
:10E59400AFE700BF142E0220F424022038B5124B3A
:10E5A4005D6AADB23D2D00D93E25104C104B1B8841
:10E5B400E380F6F71FFA20810F23E3700D4B1B78DD
:10E5C40003EB83035B00A3800B4B5A88A281DA8898
:10E5D400E2815B8923822A46034B196A204601F0B3
:10E5E4004BFE284638BD00BF142E022070C0012007
:10E5F4000C2207204622072054C001202DE9F843AD
:10E604004E4B5F6A07F0EF07022F30D84B4B186A66
:10E6140080B2FDF775F80546002800F08780474A68
:10E62400136A12FA83F393F8E28008EB4802444B2E
:10E6340003EB820990F8734004F00F0499F8082062
:10E6440099F90830002B19DB00263C4B5B6A9BB21E
:10E65400022B32D108EB4808394B03EB880302F054
:10E664007F021A724846FBF721FE002050E0162272
:10E674001A7500225A754FF0FF3049E01FB10F2C74
:10E6840005D00126E1E70F2C1FD101241DE0012F45
:10E694004FD00126D9E70D2C15D90E2C3AD0274B93
:10E6A400596A01F0100105F17300FBF763F90028C2
:10E6B40041D195F8734004F00F04B442EBD1012F1B
:10E6C400E9D10F2401E00134E4B208EB48021C4B09
:10E6D40003EB820393F90830002B23DB95F87330A6
:10E6E40003F0F00385F873302343284600F8733FA2
:10E6F400134B08EB480203EB8202127A08EB48083A
:10E7040003EB880362F07F021A72FDF709FD002013
:10E71400BDE8F883094B23221A7500225A754FF07D
:10E72400FF30F5E74846FBF7C1FDD7E74FF0FF3070
:10E73400EEE70020ECE74FF0FF30E9E7142E02206B
:10E74400F424022030B583B004220DEB0201384BCF
:10E75400586A01F069FD002864D10546344B186AF3
:10E7640080B2FCF7CDFF044600285ED0304A136A1D
:10E7740012FA83F393F8E230019A002A39DB03EBAF
:10E7840043032C4A02EB83031B7A13F0030F30D0AC
:10E79400FBF70CFF80282CD194F87420264B4FF4FF
:10E7A400C87101FB023393F85431012B10D0224B72
:10E7B40001FB02331A8943F2C8139A4221D01F4A3B
:10E7C400019B002B04DD03F2FF13B2EB532F1AD38A
:10E7D400236901998B4209D01DD8019B236106212D
:10E7E4002046FBF7D5FD2046FCF770FD284603B014
:10E7F40030BD0F4B16221A7500225A754FF0FF35A3
:10E80400F4E70F4ADCE70A4B1B221A7500225A75FB
:10E814004FF0FF35EAE701F2FF1149122046FCF7F9
:10E8240019FBDAE74FF0FF35E0E74FF0FF35DDE79E
:10E83400142E0220F4240220E40A02201201010012
:10E84400874020002DE9F0410546484B5E6AFBF7FE
:10E85400B3FE80B106F08006074690F85431012BD0
:10E8640011D04FF00008414B5B6A03F08103812B08
:10E874002AD03F4B2EE03D4B16221A7500225A75C2
:10E884004FF0FF3056E04FF00108ECE79034394B7D
:10E894009C42EED294F87030002BF7D06388AB42E0
:10E8A400F4D12046FBF737FD0028EFD194F87230FD
:10E8B40013B96389002BE9D12C4B10221A7500225D
:10E8C4005A754FF0FF3035E0294CE0E793F870209B
:10E8D400C2B99033274A93421CD25A88AA42F8D12B
:10E8E400002EF3D093F8732002F0BF0283F8732054
:10E8F4001E49496A11F0010FEBD042F0400283F83F
:10E904007320E6E7194B10221A7500225A754FF04E
:10E91400FF300FE086B9B8F1000F02D1002387F869
:10E924004631FDF76BFA7868FCF7F4FC4FF6FF7399
:10E934003B800020BDE8F081FDF760FA7B8823F07E
:10E9440003039BB27B80094A526A02F00302134319
:10E954007B8013F0010F01D10020EBE7B8F1000F29
:10E96400FAD1002387F84631F6E700BF142E0220BF
:10E97400581502209820022030B58BB009A9564BB7
:10E98400186AFCF7B7FD00283DD00546534CEC4609
:10E9940020686168A268E368ACE80F0020696169D7
:10E9A400A269ACE80700A28BA37FACF800208CF826
:10E9B4000230494BC3F8F85008A9586AFCF79AFD8D
:10E9C4000446854200F08380089B002B00F0818080
:10E9D4006A885B889A421DD03F4B12221A75002226
:10E9E4005A7514B12046FCF795FC4FF0FF34089893
:10E9F400FCF790FC2846FCF78DFC0998FCF78AFC90
:10EA040020460BB030BD099808B1FCF783FC4FF0E9
:10EA1400FF34F5E72846FBF7C9FD402824D02E4BE8
:10EA2400D3F8F83033B30998FBF794FC10F0020FD5
:10EA340026D07CB12046FBF7B9FD40282AD0274ACE
:10EA440008992046FCF790FEB0F1FF3FC9D020465C
:10EA5400FCF760FC2B46214A21490898FBF7CEFCC1
:10EA6400F0B94FF0FF34C2E71B4B15221A75002290
:10EA74005A75B6E7184B16221A7500225A75B0E774
:10EA8400FBF758FC0028D4D0134B0D221A75002232
:10EA94005A75A6E7104B15221A7500225A75A0E77D
:10EAA40000230F4A69460998FBF7A8FC48B1089867
:10EAB400FCF70CFC0998FCF709FCFDF79FF900240E
:10EAC40095E70848FAF774FF4FF0FF348FE7002406
:10EAD40090E74FF0FF348DE7142E0220C823022064
:10EAE40078940120EC93012030B583B001A9404B08
:10EAF400186AFCF7FFFC002845D1019800284FD084
:10EB040042894FF6FF739A4252D090F87030013325
:10EB140080F870303749FCF765FC0446002839D08A
:10EB24004FF4814303810721FBF732FC2346324A29
:10EB340032492046FBF762FC00283FD0019B304A53
:10EB44002E492046FBF75AFC002837D00223638164
:10EB54000198438901334381254A536A1BB2B2F8B1
:10EB6400D22023EA0203C3F30B0343F4804323813B
:10EB7400FCF7D0FB2046FCF7A9FB2046FCF7CAFBB8
:10EB8400002003B030BD1A4A1121117500215175BE
:10EB9400FCF7C0FB0198FCF7BDFB4FF0FF30F0E73A
:10EBA400134B02221A7500225A754FF0FF30E8E722
:10EBB4000F4B1F221A7500225A75EBE70025658159
:10EBC4002046FCF783FB2046FCF7A4FB2B460B4AAC
:10EBD40008490198FBF712FC28B10198FCF79AFB4D
:10EBE4004FF0FF30CDE70748FBF730F9F5E700BFFA
:10EBF400142E0220C82302200C94012078940120B2
:10EC0400109401201494012010B582B001A9444B42
:10EC1400186AFCF76FFC019B002B42D004460028C5
:10EC24003FD0404B1B782E2B4BD0A388012B54D0C4
:10EC34002046FBF7BBFC402855D16389022B58D1F1
:10EC44002046FBF7C7FA002853D00198FBF782FB54
:10EC540010F0020F52D00023334A32490198FBF7D7
:10EC6400CDFB00284AD000236381019A5389591EA1
:10EC74005181002B4BD004212046FBF789FB204611
:10EC8400FCF7E0F90198FCF721FB2046FCF71EFB9A
:10EC94000198FCF73FFB2046FCF73CFB002002B048
:10ECA40010BD1F4BB3F9143023B91D4B02221A7542
:10ECB40000225A75019880B3FCF72CFB4FF0FF300B
:10ECC400EDE7184B5B78002BAFD1154B16221A7564
:10ECD40000225A75FCF71EFBECE7114B10221A7543
:10ECE40000225A750AE00E4B14221A7500225A7536
:10ECF40004E00B4B24221A7500225A750198FCF784
:10ED040009FB2046FCF706FB4FF0FF30C7E7013351
:10ED140053810648FAF74CFEADE74FF0FF30BEE7EB
:10ED2400142E0220C8230220789401202894012064
:10ED3400F8B5FBF7FFFA00286ED10021394B186AA9
:10ED4400FCF7D8FB0646002869D00021354B586AE9
:10ED5400FCF7D0FB0446B8B33046FBF727FC602829
:10ED640038D12046FBF722FC402839D1358C28467F
:10ED7400F1F7ACFA00283BD02A4B9B6A13F0010F41
:10ED840034D000212846FAF7B9FC074680BB284650
:10ED9400FBF712FC90BB94F87030012B2ED1A388A2
:10EDA400012B2BD0FDF72AF81E4B9A6A92B221460A
:10EDB4002846FCF753F930B32046FCF7ABFA30464B
:10EDC400FCF7A8FA3846F8BD3046FCF7A3FA4FF032
:10EDD400FF37F7E7134B0F221A7500225A7512E01A
:10EDE400104B14221A7500225A750CE00221C9E74F
:10EDF4000C4B06221A7500225A7504E0094B1022A6
:10EE04001A7500225A752046FCF784FA3046FCF73E
:10EE140081FA4FF0FF37D5E74FF0FF37D2E74FF0D5
:10EE2400FF37CFE7142E022038B5FBF783FA40BB37
:10EE34000021174B186AFCF75DFB044620B3FBF76F
:10EE4400B5FB60280BD0124B0F221A7500225A759D
:10EE54004FF0FF352046FCF75DFA284638BD258C77
:10EE64002846F1F733FA38B9094B06221A750022FD
:10EE74005A754FF0FF35EDE72846FFF7E3FC0546EA
:10EE8400E8E74FF0FF35E8E74FF0FF35E5E700BF6F
:10EE9400142E0220034B2A221A7500225A754FF0B1
:10EEA400FF307047142E022070B5FBF743FA002898
:10EEB40077D13F4B5B6A1BB2012B35D13C4B1B6AAC
:10EEC4001BB2012B33D0032B31D0394B1B6A1BB23D
:10EED400022B32D0364B1B6A1BB2102B59D1344B48
:10EEE4005B6A1BB2012B54D1314CA06A01F0B9F911
:10EEF400FCF706FC0546A06A023001F0B2F90446AC
:10EF0400002D51D02B4B1A884FF6FF739A4217D11C
:10EF14002846FBF74BFB60281AD12E8C3046F5F7B8
:10EF2400CFFDE8B100202BE0FCF768FFC6E72248DC
:10EF3400FAF73EFDF5F70CFAC7E7F5F7FFF9C9E76D
:10EF44001B4B11221A7500225A754FF0FF301FE037
:10EF5400174B16221A7500225A754FF0FF3017E02E
:10EF6400134B06221A7500225A754FF0FF300FE03A
:10EF7400451CADB2FEF794F8A4F5C074A4B22846BB
:10EF8400B4F5C07F01D30928F2D90A4B1E800020B2
:10EF940070BD074B16221A7500225A754FF0FF30C8
:10EFA400F6E74FF0FF30F3E74FF0FF30F0E700BF34
:10EFB400142E022044C001203C94012010B5124BB1
:10EFC4001C681B6A13F4004F0DD194F852300E4A9A
:10EFD400106A13FA80F000B210F1140F0ADB132840
:10EFE4000ADD132008E0FBF7A5F90028EDD14FF066
:10EFF400FF3008E06FF0130084F852008310C3F16F
:10F0040064032384143010BD142E0220014B1B68AA
:10F0140098887047142E0220024B1B689B689888BE
:10F02400704700BF142E0220014B1B68D88870471C
:10F03400142E0220014BB3F8D6007047142E022080
:10F04400014BB3F8D4007047142E0220014BB3F8DF
:10F05400D8007047142E022008B5FBF761F958B99F
:10F06400104B1A68D2881B6A9BB29A4204D00D4A8C
:10F07400B2F8D62093420DD10A4BB3F8D6301BB95F
:10F08400084B1A6A1B68DA80064B1A6AA3F8D62062
:10F09400002008BD034B01221A7500225A754FF057
:10F0A400FF30F6E7142E022008B5FBF739F958B9FA
:10F0B400104BB3F8D4201B6A1BB29A4204D00D4AF9
:10F0C400B2F8D82093420DD10A4BB3F8D8301BB90B
:10F0D400084B1A6AA3F8D420064B1A6AA3F8D8205E
:10F0E400002008BD034B01221A7500225A754FF007
:10F0F400FF30F6E7142E022000B583B00F4B5B6A95
:10F104009BB24BB1012B13D00C4B16221A75002263
:10F114005A754FF0FF3008E0684600F0F5FA08220F
:10F12400064B196A684601F0A7F803B05DF804FBC2
:10F13400034B1B68009300230193F0E7142E022075
:10F144007413072010B582B00F4B5B6A9BB283B96E
:10F15400082269460C4B186A01F066F8044680B927
:10F16400FBF7E8F868B9684600F0E8FA204602B010
:10F1740010BD054B16221A7500225A754FF0FF3444
:10F18400F4E74FF0FF34F1E7142E022038B5EFF323
:10F19400108572B6084C20681022216A403001F0B4
:10F1A4006BF8216A04221031044801F065F885F3F4
:10F1B4001088002038BD00BF142E022074130720CD
:10F1C40010B50C4C206AF5F7ABFD03B2A0826BB905
:10F1D400216AA06B814204D8064B1A6A9A63002004
:10F1E40010BDA163091A01F076F8F5E74FF0FF307E
:10F1F400F6E700BF142E022010B50E4B1A6A9C6B62
:10F2040011191962002A01DDA14208D3002A01DA8A
:10F21400A14204D8FFF7D4FF48B9204610BD054BDE
:10F2240016221A7500225A754FF0FF30F6E74FF098
:10F23400FF30F3E7142E022010B5474B586AB8B9D3
:10F24400454B1B6A2BB9444A1368B3F850305B42F0
:10F254001362FDF701FB404B93F91D30002B5DD089
:10F264003D4B04221A7500225A754FF0FF3010BD31
:10F274000421F5F7A0F80028E2D1374B0E221A75C5
:10F2840000225A754FF0FF30F1E7072B09D094F8AC
:10F2940053303BB3304A926A12F0020F1BD1012063
:10F2A40021E02D4B596A91B9A088002323702A4B81
:10F2B4001B689A6C216CD4F848C061440A449A646F
:10F2C400DA6C616CE46C21440A44DA64CFE7208A86
:10F2D40001F01CF8E8E71B0243F0FF00002384F868
:10F2E4005330C4E7012060341C4B1B68A34218D977
:10F2F4002378002BF7D0A168174A12689142F2D103
:10F30400154A126AB2F1FF3FBFD0A1888A42BCD02D
:10F31400B4F85010D142B8D00120E4E70020104CDA
:10F32400E2E748B10C4B9B6A13F0010F0CD10A4B76
:10F334001868FDF761FB8CE7074B0A221A75002257
:10F344005A754FF0FF3092E7034B04221A750022DE
:10F354005A754FF0FF308AE7142E0220DC0B072089
:10F364003C06072008B5054B186A80B2000200F479
:10F374007F40FDF75DF9002008BD00BF142E022078
:10F38400F8B51C4B1B6A1BB2A3B9FCF749FF044632
:10F3940068B3EFF3108672B6164B1B6802221A701C
:10F3A400F5F72FFD0546B0F1FF3F0BD086F310882B
:10F3B4002846F8BD0F4B16221A7500225A754FF0D5
:10F3C400FF35F5E70B4F3B6801221A702046F5F72D
:10F3D400D3FA002323700C223A757B75064A1388EE
:10F3E400013B1380054A1378013B1370DEE74FF0AD
:10F3F400FF35DDE7142E0220082207203F220720D4
:10F4040010B5EFF3108472B6114B1B6A1AB27AB9B5
:10F414000020FDF7F1FA84F310880D4B1B6A1BB230
:10F4240073B10B4B1B681B8E012B09D8002010BD38
:10F434009BB2074A126801331386FCF75DFFE7E7C6
:10F44400034B04221A7500225A754FF0FF30EEE781
:10F45400142E022038B52D4B19681B6A5A1E92B21D
:10F464001E2A33D801F122041BB20F2B01DD01F156
:10F474002804EFF3108572B6244B586A01282DD066
:10F4840020B10121F4F792FF002836D063881F4A87
:10F49400116A01F00F0101228A4023EA020363800A
:10F4A4001A4A136A1BB203F1100152F8210004B284
:10F4B400092B05D0132B03D0516A103342F82310C3
:10F4C400FCF72EFF85F31088204638BD0F4B16221B
:10F4D4001A7500225A754FF0FF30F6E71B6A1AB20C
:10F4E400092ADDD0132ADBD0628803F00F0301213F
:10F4F40001FA03F313436380D2E7044B0E221A7517
:10F5040000225A754FF0FF30DFE700BF142E0220AF
:10F5140008B51B4BD3F800C01A6A93B2591E89B2BE
:10F524001E291BD80CF12200092B17D0132B15D040
:10F534000F2B01D90CF12800114B5B6A9BB2012BF4
:10F5440014D0838802F00F02012101FA02F223EAA7
:10F5540002038380FCF7E4FE002008BD084B16225A
:10F564001A7500225A754FF0FF30F6E7838802F0CF
:10F574000F02012101FA02F213438380EAE700BF7C
:10F58400142E022038B52D4B5B6A9BB21F2B0DD86D
:10F594002A4B1B6A1BB22BB9284A1368B3F85030A4
:10F5A4005B42136200252946254C19E0234B1622A1
:10F5B4001A7500225A754FF0FF3039E01F4B1B6853
:10F5C400DA88E3889A421AD11C4B596A09B2E1B924
:10F5D4001A4B1B6A1BB2002B29DC01252946603417
:10F5E400184B1B68A34214D9B4F85020134B1B6A60
:10F5F4001BB2D342E2D0A2889342F0D1DEE7FAF7FD
:10F604008FFE0028E0D10121E9E72046FCF7AEFE99
:10F61400DEE775B9094B03221A7500225A7551B1F8
:10F6240001221A7500225A754FF0FF3000E00020C5
:10F6340038BD0020FCE74FF0FF30F9E7142E02201C
:10F644003C060720DC0B072010B5044A1368DC686D
:10F65400126ADA60FCF750FE204610BD142E022018
:10F66400034B1B689A88A3F85020002098707047B9
:10F67400142E0220024B1B68B3F85000704700BFE1
:10F68400142E022008B5FDF719F9002008BD00006A
:10F694000B4A13780133DBB213700A2B0ED11346D5
:10F6A40000221A70074A13680133136013B95368B0
:10F6B40001335360044A137801331370704700BF59
:10F6C400482207207C1507204422072010B5044651
:10F6D40010F4004F04D1054B1888204480B210BDAB
:10F6E40001460348FAF7B2FBF5E700BF741307209D
:10F6F40048940120034B1B88834294BF00200120BF
:10F70400704700BF741307200346EFF3108C72B6E2
:10F71400034A03CA186059608CF31088704700BF0D
:10F724007C150720EFF3108372B6034A1268026057
:10F7340083F31088704700BF7C1507200246EFF35F
:10F74400108C72B6034B0068516803C38CF31088A5
:10F75400704700BF7C15072008B5FFF799FF08BD67
:10F7640070B582B00446164600EB4003514D05EBDC
:10F77400C305514BD3F81021D3F8C4309A425FD358
:10F784002046F4F743FC04EB4403DB001033494800
:10F794001844FCF7C5FC484BD3F8100102B070BD07
:10F7A400454B06221A7500225A754FF0FF30F5E7D3
:10F7B400414B93F8D0301BB33F4BD3F8C030019A80
:10F7C4001A703D4AD2F810310133C2F810313B4A65
:10F7D40002EB4412528912F0100F0AD0012B56D0BA
:10F7E400019A0A2ACCD0354B03EB44135B7B9A4233
:10F7F400C6D0314AD2F8C0300133C2F8C030B8E7BD
:10F804002D4BD3F8C010BDF8040000F048FDD8E734
:10F814002A4A02EB4412127B9142B1D22BB1264AFE
:10F82400126801331386FCF767FD31462846FAF760
:10F8340067F80028A4D1204B1B681B8E012B9FD096
:10F8440063011E4AD35C13F0040F07D004EB440297
:10F85400184B03EBC2031B69002BA1D001A9284656
:10F86400FAF705F80028A3D1144B03EB44135B8982
:10F8740013F0100FD9D1114B03EB44135B7B0E4AE9
:10F88400D2F810110029C3D1002BC8D1C0E70B4B0B
:10F8940003EB44131A7B019B9A42A1D1064B00222D
:10F8A40083F8102183F8112183F8122183F813219E
:10F8B40066E700BFC41B0720142E0220A4190720EA
:10F8C400102814D870B504460D46334B03EB40138F
:10F8D4005B78E3B1420130498A5C12F0040F0ED127
:10F8E4002D4A02EB401201335370002070BD2B4BA4
:10F8F40013221A7500225A754FF0FF307047274BB8
:10F9040006221A7500225A754FF0FF30EEE7224A9C
:10F91400430102EB4016D15C21F00401D1540021D3
:10F92400F4F776FB338913F4006F02D115F0100F4E
:10F9340007D0194B03EB44135A7801325A70002054
:10F94400D4E7EFF3108672B62046F4F747FBA0B174
:10F9540086F310886301104AD35C13F0040FE8D0D7
:10F964000E4A0621117500215175640123F0040328
:10F97400094A13554FF0FF30B8E7074800EB44102D
:10F9840029460830F9F7F6FF0028E1D086F31088FD
:10F994004FF0FF30AAE700BFA4190720142E02205D
:10F9A40030B4EFF3108372B64FEA411C0F4C14F8D5
:10F9B4000CC01CF0040F15D10D4C2468A5788DB92A
:10F9C4000A4D05EB411CBCF802505DB912F4006FFE
:10F9D40008D1A170064AC2F8FC001268B2F85000BF
:10F9E400ACF8020083F3108830BC7047A4190720D8
:10F9F400142E0220124A02EB40125378013BDBB270
:10FA0400537073B90F4B1B689A7882420BD00C4B1E
:10FA1400410103EB4010002242805A5C22F00402B0
:10FA24005A540020704700229A70064B83F8FC2039
:10FA340083F8FD2083F8FE2083F8FF20E7E700BF6A
:10FA4400A4190720142E02200A4B1B689A783AB195
:10FA5400094901EB42114988B3F85000814200D0B2
:10FA640070479B889942FBD1034B03EB421300225E
:10FA74005A80F5E7142E0220A4190720F8B5124B7A
:10FA840003EB40135B7803B9F8BD04460E4E4701FF
:10FA940006EB401501216888FCF7C4FC1221688834
:10FAA400FCF7C0FC00236B80F35D43F00403F355C3
:10FAB40004EB4404054800EBC400FCF731FB284682
:10FAC400FCF72EFBE0E700BFA4190720C41B0720A6
:10FAD4002DE9F04186B043015E4DEB5C13F0040F59
:10FAE4000DD10446164601390B2900F2A880DFE83F
:10FAF40001F0450E584F5A666F737A818B9D564BB1
:10FB040006221A7500225A754FF0FF3532E000279D
:10FB1400524B33F81480142201A9304600F084FBC0
:10FB24000546B0F1FF3F25D04A4B03EB441303F1E4
:10FB34000C0506AA12E9070085E80700BDF80420B1
:10FB44009A80BDF80620DA801A896FEA080109B2A2
:10FB54000A401A81BDF8081001EA0801ADF808103E
:10FB64000A431A81BDF80A205A8139462046F4F71F
:10FB74004FFA0025284606B0BDE8F081354800EB71
:10FB8400441014223146043000F076FB0546F1E7B8
:10FB940000EB4000324B03EBC000F9F788FE01276D
:10FBA400B6E70127B4E700EB4004E4001034022276
:10FBB40031462B48204400F05FFB0546DAE700EBB2
:10FBC4004004274800EBC400F9F771FE0025D1E793
:10FBD400FFF754FF0025CDE7440143F001031D4A1C
:10FBE40013550025C6E7440123F00103194A1355B0
:10FBF4000025BFE744011834082231461548204443
:10FC040000F03AFB0546B5E74301183308221149D1
:10FC14001944304600F008FB0546C0B90D4B03EB10
:10FC240044131C215888FCF7FDFBA3E7094B03EBA5
:10FC340040133146588800F040FB05469AE7064BCE
:10FC440019221A7500225A754FF0FF3592E74FF0CA
:10FC5400FF358FE7A4190720142E02205013072024
:10FC6400C41B072008B5054B03EB40131B8913F491
:10FC7400806F00D108BDFFF701FFFBE7A41907203F
:10FC840008B5034B03EB40100830FCF749FA08BDF4
:10FC9400A419072008B50930FFF712FE08BD08B5FE
:10FCA4000930FFF7A7FE08BD08B50930FFF758FD76
:10FCB40008BD08B50930FFF70BFF08BD70B5044651
:10FCC40000F1090541F401612846FFF7F9FD0646F4
:10FCD40030B9064B1B5D2BB1044A135D0133135538
:10FCE400304670BD2846FFF7CBFFF5E7E00B072051
:10FCF40010B50446074A135C013BDBB2135423B12D
:10FD040004F10900FFF776FE10BD0930FFF7AAFFE2
:10FD1400F6E700BFE00B072070B582B0164611303D
:10FD240000EB40001B4D05EBC005002410E01A4B0E
:10FD340093F8D03013B3184BD3F8C030019A1A702B
:10FD4400154AD2F8C0300133C2F8C0300134A4B22D
:10FD5400114BD3F8C4309C4218D201A92846F9F7B4
:10FD640086FD0028E3D1002CF2D131462846F9F76C
:10FD740001FE0028ECD04FF0FF3008E0064BD3F82A
:10FD8400C010BDF8040000F08AFAD9E7204602B09A
:10FD940070BD00BFC41B0720142E022008B5093013
:10FDA400FFF796FE08BD000010B5113000EB4000CF
:10FDB400044C04EBC0042046F9F73CFD2046FCF754
:10FDC400AFF910BDC41B0720F8B505460F46082837
:10FDD4000AD802F01006224B1B7FFBB13946284695
:10FDE400F4F7A6F80020F8BDC9B2FFF7DDFFF5E788
:10FDF4001B4B04221A7500225A750120F3E72EBB0F
:10FE04005CB3EFF3108472B62846F4F7E9F81548AA
:10FE140000EB4510FCF7F0FD84F310882846F4F756
:10FE24009DF804460128D9D0FCF716FD0028DFD13F
:10FE3400002CE4D10C4B1B78012BEFD0084B1B6832
:10FE44001A8C0A4B1B889A42E8D8D8E7044B0B2239
:10FE54001A7500225A750120C5E7FCF72FFDDDE76E
:10FE6400142E0220A41907203F2207201422072061
:10FE740070B504461546384BD3F8C410D3F8C00007
:10FE8400F4F794FA002863D0334BD3F81021D3F855
:10FE9400C4309A4253D063013048C35C13F0040F5A
:10FEA4000ED113F0010F13D029462C4800EB441057
:10FEB400F9F726FD0028EED0274BD3F8100106E011
:10FEC400254B06221A7500225A754FF0FF3070BD7B
:10FED40013F0020F18D1204B93F8D03003B31E4B0C
:10FEE400D3F8C0301E781D4B03EB4413DB8813F0AA
:10FEF400010F03D00A2E18D00D2E24D02A463146E5
:10FF04002046FFF761FFD0B9134BD3F8C02001326C
:10FF1400C3F8C020D3F810210132C3F81021B3E78D
:10FF24000D4BD3F8C0301E78DDE713F0040FE3D097
:10FF34002A460D212046FFF747FF0028DED0064B56
:10FF4400D3F81001C3E713F0080FD7D00A26D5E77A
:10FF54004FF0FF30BBE700BF142E0220A419072086
:10FF640008B50930FFF784FF08BD08B50022FFF784
:10FF74002BFF08BD08B5054B03EB40135B8913F059
:10FF8400010F00D108BDFFF7F0FFFBE7A41907201C
:10FF940010B504460821FFF7E8FF20212046FFF7AB
:10FFA400E4FF08212046FFF7E0FF10BD2DE9F041F2
:10FFB40082B004460D4600EB40037A4E06EBC306BE
:10FFC400794B03EB40135A8902F010079B8813F016
:10FFD400800F01D001F07F0517B1002D00F0D9800A
:10FFE4000D2D5ED00A2D63D012F0400F0BD06E4A57
:0CFFF40002EB4412D27BAA4271D06B4A8F
:020000041001E9
:1000000002EB4412527CAA4259D013F4805F0BD009
:10001000664B03EB4413DB7CAB4264D0634B03EBD6
:1000200044139B7CAB4267D09FB1604B03EB4413FE
:10003000DB7DAB426DD05D4B03EB44139B7BAB424E
:1000400000F0A280594B03EB44131B7CAB4200F041
:100050009D800A2D66D029463046F9F7EDFB804693
:1000600000286CD02FB1514B03EB44131B7BAB42E8
:1000700065D029462046FFF77FFF6FB14B4B03EB5E
:1000800044135B7BAB4207D00A2D05D0474B03EBF3
:1000900044131B7BAB4202D13046FCF743F8404689
:1000A00002B0BDE8F08113F0080F77D113F0020F12
:1000B0009AD00A2513F0200F98D00D2596E703213A
:1000C0003A4D670105EB44146088FCF7ADF9304602
:1000D000F9F7EFFBEB5D23F00303EB554FF001085D
:1000E000DDE70221ECE7314A6401135D43F00103CF
:1000F00013554FF00108D2E72C486201835C23F0CE
:100100000103835400EB4410FCF70CF84FF0010896
:10011000C5E7264A6401135D83F0020313554FF0CF
:100120000108BCE7214B03EB4413DB8803F0050314
:10013000052B90D10D212046FFF71EFF8BE70721ED
:100140002046F3F7F7FE98E73046F9F775FB4FF0D6
:100150000108A4E7022D24D001A93046F9F7B4FB29
:10016000B0B101990A29EFD0104B03EB44135B7B2C
:100170009942E9D00D4B03EB44135B892B42E9D044
:100180002046FFF707FFE5E70225E5E70425E3E75B
:100190004FF0010883E74FF0010880E74FF00108B6
:1001A0007DE74FF001087AE7C41B0720A419072058
:1001B00070B5164600F1090500240EE0194BD3F87E
:1001C000C00000F045F8014615E00134A4B2154A1C
:1001D000D2F8C0300133C2F8C030124BD3F8C4306B
:1001E0009C421DD20F4B93F8D030002BE6D00D4B24
:1001F000D3F8C03019782846FFF7DAFE0028E4D19A
:10020000002CEAD105EB4503DB00103331460648EC
:100210001844F9F7B1FB0028DFD04FF0FF3000E0C1
:10022000204670BD142E0220C41B072070B5064660
:100230000D4614461146F4F7BBF830B1224631465C
:10024000284607F041FD002070BD4FF0FF30FBE76E
:1002500010B504460121F4F7ABF808B1207810BDC1
:100260004FF0FF30FBE710B504460221F4F7A0F889
:1002700008B1208810BD4FF6FF70FBE770B5064649
:100280000C46154611462046F4F797F830B12A4639
:100290003146204607F018FD002070BD4FF0FF30BA
:1002A000FBE738B505460C4601212046F4F785F8F2
:1002B00010B12570002038BD4FF0FF30FBE738B596
:1002C00005460C4602212046F4F777F810B1258048
:1002D000002038BD4FF0FF30FBE738B504460D462F
:1002E000F4F76BF830B12A460021204607F066FB90
:1002F000002038BD4FF0FF30FBE710B50446042165
:10030000F4F756F808B1206810BD4FF0FF30FBE756
:1003100038B505460C4604212046F4F74EF810B1D6
:100320002560002038BD4FF0FF30FBE70448054B47
:10033000984203D0437913B92030F8E70020704782
:10034000FC0B0720FC0C072070B5364B1B88002BDC
:1003500033D0354A1288354909888A4259D3C2F5C3
:1003600080511C468B4200D30C46314B186898B123
:10037000304D002185F8D01029756975C5F8C44045
:100380002D4B1B681A44C5F8C8202C4B1B68984796
:10039000B5F91430002B3ED1A2B223490B88134487
:1003A0009BB20B801F4801888A1A0280B3F5805FD8
:1003B00004D11D4B00221A8000E00024194B1B8839
:1003C0002BB3194AB2F800C0184A1288A2EB0C02EB
:1003D0001E46934200D31646154B186890B1154D32
:1003E000002185F8D01029756975C5F8C460124BD5
:1003F0001B689C44C5F8C8C0104B1B689847B5F9EA
:1004000014305BB9084A1388334413803444A0B2D3
:1004100070BD0024D2E74FF6FF70F9E74FF6FF708A
:10042000F6E700BFFE21072016220720F42107204F
:10043000EC240220142E022030D90120B025022005
:100440000279064B9A8200220271B3F914300BB97B
:10045000002070474FF0FF30704700BF142E02207D
:1004600010B504464279074B01219954407918444C
:10047000FBF758FE2046FBF755FEA01CFBF752FE8B
:1004800010BD00BFF40B072008B54279044B03EB05
:1004900042135A790A435A710248FBF743FE08BDDA
:1004A000FC0B0720D424022010B504463C220F4B3D
:1004B000D3F8C0100068FFF7E1FEB0F1FF3F12D0A3
:1004C0000A4BD3F8C01020223C312046FFF7D6FE5D
:1004D000B0F1FF3F07D0637923F007036371034B4B
:1004E000D3F8C40010BD4FF0FF30FBE7142E0220FC
:1004F00038B5044643790F4D05EB43156B7963F02E
:100500007E036B71A9710C48FBF70CFE63780B3B03
:10051000DBB2012B0BD92046FCF775FA95F90530B3
:10052000002BF3DB2A79054B9A82002001E04FF083
:10053000FF3038BDFC0B0720D4240220142E0220EB
:1005400010B50446114B1B6883B1114BD3F8C4306E
:100550005C2B0FD1FFF7EAFEA0B921460D48F9F751
:100560000BFA0028F6D04FF0FF300DE00A4B1B6865
:10057000002BEAD1064B16221A7500225A754FF04D
:10058000FF3001E0FFF790FF10BD00BF78DB0120D6
:10059000142E0220D4240220EC24022008B50346A5
:1005A0000846A3F58843013B062B49D8DFE803F052
:1005B00004481F272D363F00274B1B687BB9FFF7E8
:1005C00052FE00B2FBF79EF8234B186000283FD084
:1005D00090F87030013380F87030002014E01F4B29
:1005E00010221A7500225A754FF0FF300CE00622D7
:1005F0001B49FFF71BFE38B14FF0FF3004E0FFF757
:1006000032FE184B1880002008BD04221649FFF75F
:100610000DFE0028F8D04FF0FF30F5E70422134913
:10062000FFF704FE0028EFD04FF0FF30ECE7042284
:100630000F49FFF7FBFD0028E6D04FF0FF30E3E75E
:10064000064B19221A7500225A754FF0FF30DBE76E
:100650004FF0FF30D8E700BFEC240220142E022018
:10066000BC24022004220720BC200220B420022047
:10067000B0200220164B1B6853B110B5154B1868FB
:1006800008B1FAF749FE134B00221A60124C08E039
:10069000104B1B68002BF0D100200D4B18607047E9
:1006A0003C340E4B9C420ED26378002BF8D00B23C7
:1006B0006370A37843F00303A3702E2323712046B5
:1006C000FFF7CEFEECE70020014B186010BD00BF25
:1006D00078DB0120EC240220FC0C0720DC0E072034
:1006E0007047000038B54379234C04EB4314234B87
:1006F000D3F8C430B3F5806F30D80546E38B0133AF
:1007000003F00303A28B934233D01D4B186878B1DA
:100710001A4A002182F8D0106B795B0303F58053ED
:10072000B4F81CC003EB8C23C2F8C830FBF7A4F963
:10073000124BD3F81011E38B5A1C92B2E2830833A8
:1007400004EB43039980042A10D004212846FFF7C4
:100750009BFE0A4BD3F8100180B238BD074B2F2205
:100760001A7500225A754FF6FF70F6E70023E383EF
:10077000EBE70020F1E700BFFC0B0720142E02205E
:10078000EC24022038B543791B4C04EB4314228A35
:10079000638A9A422ED00546184B1868C0B1184A91
:1007A000002182F8D0106B79B4F810C00CEBC303B1
:1007B0009B02C2F8C8300CF1040C34F81C30D2F89B
:1007C000C4C0634528BF6346C2F8C430FBF790F845
:1007D000238A01339BB22382042B08D002212846AE
:1007E000FFF752FE064BD3F8100180B238BD00234C
:1007F0002382F3E70020F9E7FC0B0720EC2402201A
:10080000142E022070B5054642791F4C04EB4214A9
:100810001E4BD3F8C41089B21D4B1980E08B1D4BC1
:100820001880A38B1C4E3380461CC6F30B069E42D9
:1008300028D098421ED31B1A9BB203F580539BB25B
:10084000013B9BB2994201D911490B80520302F539
:100850008052124B1A60124B124A1A60FFF774FD55
:1008600006460C4B1B88E3834FF6FF73984204D176
:10087000304670BD1B1A9BB2E2E704212846FFF701
:1008800003FEF5E70026F3E7FC0B0720142E0220F9
:10089000FE21072016220720F421072030D901204D
:1008A000B0250220A5B9002070B505464379144C47
:1008B00004EB4314134AD2F8C410134A1180218A5E
:1008C000124A1180628A12480280914214D05B035E
:1008D000104A1360104B114A1A60FFF735FD0646A7
:1008E0000A4B1B8823824FF6FF73984205D00221E2
:1008F0002846FFF7C9FD00E00026304670BD00BF66
:10090000FC0B0720142E0220FE21072016220720B0
:10091000F421072030D90120B02502201DB8002085
:100920002DE9F047EFF3108672B60025072D44DC61
:100930006B012A4AD358002B3CD00135F6E7A37847
:10094000B3B1274AD2F8202192B19A4210D00121A6
:100950000434237893B3224AD2F818219342F7D172
:1009600062781F4BD3F81C319A42E8D00121EFE79F
:10097000C5EB05134FEA830ADFF868800AEB080726
:100980006B01164AD7507D71384600F0ABFE144A11
:10099000D2F81C31FB7102237B70E37808F80A302F
:1009A000D2F820313B817B79A2F8343186F310886C
:1009B00000200FE00C4C0021CBE7002186F31088CB
:1009C000072D02DC41B13B2200E00922044B9A8250
:1009D0004FF0FF30BDE8F0872622F7E7FC0B072039
:1009E000142E0220FC0C0720B0C001200023114A65
:1009F00002E03C320133DBB2072B17D851780229D1
:100A0000F7D991890129F4D1B2F80EC041888C45FB
:100A100003D03C320133DBB2EEE71169D0F804C0F9
:100A2000614501D00029F4D1184670474FF0FF30DE
:100A3000704700BFFC0C072008B5084AD2F800E058
:100A4000D2F804C09168D268C0F820E0C0F824C091
:100A50008162C2620321FFF74BFD08BD4C2F0220CB
:100A600008B5084AD2F800E0D2F804C09168D2680C
:100A7000C0F820E0C0F824C08162C2620321FFF701
:100A800037FD08BD4C2F022008B50421FFF730FDCB
:100A900008BD08B50721FFF72BFD08BD00207047F2
:100AA00010B50446037913BB254B1B6813B3637859
:100AB000072B2FD9E379033BDBB2012B32D9204638
:100AC000FFF760FE4FF6FF7398422FD01D4BC3F81F
:100AD000100170BBA37813F0010F2CD123F0040395
:100AE000A37023794BB32046FFF7AAFC10BDFFF794
:100AF000A7FCFBE7144B1B68002BD8D1114B20221D
:100B00001A7500225A750D211868FBF731FC4FF059
:100B1000FF30EBE70B4B16221A7500225A754FF087
:100B2000FF30E3E72046FFF7BFFECBE74FF0FF3093
:100B3000DCE70020DAE70020D8E74FF0FF30D5E708
:100B400078DB0120142E0220EC2402202DE9F04154
:100B50000546274BD3F8C460FFF772FC00283ED14E
:100B6000B7B28046002419E0214B20221A750022DA
:100B70005A750D211868FBF7FBFB4FF0FF38404614
:100B8000BDE8F0812846FFF73DFE4FF6FF7398421F
:100B900028D02B79CBB90444A4B230B3BC4219D2CB
:100BA000B3B21B1B124AC2F8C4306B780B2BDBD0DC
:100BB000AB7813F0020FD7D1EB79033BDBB2012BFB
:100BC000E0D92846FFF78EFDDFE72846FFF738FC1F
:100BD0008046D4E7B6B2064BC3F81061CFE74FF0BA
:100BE000FF38CCE74FF0FF38C9E74FF0FF38C6E7D2
:100BF000142E022041790023084801E03C300133E3
:100C0000072B08DC4278002AF8D082798A42F5D195
:100C1000FF23837170470020704700BFFC0C072042
:100C200008B54279064B03EB421300225A715A82EF
:100C30001A82DA839A830221FFF75AFC08BD00BFAB
:100C4000FC0B0720EFF3108172B643795B01FF22A2
:100C50004271002242700248C25081F310887047EE
:100C6000FC0B072038B5654B1B6843B3644BD3F8C6
:100C7000C430182B27D118226249614BD3F8C00029
:100C8000FFF7D4FAB0F1FF3F1DD05E4B1B78072B66
:100C900019D8C3EB03135C4C04EB830462795B4B00
:100CA00003EB4213574A51784A1E082A00F29A80F1
:100CB000DFE802F0162D37114A58746E8000544B4D
:100CC0001B68002BD2D14E4B16221A7500225A7582
:100CD0004FF0FF301AE04B4A9188D9710221918080
:100CE000484A9188617092781A715A7902F07F02AD
:100CF0005A71637947480122C2541844FBF712FA2B
:100D00002046FBF70FFA3E4BD3F8C40038BD3D4BED
:100D10009A8862709B7803B123712046FFF7A0FB8D
:100D2000F1E7384B9B8843B1012BECD13A4D0FCD05
:100D300020626162A262E362E5E7374D0FCDE060B9
:100D400021616261A361DEE72E4A92889A8363790A
:100D500030480122C2541844FBF7E4F9A01CFBF709
:100D6000E1F9D0E7274A91885982083203CA98608E
:100D7000D960A37843F00403A37063792548012266
:100D8000C2541844FBF7CEF9A01CFBF7CBF9BAE725
:100D9000A37843F00203A3700B236370A37843F09E
:100DA0000103A370174B9B7803B123712046FFF713
:100DB00057FBA8E7134A127962700C2A03D0174830
:100DC000F8F7F8FD9FE700225A71636B5A81626B56
:100DD00092F8733063F07F0382F873302046FFF798
:100DE00031FF90E70E48F9F733F8054B2C221A75BE
:100DF00000225A754FF0FF3088E700BF78DB0120F2
:100E0000142E0220D4240220FC0C0720FC0B072007
:100E1000EC240220F40B0720DC240220649401203F
:100E20007C94012008B54279044B03EB42130C2259
:100E30009A718121FFF728FB002008BDFC0B0720D9
:100E400008B582780A438270FFF70AFB002008BDCC
:100E500038B50C46154618225E492846FFF7E6F9D4
:100E6000002840F0B480B4F5806F3CD005225A4988
:100E7000584806F035FE0346B0B9B4F5826F1BDC66
:100E8000B4F5806FC0F29B80A4F58064102C00F252
:100E90009680DFE804F0284145944A949494529453
:100EA0006094659469945B004C4B13221A75002280
:100EB0005A754FF0FF3325E044F2114294427EDC34
:100EC00044F2034294427ADBA4F58844033C0E2C9E
:100ED00075D8DFE804F04F745D74747474746774CB
:100EE0006C74747462003B4B9B686BB9394B3A4A23
:100EF00092E8030018601971182229463548FFF757
:100F0000BDF90346184638BD344B13221A7500222A
:100F10005A754FF0FF33F5E72E4B00229A60EBE74E
:100F20002F4B1A882B4B1A81E6E72E4B1A68294B58
:100F3000DA60284B01221A81DEE72B4B1A68294B15
:100F40001B6863EA0203234AD360F2E7274B1A685F
:100F5000204BDA60EDE7244B1A681E4BDA60E8E7B5
:100F60001C4B03221A81C7E7214BB3F90020194B10
:100F70009A60C1E71A490A8822F0010292B20A80F7
:100F80001448B0F9080000F0010002430A80B9E7F4
:100F9000104AD168134A1160B4E70E4AD168134A67
:100FA0001160AFE70B4AD1680F4A1160AAE7114AF6
:100FB0000849D1F80A001060C9899180A2E7074B5F
:100FC00016221A7500225A754FF0FF339AE74FF038
:100FD000FF3397E79820022088940120142E0220E6
:100FE000C0C00120BC200220B4200220B02002207A
:100FF00004220720BC240220F8B506460C461746FA
:101000000AE0EFF3108572B61A4B1B5D8BB1194BDA
:1010100000221A5585F31088B047A8B1164BB3F9D2
:101020001430002BEDD017F0100FEAD04FF0FF3046
:1010300017E039460F482044F8F79EFCB0F1FF3F17
:10104000E8D185F310880CE00A48012303552044B9
:10105000FBF768F8084B93F8361119B9064BD3F82B
:101060001001F8BD1C461868FBF782F9002384F8CC
:101070003631F3E7F40B0720142E022070B5064634
:10108000F9F746F90546B0F1FF3F24D0F9F7F0F83B
:101090000446B0F1FF3F23D00021154B1888F9F723
:1010A0005DFB0346C8B14CF2FF120281012280F8B9
:1010B000712080F872200F4AA2F83461C2F8300122
:1010C00004EB44000C4901EB80014B6002230B72DE
:1010D0002A4482F8E240284670BD2046FAF7F4F927
:1010E000044B2B44FF2283F8E2204FF0FF35F2E758
:1010F00012220720142E0220F4240220038903F474
:101100007043B3F5404F01D0002070470120704775
:1011100070B504460E46FAF7F5FA054690B1FFF7AA
:10112000EDFF88B10B4A101990F8E23003EB43034E
:10113000094901EB83031B7A3360C2F830512B6AF3
:10114000A2F83431284670BD024B002516221A75CC
:101150005D75F7E7142E0220F424022070B582B0EA
:10116000002301931C21654B186AF3F721F91C2811
:101170003DD1624C1C2204F58A71206AFFF756F8B3
:10118000D4F814315E4AD45C092B38D85B4B00226A
:1011900083F8102183F8112183F8122183F8132199
:1011A0001A755A7514F0400F31D1564D14F00C0FCA
:1011B00036D114F0200F52D02B68002B4BD06A6828
:1011C000D3B24E4981F83731023BDBB20E2B3BD80C
:1011D000D2B24D492868FFF729F800283FD0474B85
:1011E0000E221A7500225A754FF0FF304EE0434B25
:1011F0000E221A7500225A754FF0FF3046E03F4B21
:101200002A221A7500225A754FF0FF303EE001A9DC
:10121000D3F81801FFF77CFF002866D03B4DC5E7E7
:101220002A68364BC3F8C020C4F3C0026968286836
:10123000F3F79EF8034610B96A68002A58D10C35B6
:101240002E4AC2F8C430B4E716220A7500224A7545
:101250004FF0FF301AE0294B002283F83721274E48
:10126000B6F834119DF80420C9B22948FFF7C4FE2E
:10127000B6F91430002B3ED114F0800F08D114F0D1
:10128000100F01D02B689BB91C4B186902B070BDC0
:10129000B6F83401FFF7F2FE061E04DB00F032FA66
:1012A000164B1E61EBE700F00DFA4FF0FF30EDE753
:1012B0006868FFF722F80446104E696896F837010F
:1012C000FFF726F896F83721A24200D32246296874
:1012D0000D48FEF7D3FF0028D6DA084B0E221A7508
:1012E00000225A754FF0FF30D0E74FF0FF30CDE7C6
:1012F0004FF0FF30CAE74FF0FF30C7E7142E02204F
:1013000074B901202C2F02204C2F0220302F0220F4
:10131000B512012008B50A46036A0449A1F8343120
:10132000D9B20348FFF768FE08BD00BF142E0220A3
:101330008115012008B50A46036A0449A1F8343131
:10134000D9B20348FFF758FE08BD00BF142E022093
:101350002515012010B5036A034CA4F8343100F0C0
:1013600039F9206910BD00BF142E022008B50B46C4
:10137000006A0449A1F834011146184600F090F9BA
:1013800008BD00BF142E022038B58E4BB3F83401CF
:10139000C0EB00108C4C04EB800400221A755A75C7
:1013A0001A745A749A74DA74D3F81431092B2DD83C
:1013B000DFE813F00A000D002900430071009000DF
:1013C0009F00C600DC00E900FFF7AAFA23E063787B
:1013D000022B0DD0E379033BDBB2012B02D86378FB
:1013E000032B0CD0774B002016221A75587512E08B
:1013F0002046FFF721FB0028ECD000200BE0204620
:10140000FFF742FB07E06378022B05D06D4B00200D
:1014100016221A75587538BD6C48FFF7E7FAB0F117
:10142000FF3F05D0674B002028221A755875F2E758
:101430002046FFF715FB0020EDE76378072B15D05A
:10144000022B1AD06378032B20D0083BDBB2012B90
:1014500040F2B18023795B4A9382002B40F0AD804B
:101460001346002031221A755875D4E7554B2722B0
:101470001A7500225A750120CDE72046FFF7DCFAE5
:10148000002840F0968003236370DBE72046FFF7D7
:1014900000FB0120BFE76378042B05D0494B0020F7
:1014A00027221A755875B6E72046FFF7A3FB0446B6
:1014B000002800F0848008234370FFF7EFFA424BC6
:1014C000E31A9B10424A02FB03F33E4AA2F834316E
:1014D0000020A0E76378022B98D0227F394880F85B
:1014E000372104F10C0100F59C7006F0EDFB0020A3
:1014F00091E76378022B11D06378022B86D9E379C8
:10150000033BDBB2012B03D92E4BD3F8283163B94F
:1015100004F120012046FFF719FB7CE72046FFF786
:101520008BFA0028E8D0002075E7284D2946204690
:10153000FFF70CFBA5F59C7355F8282C1A616AE798
:101540006378022B0BD06378022B7FF65FAF2046C7
:10155000FFF7A6FA1B4BD3F810211A615BE7204670
:10156000FFF76AFA0028EED0002054E7154B5B6ABB
:10157000022B3FF74BAF134BD3F81C11C9B22046D7
:10158000FFF75EFC47E76378082B05D00D4B002082
:1015900035221A7558753EE794F83020094880F8CE
:1015A000372104F1200100F59C7006F08DFB00202E
:1015B00031E700202FE700202DE700202BE7012056
:1015C00029E700BF142E0220FC0C07204C2F02201C
:1015D000EFEEEEEE08B5064BB3F83431C3EB031370
:1015E0009A0004481044FFF71DFC002008BD00BF0E
:1015F000142E0220FC0C072008B5144BB3F834312C
:10160000C3EB0313124800EB83004378082B13D07D
:101610000A2B11D0082B09D90C4B0D2283F8362147
:1016200020221A7500225A7500200DE0074B162261
:101630001A7500225A75F7E700F10C01FFF786FAD8
:10164000024BD3F810211A6108BD00BF142E0220EE
:10165000FC0C072008B5104BB3F83431C3EB03136F
:101660000E4800EB8300037943B94378072B0BD86E
:10167000094B002016221A75587504E0064A938219
:1016800000230371184608BDFFF70AFA024BD3F88E
:1016900010211A61F7E700BF142E0220FC0C07206E
:1016A00008B50A46054BB3F83431C3EB03130146C2
:1016B000034800EB8300FFF7CBFB08BD142E02208C
:1016C000FC0C072008B5054BB3F83431C3EB03130A
:1016D0009A0003481044FFF7B5FA08BD142E022003
:1016E000FC0C072008B50122427000228270FF2105
:1016F00081710271027780F830204263FFF790FA1F
:1017000008BD00000549B1F83431C3EB03139A005A
:10171000034B1A44D1F8303153637047142E022022
:10172000FC0C07200F4B1B7803B1704730B58DB010
:101730000125019500932B464FF0FF320A4902A87C
:1017400000F03CFF094C0DF1080CBCE80F000FC481
:10175000BCE80F000FC4DCF800302360014B1D70A3
:101760000DB030BD40220720000030501806072081
:101770002DE9F84305460F46164647E03446102E3D
:1017800028BF1024231DDFF88C80DB0088F8003090
:101790002B0C88F803302B0A88F8043088F80550A1
:1017A000DFF87490484606F0B3FBD9F808309B0187
:1017B00003F1A043C3F800800622DA61D9F80820BB
:1017C000930103F1A0431B6913F0806FF8D1DFF898
:1017D0004880404606F078FC404606F099FBD8F871
:1017E00008309B0103F1A0431F60DC61D8F808209A
:1017F000930103F1A0431B6913F0806FF8D10648F1
:1018000006F062FC25442744341BA6B2002EB5D155
:10181000BDE8F883CCC00120240607202DE9F84359
:1018200005460F4616463EE03446102E28BF1024CB
:10183000DFF87C90E30089F801302B0C89F8033045
:101840002B0A89F8043089F80550DFF86880404693
:1018500006F05EFBD8F808309B0103F1A043C3F803
:1018600000900722DA61D8F810309B0103F1A04301
:101870005F60DC61D8F80820930103F1A0431B6985
:1018800013F0806FF8D10C4BDA69930103F1A04398
:101890001B6913F0806FF8D1064806F015FC25444B
:1018A0002744341BA6B2002EBED1BDE8F88300BF8A
:1018B000C4C001202406072018060720F0B5C1B0D7
:1018C000274B1E68274B1F68274B1C88274B1B780C
:1018D0001BB1274B1B7863B92AE0FFF723FFF8E71A
:1018E0002A4639463046FFF743FF2E442F44651BF6
:1018F000ACB29CB32546B4F5807F28BF4FF4807509
:101900001C4B1B78002BEBD02A4669463846FEF765
:101910008DFC2A4669463046FFF72AFFE5E72A464E
:1019200039463046FFF77AFF2E442F44651BACB290
:10193000A4B12546B4F5807F28BF4FF480750D4BC8
:101940001B78002BEBD02A4669463046FFF766FF2E
:101950002A4639466846FEF791FCE5E741B0F0BDFE
:10196000EC0B0720E80B072010220720402207205D
:10197000422207204122072008B50A4B00221A7094
:10198000012909D0084BD3F808315B02074A1380BC
:101990000022F3F781FD08BD034BD3F8C420034BAD
:1019A0001A80F5E742220720142E02201022072079
:1019B00008B50A4B01221A70914209D0084BD3F89E
:1019C00008315B02074A13800022F3F765FD08BD6A
:1019D000034BD3F8C420034B1A80F5E742220720BB
:1019E000142E02201022072010B48446012911D0A1
:1019F000022921D0184C0FCCCCF80000CCF80410F0
:101A0000CCF80820CCF80C3003CCCCF81000CCF883
:101A100014100EE0114C0FCCCCF80000CCF80410E0
:101A2000CCF80820CCF80C3003CCCCF81000CCF863
:101A30001410604610BC7047094C0FCCCCF8000065
:101A4000CCF80410CCF80820CCF80C3003CCCCF83F
:101A50001000CCF81410ECE7B0B9012098B90120BF
:101A600080B90120002A46D09446002B43D0224A58
:101A70001278002A35D010B5204A1288824207D940
:101A80001E4CB4F804E0121A1EFA82F2A2802080E2
:101A90001A4A52888A4207D9184CB4F806E0521AFA
:101AA0001EFA82F2E280618000EB0C0E134A148869
:101AB00092882244964506DD1FFA8EFCACEB040C9E
:101AC0000E4AA2F804C0C8180C4AB2F802C0D28864
:101AD0006244904204DD83B2A3EB0C03074AD38037
:101AE00010BD064A10805180A2F804C0D380024B7A
:101AF00001221A707047704732220720180702200F
:101B0000022821D810B504461E4B1B8823B11E4A5B
:101B10001268928893421FD11C4B1B78A3422ED08F
:101B200014B3631EDBB2012B25D8F1F763F8002153
:101B30000846F0F7D5FB0020F0F7EBFB0020EFF7AD
:101B4000A9FBF0F75FFB16E00F4B16221A75002277
:101B50005A754FF0FF3070470B4B10221A75002258
:101B60005A754FF0FF3009E00120EFF793FBF0F7D3
:101B700049FBF1F73FF8054B1C70002010BD002019
:101B8000FCE700BFF6210720142E02203322072095
:101B90002DE9F8438588B0F806800688B0F80290F1
:101BA000ADB30F46B8F1000F33D0B6F5A07F0DD21C
:101BB000B9F5A07F0AD27319B3F5A07F06DC08EB54
:101BC0000903B3F5A07F01DC00241BE0124B1622B1
:101BD0001A7500225A754FF0FF3016E004EB090029
:101BE000C0EB001006EB460304FB05F101EB4101DD
:101BF00005EB450292B2394403EB8010FFF70EFE6D
:101C00000134A4B24445E9D30020BDE8F8830020A4
:101C1000FBE70020F9E700BF142E02202DE9F8436E
:101C20008588B0F806800688B0F80290DDB30F46CC
:101C3000B8F1000F39D0B6F5A07F0DD2B9F5A07F6D
:101C40000AD27319B3F5A07F06DC08EB0903B3F5DC
:101C5000A07F01DC00241BE0154B16221A75002220
:101C60005A754FF0FF301CE004EB0900C0EB001088
:101C700006EB460304FB05F101EB410105EB4502D0
:101C800092B2394403EB8010FFF772FD0134A4B225
:101C90004445E9D343462A4649463046FFF7E2FE2B
:101CA0000020BDE8F8830020FBE70020F9E700BF33
:101CB000142E02202DE9F04383B08588C78806885A
:101CC000B0F80280ADB3A7B3B6F5A07F31D2B8F5B6
:101CD000A07F2ED27319B3F5A07F02DDC6F5A075E3
:101CE000ADB207EB0803B3F5A07F02DDC8F5A0771E
:101CF000BFB200241BE004EB0800C0EB001006EBB1
:101D0000460305EB4502DFF8309092B2494603EBFB
:101D10008010FFF783FD04EB0801CDF8009001234C
:101D20002A4689B23046F0F735F90134A4B2BC42F4
:101D3000E1D303B0BDE8F0832007022008B518B94D
:101D4000FFF7F0FC002008BD034B13221A75002298
:101D50005A754FF0FF30F6E7142E022008B5074BF6
:101D60001B689A88064B1B889A4201D0002008BD48
:101D70000020034B1880FFF7C3FEF7E7142E022064
:101D8000F62107202DE9F041C0B0224AD2F8C83030
:101D9000D2F8C410D2F8C0701F4A1278022A28D193
:101DA0001E461FFA81F8B3F5962F2CD213FA81F153
:101DB000B1F5962F04D99BB2C3F530431FFA83F8CF
:101DC0004546F5B12C46B5F5807F28BF4FF48074A9
:101DD000A4B2224669463046FFF720FD2246394626
:101DE0006846FEF74BFA90B9264427442D1BADB246
:101DF000E7E7084B16221A7500225A754FF0FF309C
:101E000002E0404600E0002040B0BDE8F0814FF025
:101E1000FF30F9E7142E0220332207202DE9F0418C
:101E2000C0B0264AD2F8C830D2F8C410D2F8C06088
:101E3000234A1278022A28D11F461FFA81F8B3F5E7
:101E4000962F33D213FA81F1B1F5962F04D99BB2B4
:101E5000C3F530431FFA83F84546F5B12C46B5F576
:101E6000807F28BF4FF48074A4B222466946304672
:101E7000FEF7DCF9F0B9224669463846FFF778FCF0
:101E8000274426442D1BADB2E7E70C4B16221A75EA
:101E900000225A754FF0FF3009E04FF4A0731A4644
:101EA00000210846FFF7DEFD404600E0002040B07C
:101EB000BDE8F0814FF0FF30F9E700BF142E02209B
:101EC000332207202DE9F04397B000283DD10E467C
:101ED0001446A1F54073342B00F2F381DFE813F0D0
:101EE0003D00F101F101F101F101F101F101F10117
:101EF000F101F101F101F101F100F101F101F10153
:101F0000F10155005500F100F101F101F101F1017C
:101F1000F101F101F101F101F101F101F101F10131
:101F2000F101F101F101F101F101F101F101F10121
:101F3000F101F101F101F101F101F101F101F10111
:101F400078008F00A300B600BD00B84B13221A75AD
:101F500000225A754FF0FF3713E0B54B197802A8ED
:101F6000FFF742FD0EAD02980399049A059B0FC539
:101F70000698079903C5182221460EA8FEF77EF998
:101F80000746384617B0BDE8F0832046FEF760F9F3
:101F90000028C0F29E8140F211339E4204D0C0B2AC
:101FA000FFF7AEFD0746ECE7C1B202A8FFF71CFD44
:101FB0000EAD02980399049A059B0FC506980799E0
:101FC00003C5182221460EA8FEF758F90746D8E7A0
:101FD000984B1B8823B1954A12689288934206D188
:101FE000924B1B689A88934B1A800027C9E78F4B46
:101FF00010221A7500225A754FF0FF37C1E78D4B3A
:102000001B8823B1894A12689288934203D1002722
:10201000884B1F80B5E7854B01221A7500225A753F
:102020004FF0FF37ADE7844B1B7833B108222146D0
:102030008248FEF723F90746A3E70C930D93082285
:1020400021460CA8FEF71AF907469AE700277A4BB3
:102050001F707A4B1F605F6093E7754B1B78022BF4
:102060001BD108220CA92046FEF7E0F807460028FD
:1020700040F03281BDF8343013B1BDF8363043B989
:102080006D4B1B788BB16D4A0CAB92E8030083E873
:1020900003000CA8FFF70EFE73E7644B16221A75B7
:1020A00000225A754FF0FF376BE70023ADF8303050
:1020B000ADF832304FF4A073ADF83430ADF83630AF
:1020C000E7E72046FEF7CFF807286BD92046FEF752
:1020D000CAF8814608220AA9A01CFEF7A7F80746FD
:1020E000002840F0FC809DF828309DF8292043EA24
:1020F0000223ADF832309DF82A309DF82B2043EAB8
:102100000223ADF830309DF82C809DF82D3048EA40
:102110000328ADF836809DF82E509DF82F3045EA03
:102120000325ADF83450002D44D0B8F1000F41D054
:1021300008FB05F303EB43030833994542D340F210
:1021400013339E4246D03A4B1B78022B40F0AE80B0
:102150000026B0457FF615AFBDF83030ADF8203021
:10216000BDF832303344ADF82230ADF824500123AD
:10217000ADF82630324908A8FFF70AFD002840F0E4
:102180009D8006FB05F101EB41010A3105EB45029B
:1021900021442B48FEF772F8002840F08F8001366A
:1021A000B6B2D6E7214B16221A7500225A754FF0A7
:1021B000FF37E6E61D4B16221A7500225A754FF0BE
:1021C000FF37DEE6194B16221A7500225A754FF0BA
:1021D000FF37D6E6164B1B78012B33D0022B5DD18F
:1021E0000026B04555D906FB05F000EB40000A304B
:1021F00005EB450212492044FEF718F8002874D177
:10220000BDF83030ADF85030BDF832303344ADF861
:102210005230ADF854500123ADF85630084914A897
:10222000FFF7FCFC90BB0136B6B2DAE7142E0220B1
:1022300033220720F6210720322207201807022028
:10224000200702200026B0451BD906FB05F000EB55
:1022500040000A3005EB450225492044FDF7E6FF22
:1022600000283FD1BDF832103144214B00930123A7
:102270002A4689B2BDF83000EFF78CFE0136B6B2BF
:10228000E1E71C4B00221A755A757AE64FF0FF37CA
:1022900077E6184B00221A755A7572E6154B16220E
:1022A0001A7500225A754FF0FF376AE6114B162255
:1022B0001A7500225A754FF0FF3762E64FF0FF376C
:1022C0005FE60C4B16221A7500225A754FF0FF3745
:1022D00057E64FF0FF3754E64FF0FF3751E64FF027
:1022E000FF374EE64FF0FF374BE64FF0FF3748E63B
:1022F00020070220142E0220002202604260826029
:10230000C2604FF4803202604FF4F83242604FF402
:10231000802282604FF440228260704738B50446C4
:102320000D46FFF7E9FF05F1090263686FF3D0136B
:1023300043EAC51141EA02316160E36823F060437A
:1023400043F08043E36021F0C0416160204638BD26
:1023500038B504460D46FFF7CFFF05F10802636864
:102360006FF3D01343EAC51141EA02316160E368BB
:1023700023F0604343F08043E36021F0C04161609B
:10238000204638BD2DE9F04F8BB004460E469046EE
:102390001D469DF85830DDF85C90DDF860A0199F6F
:1023A000002B00F091800DF1080B11465846FFF705
:1023B000B5FF9BE80F000DF1280C0CE90F00099BFD
:1023C00023F01F030AF01F021343099323F07C72CA
:1023D00042F4801209926FF3D93343F48013FA0365
:1023E00002F478221343099323F4F8434FEA892235
:1023F00002F4F84213430993089B23F0785C2CF411
:10240000202C4CF4003C6B0603F078534CEA030399
:10241000089323F0FE7C2CF4803C4CF4803C2D058A
:1024200005F0F8754CEA05050895BDF850301B0419
:102430009DF8542043EA022306934FF0010BCDF898
:1024400000B002234A463146204602F0CFFCCDF8C8
:1024500000B05B4652463146204602F0C7FC0023DE
:1024600000935B463A463146204602F0BFFC04F139
:102470002F4505F56005C5F307550635EDB229462C
:10248000384600F0AFF92946504600F0ABF929462E
:10249000484600F0A7F9294609EB0B0000F0A2F925
:1024A0000BFA07F704F500539F6306AB424631462B
:1024B000204602F0EAFC23680BFA06FB43EA0B0312
:1024C00023600BB0BDE8F08F0DF1080B11465846A4
:1024D000FFF73EFF9BE80F000DF1280C0CE90F0001
:1024E0006DE7000008B5102906D8036823F4F0331F
:1024F00043EA4131016008BD034B044A40F229110F
:10250000034802F0A9F900BF90940120E0B901202E
:10251000B094012000B583B001460023019310233D
:10252000019303F5FC03019301A8FFF7DBFF019B77
:1025300023F00C0242F00802019223F4F85222F038
:102540000C0242F0080201920C4A1A4042F00802C2
:1025500001920B4A1A4042F00801019142F009022F
:102560000192084A1A4042F00902019206481840B6
:1025700040F00900019003B05DF804FBF3E0FFFEBA
:10258000F3E07FFEF3E07FFCF1E07FFC08B53F293C
:1025900006D8036823F4FC0343EA4141016008BD07
:1025A000034B044A40F21B11034802F055F900BFE7
:1025B00050950120C8B90120B0940120F0B593B026
:1025C0000446084615461E469DF864700991002F82
:1025D00000F0FA80804902F0F1FB0B90B5F1FF3F6B
:1025E00000F0F4800A950CA800F06AFD0121142087
:1025F00000F042F90121152000F03EF901210220EE
:1026000000F03AF90325059502230493142303935C
:1026100002979DF860300193009608230B9A0A995F
:102620000998FFF7AFFE012002F0DAFA0E90FFF7EB
:1026300071FF0F9020F00C030F9320F03C0343F048
:1026400010030F9320F0FC0040F010000F90099948
:1026500001F12F4101F56001090D0A9B03EBC10156
:102660000FA8FFF793FF0A9B1A1D099B03EB820239
:102670000E9B9B0103F1A0435A600E9B9B0103F14B
:10268000A0430F9A1A61012002F0AAFA1090FFF7F6
:1026900041FF119020F00C03119320F03C031193A3
:1026A00020F0FC0040F040001190099B03F12F4303
:1026B00003F560031B0DAB4004330A99194411A8BC
:1026C000FFF764FF0A9B03F10802099B03EB8202F8
:1026D000109B9B0103F1A0431A60109B9B0103F127
:1026E000A043119A1A613D4B1B68ADF820301B0CBA
:1026F0008DF822300CA805F00BFC0E9B9B0103F11A
:10270000A04308AA1A60DD61109B9B0103F1A0435E
:1027100000225A60DA610E9A930103F1A0431B690B
:1027200013F0806FF8D1109A930103F1A0431B6955
:1027300013F0806FF8D10CA805F0C6FC3220002100
:1027400000F038FE254B5B68ADF81C301B0C8DF893
:102750001E300CA805F0DCFB0E9B9B0103F1A0438F
:1027600007AA1A600322DA61109B9B0103F1A043C0
:1027700000225A60DA610E9A930103F1A0431B69AB
:1027800013F0806FF8D1109A930103F1A0431B69F5
:1027900013F0806FF8D10CA805F096FC642000219E
:1027A00000F008FEA4460DF1240EBEE80F00ACE8D0
:1027B0000F00BEE80F00ACE80F00DEF80030CCF8E8
:1027C0000030204613B0F0BD054904E70121099807
:1027D00002F0D8FA0A9006E718BA012034BA0120AC
:1027E000FCB901200C4B03EB800253F8203083F03E
:1027F000400303F0C00302F5805CCCF80030C00059
:1028000000F1804000F52030416002F540524FF465
:1028100080731360704700BF0480034010B40B4CFA
:1028200004EB800C71B1082372B10422134354F8F5
:102830002020534003F00C030CF5805CCCF80030F2
:1028400010BC70470023EFE70022EFE7048003404D
:1028500039B1084B03EB800303F5005302221A60E1
:102860007047044B03EB800303F5405302221A60C8
:10287000704700BF04800340064B03EB800253F80F
:10288000203083EA011303F0300302F58052136015
:10289000704700BF0480034008B54FF0000242ECCF
:1028A000440042EC40000521FFF79CFF08BD00B545
:1028B000F2F7A4FC00BEFDE7EFF3108072B6064B02
:1028C000D3E8CF1F01220029FAD1C3E8412F002904
:1028D000F6D1BFF35F8F704723CF01200023034A57
:1028E000C2E88F3F80F31088704700BF23CF0120DC
:1028F00070B505460C461646FFF7DEFFE208A95CF8
:1029000004F0070C012303FA0CF3194205D1DBB2E2
:102910000B43AB54FFF7E2FF70BD21463046FFF793
:10292000C6FFF8B506460D4614461F46FFF7C4FF1E
:1029300000E00134BC420ED84FEAD40C16F80C105B
:1029400004F0070301229A401142F2D1D2B20A43A5
:1029500006F80C2001E04FF0FF34FFF7BFFF002C1A
:1029600001DB2046F8BD002DFBD00698FFF79FFF46
:1029700038B505460C46FFF79FFFE1086A5C04F096
:1029800007040123A3401A4205D022EA03026A5435
:10299000FFF7A4FF38BD034B034A3321034801F07E
:1029A0005BFF00BF649501203CBA012084950120A3
:1029B000054A1078431CDBB21370172B02D913465B
:1029C00010221A70704700BFD2C0012000B583B03A
:1029D0000146054B00931F2318220448FFF7A1FF6F
:1029E00003B05DF804FB00BF149601204C060220E2
:1029F0004FF0E022936843F000539360704700006B
:102A0000002305E0044A1A440021C2E88F1F013365
:102A10001F2BF7D9704700BF18CF012008B51F281A
:102A200005D8064B18440023C0E88F3F08BD044B6F
:102A3000044A0F21044801F00FFF00BF18CF012006
:102A4000309601204CBA01204C960120064B9B6821
:102A5000103043F82010BFF35F8F00230349C1E813
:102A60008F3F82F31088704700ED00E021CF0120F6
:102A70000048704700E400E008B5FFF7F9FF0023C5
:102A800004E04FF0803240F8042B01330C2BF8D9CE
:102A900062B608BD08B50388DA0A1C2A06D15B05B0
:102AA0000BD45B15023300EB430008BD064B074A0D
:102AB0004FF48E71064801F0CFFE03F5FF1303F5C6
:102AC000FF531F33EDE700BFF4960120A8BA0120A1
:102AD0000C97012008B5091A01F2FC7240F6FE734A
:102AE0009A4208D8081F11F0010F04D1C0F34A0020
:102AF00040F4604008BD034B034A4FF4877103481C
:102B000001F0AAFE9C9701209CBA01200C9701209D
:102B100008B5091A04394B08090B0AD1C1F30A0197
:102B200041F4704101806FEA43536FEA535343808D
:102B300008BD034B034A4FF48B71034801F08CFE30
:102B4000CC97012078BA01200C9701204209064B4E
:102B500053F8222000F01F00012383401A4214BFC3
:102B600001200020704700BF00E100E03AB1064BB1
:102B700000F1600243F8221043F820107047203023
:102B8000014B43F82010704700E100E008B50A4609
:102B900000F01F03012199404009FFF7E7FF08BD3E
:102BA000024B9B68103053F82000704700ED00E0A6
:102BB00070B505460C46EFF3108672B60F4BD3E89E
:102BC000CF1F01220029FAD1C3E8412F0029F6D1F5
:102BD000BFF35F8FFFF7E4FF094B984201D0A0429B
:102BE00005D1324621462846FFF730FF70BD054B20
:102BF000054AED21054801F02FFE00BF21CF01203D
:102C000011010010DC970120D0BA01200C9701209F
:102C10002DE9F04F87B000911546EFF3108A72B698
:102C20007C4BD3E8CF1F01220029FAD1C3E8412F02
:102C30000029F6D1BFF35F8F774B93F90040002C4A
:102C400044DB804604EB4407744B03EB870797F99A
:102C50000610714A1170724A926800F1100152F820
:102C60002190A9EB03022F2A3ED96E4B994534D10E
:102C70004FF42143ADF80C304FEA440904EB440013
:102C8000664E06EB800068490230FFF723FFADF87F
:102C90000E004BF60153ADF81030FF238DF81230C3
:102CA0008DF81350009B0593A14406EB890306AAF7
:102CB00012E9070083E8070047F001095246494638
:102CC0004046FFF7C3FE07B0BDE8F08F574B584AA8
:102CD0004FF4BE71574801F0BFFD574B544A40F2C4
:102CE0008311544801F0B8FD29F0010BABEB03034D
:102CF000524AA2FB0312D20802EB4202B3EB820F4C
:102D00000FD15B460026DA79AA4212D993F9062040
:102D1000002A0DDB02EB42021E46404B03EB82030E
:102D2000F1E7474B424A4FF4CA71424801F094FD23
:102D30001E46A6B344F60103ADF80C304FF48F43A2
:102D4000ADF80E3096F906B0BBF1000F1ADA4BF66B
:102D50000150ADF810008DF812B08DF81350009BA3
:102D600005933946301DFFF7B5FEB080B47104EB12
:102D700044042A4B03EB840306AA12E9070083E804
:102D800007009BE7301DFFF785FE014604EB440278
:102D9000224B03EB8203181DFFF79CFED9E74FF48B
:102DA0002143ADF80C306300019304EB4406DFF8D7
:102DB0006C9009EB86061C49B01CFFF78BFEADF842
:102DC0000E005946301DFFF785FEADF810004AF69B
:102DD000AA235A464946521A524153431B0D8DF8B5
:102DE00012308DF81350009A0592019B234409EB91
:102DF000830906AB13E9070089E8070044F60103DD
:102E0000ABF800304FF48F43ABF8023047F00109C4
:102E100054E700BF21CF012037220720D4C0012072
:102E200000ED00E01101001004C101201498012000
:102E3000B8BA01200C9701203C980120ABAAAAAA9D
:102E4000649801202DE9F04706460D46EFF31088FF
:102E500072B6504BD3E8CF1F01220029FAD1C3E844
:102E6000412F0029F6D1BFF35F8F4B4B9B6800F1D8
:102E7000100A53F82A70494B9F4207D0AF4200F026
:102E800087803C46464BFB1A2F2B06D942463946D3
:102E90003046FFF7DBFDBDE8F087FFF757FE8146C0
:102EA00000213046FFF772FEBFF35F8FEFF305801E
:102EB000C0B208B1824510D124F001040021A268FB
:102EC000954212D094F90630002B0DDB03EB43033F
:102ED0002146334C04EB8304F1E7324B324A40F293
:102EE0000221324801F0B8FC2146954249D194F9BB
:102EF0000650002D2BDB05EB4502294B03EB82032B
:102F00009A68A260DA79E27193F90630A371002B16
:102F100010DA4BF60150A08005EB4502204B03EB85
:102F20008203234A11789971157049463046FFF79C
:102F30002DFEABE705EB4503194800EB8300043099
:102F4000FFF7A8FD0146201DFFF7C4FDE3E798B990
:102F500081B1FF238B714BF601538B80144A137898
:102F6000A3714AF6AA230E49641A644163431B0DF8
:102F70001370DAE7094FF1E70E49201DFFF7C8FD8E
:102F8000D3E70D4B084A4FF41171084801F064FC77
:102F9000024F7BE721CF012000ED00E0110100107E
:102FA000D4C00120E898012088BA01200C970120A4
:102FB000372207200EC101201C99012038B540F0AE
:102FC0000104324BE31A2F2B31D8EFF30581C9B23C
:102FD000002933D0EFF3108E72B62D4BD3E8CF5FBC
:102FE0000122002DFAD1C3E8452F002DF6D1BFF301
:102FF0005F8F4AF6AA230246244D521B5241534387
:103000001B0D4FFA83FC234B9B6853F82130A342DE
:103010001BD00023032B32D803EB43011B4A02EBE6
:10302000810292F90620624520D00133F2E71A4B63
:103030001A4A40F27F211A4801F00EFC194B174A38
:1030400040F28221164801F007FC124B9B68164A99
:1030500043F82120154B1A78827183F800C00023B1
:103060000B4AC2E88F3F8EF3108838BD074A02EB47
:103070008101FF248C714BF601538B80EAE70C4BE6
:10308000064A40F29321064801F0E6FBD4C0012035
:1030900021CF012000ED00E0249901205CBA01203D
:1030A0000C9701204C9901201101001037220720B4
:1030B00058990120014B0B440360704718CF012041
:1030C00010B50446FFF774FC01462046FFF7F2FFF7
:1030D000FF232371BFF35F8F10BD10B50446FFF7C8
:1030E00067FC01462046FFF7E5FFFF23237100231D
:1030F0006371BFF35F8F10BD10B50D4C09E00D4B30
:103100000D4A1A210D4801F0A7FB2046FFF7D8FF12
:1031100008340B4B9C4209D22368002BF5D0012BBD
:10312000EDD12046FFF7D9FF0834F2E710BD00BF0C
:1031300078C201206099012010BB012080990120F4
:1031400088C20120024B0B440360BFF35F8F7047BE
:1031500018CF012010B504460120FFF737FC0146C7
:103160002046FFF7EFFF10BD08B5EFF30583DBB294
:1031700013B900F029F908BD0148FFF798FB00BF1B
:10318000609A012038B5062871F1000302D200F0E0
:1031900011F938BD841F41F1FF3500F003F9201803
:1031A00045EB0101002902DB00F00EF9F1E74FF0D9
:1031B000FF306FF00041F7E708B5C30E4101091A6F
:1031C00063F100039B0043EA91738900091843F1FE
:1031D0000003DB00C80043EA5171FFF7D3FF08BDCD
:1031E000084B5B6A994209D8064A926A824207D222
:1031F000994201D00120704700207047002070479D
:103200000120704700000B4001684268084B5B6A70
:103210009A4209D80648806A884207D29A4201D069
:103220000120704700207047002070470120704740
:1032300000000B40C0E900230048704735310120F1
:10324000F8B5EFF30580C0B2A0F1100300F0030061
:103250009B082ED0204DEFF3108C72B61F4AD2E897
:10326000CF4F0121002CFAD1C2E8441F002CF6D127
:10327000BFF35F8F01228240EA6305F541514A6046
:103280001749C95C21FA00F414F0010F1AD06E6AD4
:1032900000EB8304134F57F82440A6420BD300EBF6
:1032A0008305114C54F8254021EA02010C4AD154FF
:1032B00009E00E4DCFE7031D55F8232045F82320E4
:1032C000002400E000240023044AC2E88F3F8CF36E
:1032D000108804B1A047F8BD00800B4022CF012028
:1032E00078130720301307206CD0012000000B401A
:1032F00010B5054A054C064BA04214BF1846581C91
:10330000FFF7F6FA10BD00BFB09A012000800B4015
:103310005006022008B501460148FFF7E9FF08BD45
:1033200000000B4008B5044A044B904214BF1846F5
:10333000581CFFF71DFB08BD00800B405006022003
:1033400008B501460148FFF7EDFF08BD00000B403E
:103350000246436A906A1946536A9942FAD1704705
:10336000416A00E0416A9942FCD300E0416A994217
:1033700002D1816A9142F9D3704770B5064614466E
:103380001D46FFF7E5FF021941EB0503824273EB8F
:10339000010102D24FF0FF3213463046FFF7E0FF43
:1033A00070BD000008B50248FFF7D2FF08BD00BF9E
:1033B00000000B4008B502460B460248FFF7DDFF50
:1033C00008BD00BF00000B4008B502460B4602488E
:1033D000FFF7C6FF08BD00BF00000B402DE9F84312
:1033E00005460C4617462A4B98420CBF4FF0010980
:1033F0004FF0000931D000262644EFF3108872B652
:10340000244BD3E8CF1F01220029FAD1C3E8412F72
:103410000029F6D1BFF35F8F0FB33046FFF7C0FB33
:103420001D4B83420CD019463046FFF7C1FB0121EA
:103430003046FFF7ABFB0123A34005F501552B6098
:1034400004EB8909154B43F829700023114AC2E89F
:103450008F3F88F31088BDE8F8830426CCE704EB9F
:10346000890200250D4B43F822500D4911F809300F
:103470000122A24023EA020301F80930064930463E
:10348000FFF7E0FC29463046FFF780FBDDE700BF91
:1034900000800B4022CF01206D3101206CD0012033
:1034A0007813072008B50A4601460248FFF796FF41
:1034B00008BD00BF00000B402DE9F84F04460D4643
:1034C00017461E46FFF744FFB842B1416AD2374B58
:1034D0009C4214BF4FF000094FF00109EFF3108A2E
:1034E00072B6334BD3E8CF1F01220029FAD1C3E8CB
:1034F000412F0029F6D1BFF35F8F2E4A12F809B091
:103500004FF0010808FA05F85FFA88F343EA0B0365
:1035100002F80930C4F83C802B1D44F8237005EBF9
:103520008902254B43F82260236A18EA030F11D160
:10353000A36C18EA030F07D0002000231C4AC2E83E
:103540008F3F8AF310882EE01C4B1D4AEF211D4847
:1035500001F082F92046FFF7FBFEB842B1411DD3CE
:10356000144B13F809305B451AD0C4F82080C4F816
:103570003C800E4B9C420FD000231D4405F01F03DE
:103580006D09012000FA03F360350F4A42F8253037
:10359000084B03F809B0D0E70423EEE70020CCE79E
:1035A0000120CAE70120BDE8F88F00BF00800B4072
:1035B00022CF01207813072030130720D49A01204E
:1035C00030BB0120F49A012000E100E008B501467B
:1035D0000148FFF771FF08BD00000B4010B4EFF386
:1035E000108C72B6104AD2E8CF4F0123002CFAD1CA
:1035F000C2E8443F002CF6D1BFF35F8F012303FAEA
:1036000001F10162094B984214BF00200120084CCF
:10361000235C23EA010323540023C2E88F3F8CF389
:10362000108810BC704700BF22CF012000800B40E3
:103630007813072008B501460148FFF7CFFF08BD02
:1036400000000B4030B5EFF3108E72B6114CD4E889
:10365000CF2F0123002AFAD1C4E8423F002AF6D135
:10366000BFF35F8F0C4A904214BF002201220B4D22
:1036700015F802C0012303FA01F1CBB24CEA0303AF
:10368000AB540023C4E88F3F8EF3108800F501503F
:10369000416030BD22CF012000800B40781307200D
:1036A00008B501460148FFF7CDFF08BD00000B40FB
:1036B000074B98420AD01A2301229A40054B1A6000
:1036C000054B9B6832EA0303FAD170471B23F3E7EB
:1036D00000800740003002400000024038B5046B13
:1036E00014F0010F01D1204638BD00F5405340F2DF
:1036F00001321A63436A856A05EB8315AD02062021
:1037000000F016F9044BA3FB0030C00AB5FBF0F043
:103710000021FFF74FFEE6E7757B2B8F70B505465E
:103720000C461646FFF7DAFFEB6A5C40344005F5BD
:103730008153DC60286370BD054B984205D01A2286
:1037400001239340034A136070471B22F8E700BF30
:10375000008007400020024070B505460C46062058
:1037600000F0E6F8C300B3FBF4F30133DC0907D043
:103770004FF6FE72944214D82646C3F3450400E087
:1037800001266E62AC62002211462846FFF7C6FF92
:10379000062000F0CDF8800004EB8614B0FBF4F0B6
:1037A00070BD00244FF6FF76EBE708B50539013A06
:1037B000D20042EA411219464BB1022313430129B8
:1037C00007D000216E221943FFF7A8FF08BD002390
:1037D000F4E70421F6E708B501B110211022FFF744
:1037E0009DFF08BD49B10A22054B984214BF002035
:1037F0000120044B23F8102070474FF48072F3E748
:10380000008007403421072038B504460D460620C5
:1038100000F08EF8F8B1114B9C421DD01A22012302
:1038200093400F4A13602046FFF742FF00212046D5
:10383000FFF7D8FF29462046FFF78EFFE36A83F0A3
:10384000700303F07E0304F58152D36040F201332C
:1038500023630323A36438BD1B22E0E700800740F5
:103860000020024070B51646049D00EB400C4FEA64
:103870008C0C0CF1804C0CF5803CDCF80420AA4246
:1038800001D2CCF80450A0F1040E5FFA8EFEBEF116
:10389000010F28D90CF540524FF4006414601E4A01
:1038A00052F8202042B11C4C6469B4FBF2F401349C
:1038B00004EB4404033CFDD2DCF8002082EA46120B
:1038C00002F0E0020CF580542260BEF1010F16D91F
:1038D0000CF500524FF400611160CCF804500E4A10
:1038E00042F8203070BD0129D4D10CF54052032498
:1038F0001460DCF8082012F0010FFAD0DCE7DCF8E5
:1039000000204A4002F003022260DCF80840012255
:103910008A401442F9D0DBE75C06022010B582B081
:103920004FF480340094FFF79DFF02B010BD0000FB
:10393000014B53F8200070475C06022070B5049CD0
:10394000344DB5FBF1FC344D1544344EB54237D8F7
:10395000B2FBFCF5A5F1100EBEF5987F36D803F149
:10396000FF3EBEF1060F37D804F1FF3EBEF1060F51
:1039700032D8BCEB121F35D8240344EA0344036851
:10398000002B35DB264B984242D00E2301229A4071
:10399000244B1A6003F580531A60234B9B6832EA6C
:1039A0000303FAD10160856000F5405204322123FF
:1039B00013600368002BFCDAC4600823136070BD39
:1039C0001A4B1B4A11211B4800F046FF1A4B184A9C
:1039D0001921184800F040FF184B154A1C211548C2
:1039E00000F03AFF164B124A2321124800F034FF30
:1039F000036803F03F038B42C4D18368C3F30B0316
:103A0000AB42BFD1C36803F4EE23A342BAD1D6E7D9
:103A10000F23BBE7001BB70080E84BD380F8A93227
:103A2000008005400020024000000240889B0120E9
:103A300050BB0120D89B0120689C0120849C012060
:103A4000D09C0120024B1A68024B5A60704700BF9D
:103A5000B424022000800D4008B5164B4FF0804280
:103A60001A60A3F54123144A9A6051B103F540232B
:103A70004FF0E0621A6048B9104B4FF000421A60F4
:103A800008BD0C4B4FF0E0621A60F4E74FF47A7314
:103A900003FB00F00A4B1860B0F1807F02D36FF097
:103AA0007F421A60FFF7CEFF044B4FF080421A604E
:103AB000E6E700BF00B00D40F3FFFF0100A00D409E
:103AC000B424022010B50C4B4FF080441C6070B140
:103AD00040F0010309480A4CC4610A4C5C4004628E
:103AE0004162836200211046FFF7B6FF10BD034B11
:103AF0000021D961F6E700BF00B00D4000800D4005
:103B0000D3C007B02D3FF84F054A00EB400302EB4E
:103B10008303596000EB400080000123135070477D
:103B2000008010402DE9F04105460E4617469846A4
:103B30000023DB8A002242E800F212F4800F0BD14E
:103B4000102144F252209847044643463A463146F3
:103B50002846A047BDE8F081042144F2522098474E
:103B60000446F2E708B50023DB8A002242E800F2AF
:103B700012F4800F02D11021984708BD0421984704
:103B8000FBE708B50A46034628B141F0200290FA47
:103B9000A0F3B3FA83F30A214FF48170FFF7C2FF59
:103BA000034BD3F82838002BFAD0BFF35F8F704750
:103BB00000000E40002207E0054B13449B00BFF3BA
:103BC0005F8F002119600132072AF5D9704700BFC5
:103BD0000382031008B5FFF7EDFF08BD074B4FF454
:103BE0002A621A604FF48D72DA6003F50053044ABA
:103BF0001A60024B5B68002BFBDA704700800440C0
:103C000000B0FA0010B5044602E054F8043B9847AF
:103C1000014B9C42F9D310BDC4C201207047000083
:103C200008B50248FFF7EEFF08BD00BF88C20120BB
:103C300008B50248FFF7E6FF08BD00BFB0C201208B
:103C4000064B074A1A6003F58053064A1A60064B72
:103C50009A68044B9343FAD1704700BF002002409A
:103C60007F3BEFEFF6FFF30300000240054BDB6CF8
:103C7000B3F5004F00D07047034B4FF48022DA6455
:103C8000F9E700BF00001150002011504FF0E02272
:103C9000D2F8881D034B0B43C2F8883D10EE300468
:103CA000704700BF03033000054B6FF060421A609D
:103CB000044B9B68DB4333F06043F9D1704700BF8E
:103CC000003002400000024008B545F25320FFF7E3
:103CD00049FF03460420984708BD08B545F2532024
:103CE000FFF740FF03460120984708BD08B5FEF7DF
:103CF00087FE08BD10B50C490C4A521A92101446A2
:103D0000442A28BF44229200094803F0DDFF04E062
:103D1000084A074B43F824200134432CF8D9044ABD
:103D2000054B9A6010BD00BF00000010100100108C
:103D3000000000201101001000ED00E038B5042063
:103D4000FFF7F6FD064BA3FB0035AD0C002404E0A5
:103D50002946E0B2FFF7D8FE0134052CF8DD38BD66
:103D600083DE1B4330B583B0264B0022C3F884208A
:103D7000FFF734FF244B0122DA63224B5B6C012BEB
:103D8000FBD1214B03221A631E4B9B6B012BFBD1F2
:103D90000224009405231D4A01211D48FFF7CEFD92
:103DA000052500952B461B4A01211B48FFF7C6FD40
:103DB0001A4B002221460420FFF7B0FD184C234681
:103DC000002201212846FFF7A9FD164D2B460022AF
:103DD00011460820FFF7A2FD2B46002211460920BC
:103DE000FFF79CFD2346002211460620FFF796FDB3
:103DF0002346002211460720FFF790FDFFF79EFFA4
:103E000003B030BD0000014000300140002F685970
:103E100000000540008C864700800540001BB7006D
:103E200080D1F008006CDC029A4200D288547047BE
:103E3000704720B108B50A684968904708BD7047C7
:103E40000146002008E000EB8000531C0B60137853
:103E500003EB4003A3F130000A681378303BDBB278
:103E6000092BF0D970472DE9F04F83B005460E4677
:103E700093461F46DDF830A00D9CDDF838900F9B6F
:103E800013F0030F19D1A0460192C84509D202F1DF
:103E9000010B3B4631462020A84708F101085A464D
:103EA000F3E7DDF804B008E0013C02F101083B460D
:103EB00031461AF80400A8474246002CF4D10F9B63
:103EC00013F0020F03D1104603B0BDE8F08FA2EB50
:103ED0000B034B45F7D2541C3B4631462020A847E4
:103EE0002246F4E72DE9F04385B099460C9D0D9CE0
:103EF0009DF83880DDF840E0119F129E16F0020F09
:103F000021D17FB116F0010F0CD0B8F1000F02D112
:103F100016F00C0F06D0013F04E04FF0300C05F80E
:103F200004C00134744501D21F2CF6D916F0010FDC
:103F300009D0BC4207D21F2C05D84FF0300C05F831
:103F400004C00134F2E716F0100F14D016F4806F9D
:103F500004D11CB1744522D0BC4220D00F9B102B41
:103F600036D00F9B022B3ED01F2C0ED84FF0300CBA
:103F700005F804C001341F2C07D8B8F1000F3AD05F
:103F80004FF02D0C05F804C00134039602970194FC
:103F900000954B46FFF767FF05B0BDE8F083B4F12D
:103FA000010C13D00F9B102B0ED064460F9B102BCF
:103FB000D7D116F0200FD4D01F2CD2D84FF0580CE8
:103FC00005F804C00134CFE7023CC7E76446C5E703
:103FD00016F0200FEAD11F2CE8D84FF0780C05F826
:103FE00004C00134C0E71F2CCFD84FF0620C05F895
:103FF00004C00134B8E716F0040F05D04FF02B0CC5
:1040000005F804C00134C0E716F0080FBDD04FF02A
:10401000200C05F804C00134B7E7F0B591B0169C48
:10402000189D1B9E0CB926F0100616F4806E16D053
:1040300064B34FF0000E12E00CF1300C5FFA8CFC10
:104040000EF101070EF1400EEE440EF820CCB4FB49
:10405000F5FCAC421BD31F2F19D8BE466446B4FBF7
:10406000F5FC05FB1C4C5FFA8CFCBCF1090FE3D995
:1040700016F0200F08D04127BC445FFA8CFCACF14D
:104080000A0C5FFA8CFCDBE76127F5E7274606960A
:104090001A9C0594199C049403959DF85C40029425
:1040A000019708AC0094FFF71DFF11B0F0BD2DE99A
:1040B000F04F95B009900A910B929846DDF878B0D0
:1040C000DDF87C90229D239F269E5BEA090201D1A8
:1040D00026F0100616F480641ED05BEA09022FD089
:1040E000002419E03032D3B204F1010A04F1500285
:1040F0000DEB020404F8203C2A463B46584649464C
:1041000003F0C2FAAB4579EB07091BD3BAF11F0FD5
:1041100018D85446834689462A463B46584649465F
:1041200003F0B2FAD2B2092ADCD916F0200F05D07A
:1041300041231344DBB20A3BDBB2D5E76123F8E746
:104140004FF0000A0696259B0593249B0493039544
:104150009DF880300293CDF804A00CAB0093434649
:104160000B9A0A990998FFF7BDFE15B0BDE8F08FCC
:104170002DE9F04F91B0804617460F9389460029EC
:1041800000F0328300260F9B1878002800F02F8360
:10419000252809D0741C3B4632464946C0470F9B30
:1041A00001330F932646EEE701330F9300251FE0FE
:1041B00045F0010501320F92012318E045F0020598
:1041C00001320F92012312E045F0040501320F92F3
:1041D00001230CE045F0080501320F92012306E0AF
:1041E00045F0100501320F92012300E000234BB38C
:1041F0000F9A1378203B102BF8D801A151F823F027
:104200000141012019410120194101200D410120E6
:1042100019410120194101201941012019410120B2
:10422000194101201941012019410120F5400120C7
:1042300019410120E94001201941012019410120C3
:10424000DD4001200B930F9B1A78A2F13003DBB203
:10425000092B18D92A2A1BD0DDF82CB00F9B1A780D
:104260002E2A25D00F9A1378683B122B5CD8DFE8F2
:1042700003F0495BAC5B3B5B5B5B5B5B5B5B575B36
:104280005B5B5B5BB1000FA8FFF7DAFD8346E5E7F8
:104290001A9B1A1D1A921B68002B04DB9B460F9B6E
:1042A00001330F93DAE745F00205C3F1000BF6E79F
:1042B00045F480655A1C0F925A78A2F13003DBB2A4
:1042C000092B0CD92A2ACDD11A9B1A1D1A921C68C7
:1042D00024EAE4730B930F9B01330F93C2E70FA8FB
:1042E000FFF7AEFD0B90BDE745F48071531C0F93B3
:1042F00053786C2B01D00D4616E045F44075023220
:104300000F9211E045F08001531C0F935378682BF6
:1043100001D00D4608E045F0C00502320F9203E0DF
:1043200045F4807501320F920F9B1878672856D894
:104330002528C0F04F82A0F12503422B00F24A82CB
:10434000DFE813F03D0248024802480248024802F2
:10435000480248024802480248024802480248020D
:1043600048024802480248024802480248024802FD
:1043700048024802480248024802480248024802ED
:104380004802480293017C01930148024802480216
:1043900048024802480248024802480248024802CD
:1043A0004802480248024802480271004802480296
:1043B0004802480248024802480248024802710086
:1043C0009601710093017C01930145F4007501325F
:1043D0000F92A9E745F4807501320F92A4E778287F
:1043E00000F2F8816928C0F0F581A0F16902D2B22B
:1043F0000123934049F24102134214D113F0800F7C
:1044000040F0C28113F4806F00F0E4811A9B1A1D02
:104410001A92D3F800A00B9B002B40F077814FF04D
:10442000FF32534658E16F280CD005D858283CD0AD
:10443000622803D1022306E0782838D025F0100541
:104440000A2300E00823582833D0692803D06428C1
:1044500001D025F00C0515F4806F01D025F0010581
:10446000692829D0642827D015F4007F40F0948073
:1044700015F4807F40F0AC8015F0400F00F0BD8057
:104480001A9A111D1A9112780595CDF810B00B9952
:10449000039102930023019300923B463246494622
:1044A0004046FFF7BAFD064627E01023CBE710236E
:1044B000C9E745F02005C8E715F4007F21D115F4C0
:1044C000807F42D115F0400F58D01A9A111D1A91D1
:1044D000127882EAE271A1EBE2710595CDF810B095
:1044E0000B9803900293D20F019200913B46324603
:1044F00049464046FFF791FD06460F9B01330F9357
:1045000041E61A9A073222F0070202F108011A91D5
:10451000516812680846002913DB0895CDF81CB0D5
:104520000B9C0694049300230593C90F02910092FB
:1045300001903B46324649464046FFF7B8FD0646E5
:10454000DBE7524261EB4100E7E71A9A111D1A912D
:10455000126882EAE271A1EBE2710595CDF810B024
:104560000B9803900293D20F019200913B46324682
:1045700049464046FFF751FD0646BEE715F0800F5D
:1045800005D01A9A111D1A91B2F90020A1E71A9AC2
:10459000111D1A9112689CE71A9A073222F007023D
:1045A00002F108011A910895CDF81CB00B990691FB
:1045B0000021049305910291D2E90023CDE9002363
:1045C0003B46324649464046FFF771FD064694E7B2
:1045D0001A9A111D1A910595CDF810B00B990391F7
:1045E000029300230193136800933B4632464946E9
:1045F0004046FFF712FD06467FE715F0800F04D016
:104600001A9A111D1A9112883EE71A9A111D1A91D1
:10461000126839E7551C3B4649463F20C0470134E4
:104620002A46012CF6DD16461A9B073323F00703B2
:1046300008331A930F9B01330F93A4E500243246ED
:10464000EFE7551C3B4649463F20C04701342A4608
:10465000012CF6DD16461A9B073323F007030833B7
:104660001A930F9B01330F938DE500243246EFE739
:1046700015F002051DD001241A98031D1A9306F1A6
:10468000010A3B46324649460078C047A5B90F9B10
:1046900001330F93564676E502F1010A3B4649463F
:1046A0002020C047234652465C1C9B45F4D8164642
:1046B000E2E701233246F7E7524606E0561C3B4646
:1046C00049462020C0472C463246651CA345F5D8F4
:1046D0009246DCE701330A46197811B1511E002ACF
:1046E000F8D1A3EB0A0315F480620C9203D00B9A65
:1046F000934228BF134615F0020409D00D94CDF85B
:1047000038B00B9D32460C9E9B461FE00B9A88E604
:104710003246264606E0541C3B4649462020C04708
:104720002B4622465D1C9B45F5D834462B460D94FE
:10473000CDF838B00B9D0C9E9B4607E01D460AF154
:10474000010A541C3B464946C04722469AF80000DD
:1047500020B1002EF3D06B1E002DEFD10D9C16461C
:104760005B46DDF838B054B90F9B01330F930AE56F
:10477000551C3B4649462020C04723462A465C1C20
:104780009B45F5D81646EFE745F021051A9B1A1D03
:104790001A921B680595082204920B9A0392102224
:1047A00002920022019200933B463246494640461F
:1047B000FFF733FC06460F9B01330F93E3E4741CB1
:1047C0003B46324649462520C0470F9B01330F9395
:1047D0002646D8E4741C3B4632464946C0470F9BE8
:1047E00001330F932646CEE4DFF81C80CAE4BE42B4
:1047F00008D37A1E3B4649460020C047304611B0D8
:10480000BDE8F08F3246F5E75D3D012000B583B08D
:10481000009313460A4601460248FFF7A9FC03B07D
:104820005DF804FB553D012000B585B00290039171
:10483000009313464FF0FF3202A90348FFF798FC9C
:1048400005B05DF804FB00BF5F3D012000BEFDE741
:1048500008B5FFF7FBFF000000B583B08C46194692
:104860005AB11446064B019400936346024605482C
:1048700000F0DCF80120FFF7E9FF034B1C46F2E7EC
:10488000EC9C0120FC9C01207894012010B5EFF3F2
:104890000583DBB203B100BEFFF7C2F9044C02E0AE
:1048A00054F8043B9847034B9C42F9D310BD00BF1A
:1048B000C4C20120CCC20120F8B507460D461646F9
:1048C000437D13B1002420460CE0036811462846BE
:1048D00098472EE03B7D10E03B6802211548984741
:1048E000601C0134B44214DA002CF3DD2B1913F8E8
:1048F000013C0D2B14BF002301232A5D0A2AF0D1AD
:10490000002BEED1A042E7DA3B68211A28449847F1
:10491000E2E7B04203DA3B68311A28449847002E98
:1049200007DD354415F8013C0D2B14BF002301238E
:104930003B75F8BD5CBB012038B50368BBB10546CB
:104940000B4B1C6806E0294651F8042B2046FFF764
:10495000B3FF24694CB12368002BFAD0054B1B68C8
:10496000002BF0D0A342F4D1EDE700232B6038BD3B
:10497000F0060220E00A022038B505460C460B6816
:10498000802B05D023685A1C22601C44257138BD39
:104990000846FFF7D1FFF5E708B5FEF703FD074A24
:1049A000821841F10003002B03DB054803F04AFBAA
:1049B00008BD4FF0FF326FF00043F6E740420F00B2
:1049C00080C2012008B5024803F07EFB08BD00BF8D
:1049D00080C2012010B5054B1C6801E0984724698E
:1049E0001CB16368002BF9D1F9E710BDF006022075
:1049F00070B5A2B004460E46FFF7CEFF0546002371
:104A000001933346224601A90748FFF70DFF0446EC
:104A100001A8FFF791FFFFF7DDFF15B9204622B08F
:104A200070BDFFF7CFFFF9E7A54801200FB400B52F
:104A300083B004A951F8040B0191FFF7D9FF03B02B
:104A40005DF804EB04B0704703BD10B50446FFF7F2
:104A5000EFF8A04710BD4FF050431B6D13F0020F4D
:104A6000F9D04FF05043586540BF704700E020BF79
:104A70004FF050431B6D13F0010FF8D04FF050432F
:104A8000986D704710B5134B4FF080725A60124BFF
:104A90005B6813F0807FFAD01920FEF757F80446C0
:104AA00000211920FEF772F80C4B00225A700C4BB3
:104AB0004FF080725A60FFF7D9FF20B921461920C4
:104AC000FEF764F810BD074B074A86210748FFF739
:104AD000C3FE00BF00A0014000800140B8240220B6
:104AE00000B00140EC9D012084BB0120549D0120B9
:104AF0002DE9F04186B004460F4690461920FEF796
:104B000025F8064600211920FEF740F800250095FB
:104B1000019501230293CDF80C80049705940DE0D4
:104B20004FF050439B6D4FF050431B6D13F0010F3E
:104B3000F6D140BF09E00135052D0FD806AB03EBD8
:104B4000850353F8184C002CEDD02046FFF783FF67
:104B5000FFF78CFF8442EED00025EDE731461920A7
:104B6000FEF714F806B0BDE8F081000008B512F0B9
:104B7000030F11D122F003028B180A4A926843F8FE
:104B80000C0C43F8081C084943F8041CA3F10C0161
:104B90000648FFF7ADFF08BD054B064A8E210648C3
:104BA000FFF75AFE00ED00E077490120754901202A
:104BB000F89D012060BB0120549D012008B5064AE4
:104BC000064B9A4205D311464FF40062FFF7CEFF21
:104BD00008BD4FF0FF31F7E700080820000008206B
:104BE00000B583B00146054B00930F230022044813
:104BF000FDF797FE03B05DF804FB00BF68A001203D
:104C0000E82107200022026042608260C2604FF407
:104C1000803202604FF4F83242604FF480228260AA
:104C20004FF4402282607047D0F868311BB111F018
:104C3000010F05D133B911F0040F05D000207047E2
:104C400000207047012070470120704708B5C979DE
:104C5000FFF7EAFF08BD000070B504460D46164692
:104C6000FFF7F4FFD0B195F90530002B01DBB3421B
:104C700017D104F12F4000F56000000D0A4B53F8E6
:104C800020102A7901239340013B03FA06F20A42DD
:104C900001D1002070BD6FF00800FBE76FF00A0043
:104CA000F8E76FF00A00F5E760D00120F8B5064696
:104CB0000D461746FFF7D0FF28BB034608E00CEB74
:104CC000070403EB070C0CF1120C46F82C400133DF
:104CD0002A799A4207D92A6832F813C0BCF5005FD6
:104CE000EDD36446EDE701239340013B06F12F46E7
:104CF00006F56006360D044951F82620BB401A43DC
:104D000041F826203846F8BD60D0012010B50A7958
:104D1000202A19D800F12F4000F56000000D154B36
:104D200053F8204001239340013B91F905100029DD
:104D300010DB0846C2F12002914218DC8B4023426E
:104D400001D04FF0FF3010BD0B4B0C4A43210C48F3
:104D5000FFF782FDC2F12000002805DB03FA00F214
:104D60002242F0D00138F7E76FF00800EBE74FF090
:104D7000FF30E8E760D0012088A00120D8BB0120E7
:104D8000B4A0012010B582B000F12F4000F5600002
:104D9000000D8400074B0093E31C22460648FDF7F4
:104DA000C0FD844202DC001B02B010BD4FF0FF309A
:104DB000FAE700BF44A1012054060220F8B50546D9
:104DC0000E46FDF779FD074631462846FFF79EFF60
:104DD000041E04DA3846FDF781FD2046F8BD224660
:104DE00031462846FFF762FF0446F3E7F0B59DF829
:104DF0001470D0F86841121B1F2A43D801EB4104FC
:104E000000EBC404D4F8DC60D4F8CC5001EB4104CE
:104E1000E400C834044404F540544FF4003CC4F8A2
:104E200004C017B14FF01F0E15E04FF0000E12E056
:104E3000540144F0A05401EB410C00EBCC0CCCF835
:104E4000DC404EF4604444F08004CCF8D840053B8C
:104E5000053202F01F02052BEAD8520142EA8363B1
:104E600001EB410200EBC202C2F8DC304EF46043B9
:104E700043F08003C2F8D830C2F8DC60C2F8CC50EE
:104E80000020F0BD6FF00400FBE770B584B005466C
:104E90000C46164602680121A14022EA0102026086
:104EA000ABB31A46196804EB440300EBC303C3F821
:104EB000C8109168C3F8D0105168C3F8CC10D268FC
:104EC000C3F8DC2004EB4403DB00D0332B4403F5B0
:104ED00080534FF000421A601A604FF00133A34034
:104EE000AB60221D012303FA02F205F500510A60AE
:104EF00004F1080293400B6006F01F0604EB440423
:104F000005EBC405C5F8D860002004B070BD684644
:104F1000FFF778FE04EB440305EBC303009AC3F8E4
:104F2000C820029AC3F8D020019AC3F8CC20039A73
:104F3000C3F8DC20C6E70000074B98420AD01323D1
:104F400001229A40054B1A60054B9B6832EA030325
:104F5000FAD170471223F3E7000008400030024006
:104F60000000024070B505460C460620FEF7E0FC46
:104F7000AE465EF8046F06F002060EF540520223BC
:104F80001360FE2B09D81A02A2FB042190424FF0B5
:104F900000028A4104D30233F3E74FF4807101E049
:104FA0004FF48071012909D901F1FF3C03FB0CF298
:104FB000B0FBF2F2A24201D86146F3E72B614C1E2E
:104FC0002A6882EA042202F47F4205F580552A60AD
:104FD0000EF5005ECEF8006001FB03F3B0FBF3F0CA
:104FE00070BD000038B504460D46164B984226D0D9
:104FF000132201239340144A13602046FFF79CFFBD
:1050000029462046FFF7AEFF234653F8041F01F060
:10501000020103F5405202251560226882F0070262
:1050200002F0CF0204F5805CCCF8002003F50053B9
:10503000196004F50054032262621D6038BD12221B
:10504000D7E700BF0000084000200240074B834222
:105050000AD0052301229A40054B1A60054B9B6834
:1050600032EA0303FAD170470423F3E724C1012095
:1050700000300240000002402DE9F04F85B00746A5
:10508000924601939DF838200F9EDDF8408003681A
:105090000025DD660368596003680121D966A946C9
:1050A00002952C46039227E03B79002B32D0012356
:1050B00030E0039A0AB1002230E001222EE0002104
:1050C0004046B0470543EDB238B93B685B6B13F01F
:1050D000100F02D1002EF2D1F6E7044640B93B682A
:1050E000D3F88020029212BB002D32D1CB4521D0C3
:1050F000002D37D109F10109019B994532DA019B55
:1051000003F1FF3B16B101214046B047B9F1000F52
:10511000CAD000239B02CB45CBD0002243EA4223D6
:105120001AF8011B3A680B4313612046D2E75B6D06
:1051300001250EE0039B002BDAD10AE00021404656
:10514000B0470543EDB238B93B685B6B13F4007FA1
:1051500002D1002EF2D1F6E704460028C8D13B6800
:105160001B6EC5E7039A45B164B9029B6BB113F09E
:10517000010F0DD113F0080F0DD03A71484605B05C
:10518000BDE8F08F6FF00109F7E74FF0FF39F4E762
:105190004FF0FF39F1E74FF0FF39EEE72DE9F04F1F
:1051A00083B0054600929A469DF8303001930D9FDA
:1051B000DDF8388003680024DC6603685960036802
:1051C0000122DA66A1462646D1453FDA0AF1FF3BC5
:1051D00017B101214046B8472B685A6F102AFBD0FF
:1051E000B9F1000F0AD000229202CB450BD000216A
:1051F00042EA412242F480721A6117E02A79002AB9
:10520000F2D00122F0E7019909B10021F0E7012174
:10521000EEE75B6D01242FB100214046B8470646FA
:105220000443E4B294B92B689A6F3AB92B68D3F867
:1052300080205A6B12F0400FEDD0EAE71A69009B0C
:1052400003F8012B09F101090093BDE714B13EB148
:105250006FF00109019B2B71484603B0BDE8F08F48
:105260004FF0FF39F6E70000F8B504460D4605207B
:10527000FEF75EFB00EB5502B2FBF5F202EB420CCF
:10528000244BA3FB0C139F08A2EB9306224B9D42D9
:1052900021D800EB40032149A1FB03139B0D0133EF
:1052A000B91E99421FD321680025CD6621680D687B
:1052B00085F0040505F0060501F580510D602168B3
:1052C000CE6121680F62BCF14F0F12D91149A1FBC9
:1052D0000C5189090EE000EB40031149A1FB0313B7
:1052E000DB0D0133DCE70F4B0F4A5D210F48FFF761
:1052F000B3FA01212568C5F8A0102168CD6F6B4075
:105300009BB201F58351CB6123680121D966B0FBC3
:10531000F2F0F8BDCDCCCCCC3F420F006BCA5F6B36
:10532000893BE65568A10120F0BB012088A101203E
:1053300038B504460D46114B98421CD00522012376
:1053400093400F4A13602046FFF780FE002323712D
:105350002268D366226840F2651111602268D36327
:105360002268936323680322C3F8882029462046D5
:10537000FFF77AFF38BD0422E1E700BF24C1012016
:10538000002002402DE9F04188B004460D46164643
:105390001F460DF11008DDE910234046FDF74AFFD6
:1053A000CDF8088001909DF8383000933B46324696
:1053B00029462046FFF760FE08B0BDE8F0812DE9E0
:1053C000F04188B004460D4616461F460DF1100800
:1053D000DDE910234046FDF72DFFCDF80880019050
:1053E0009DF8383000933B46324629462046FFF769
:1053F000D5FE08B0BDE8F08110B400F07F044FEA9C
:10540000440C0CEBD01C284B03EB4C139870C009D8
:105410000CBF4FF0010C4FF0000C83F801C04FF0AF
:10542000000C83F803C01983DA76D8B9E3001F4A69
:105430001A4400EB44011C4B03EB41139A6000EB50
:105440004402194B03EB42139B6800221A609CB97B
:1054500000EB4400144B03EB40104260144BC3605C
:1054600010BC7047134A02EBC40200EB44010E4B20
:1054700003EB41139A60E2E750B9631EDB000E4A6A
:105480001A4400EB4400084B03EB40135A60E7E773
:10549000631E0A4A02EBC30200EB4400024B03EB1B
:1054A00040104260DCE700BF301102208400105041
:1054B00000011050800010500C00105008001050D7
:1054C00008B5038B3F3323F03F03C27E022A08D086
:1054D00008490A68C26013440B60074A934202D825
:1054E00008BD5B00F4E7054B054A52210548FFF76C
:1054F000B3F900BFF0240220FF0F105018A20120C2
:1055000034BC01205CA2012070B500F07F054FEA99
:10551000450C0CEBD0130C4C04EB4314FFF76CFF61
:1055200005B970BD218B2046FFF7CAFFE27EE36814
:1055300083F0A04383F4801343EA826343F0004383
:1055400062681360EDE700BF3011022008B500F07B
:105550007F035B0003EBD010024B03EB401000F025
:105560001BF908BD3011022008B520B901210E2019
:10557000FDF70CFB08BD034B034A40F297110348AB
:10558000FFF76AF918A3012024BC01205CA20120C6
:1055900008B528B9002211468020FFF7D7FF08BDC3
:1055A000034B044A40F2A1110348FFF755F900BF2D
:1055B00018A3012014BC01205CA20120024B4FF46F
:1055C0008032DA64704700BF0020115070B548BBCC
:1055D000064600F0C1F8174C0C23A367FF221649BA
:1055E0000E20FDF715FB40252A460021134802F046
:1055F000E5F9002229461046FFF786FF00222946DA
:105600008020FFF781FF02F097FF012525644FF00E
:105610000053E3640A4BC4F890303046FFF7CEFFE6
:10562000284670BD074B084A40F263110748FFF750
:1056300013F900BF00001150358501203011022000
:1056400010D0010018A3012048BC01205CA2012059
:10565000044B197021B1044B4FF40032C3F8902071
:10566000704700BF21220720002011500B7813F053
:105670007F0F02D14B78052B00D070474B88DBB2EF
:10568000014A1360F9E700BF00001150CA7802F028
:105690000302012A09D008B50B468988C1F30A0123
:1056A0009878FFF731FF012008BD0020704708B54A
:1056B00002F042FF08BD000010B530B9084611469F
:1056C0001A46FFF743FF012010BD034B034A4FF476
:1056D00001710348FFF7C0F818A3012004BC0120A2
:1056E0005CA2012008B511F07F0304D1CA090ED1D4
:1056F0000220084A90665B0003EBD1134FF400626E
:105700000021054800EB431003F02AF908BD0120F1
:10571000EFE700BF002011503011022008B511F052
:105720007F0300D108BD5B0003EBD113044800EBFD
:1057300043100022C2706FF4006103F011F9F1E729
:105740003011022004E011F8012B00F8012B1A4659
:10575000531E002AF7D1704708B54FF080530A4A0C
:10576000136002F580521360084B9B6813F0805F52
:10577000FAD04FF480520021054802F01FF9054B82
:1057800009225A6708BD00BF002002400000024005
:10579000000010500000115070B504460D4616462A
:1057A000837EABB9A6820023E3820123A376256121
:1057B000204603F051F820B10B4B4FF40032C3F8F0
:1057C0009020204603F05EF850B10123237770BD8E
:1057D00081780648FFF72AF9204603F0BAF8E1E796
:1057E000204603F0E3F8F2E70020115054A4012012
:1057F0000020704738B50546002408E0E31A1A4A2D
:1058000002EB4313DB68284698470134E4B2174B98
:105810001B78A34215D3A342F0D9154B1B6813EB99
:105820004413EFD140F2252212491348FFF7FEF846
:105830004FF0E023D3F8F03D13F0010F13D000BE7A
:1058400011E00E4C54220021204602F0B7F84FF030
:10585000FF336360A360E36023612022FF2104F132
:10586000140002F0ABF838BD1CBD01202022072037
:105870009CC90120E8BC01208CA4012044CF012058
:1058800008B5FFF7B7FF00F037FF08BD70B5054654
:105890000C461646486900F039FF6369324601211B
:1058A0002846984770BD00002DE9F04F83B081462F
:1058B000481EC0B2EFF778FC20B1824643780193CE
:1058C000022B11D040F2D6325F496048FFF7AEF8A4
:1058D0004FF0E023D3F8F03D13F0010F00D000BEED
:1058E000002003B0BDE8F08FC279C2F34010584BDE
:1058F000197860F304111970C2F38012C9B262F30F
:10590000451119700AF10908BAF802309A4477E093
:1059100098F803B098F80030984479E040F2F132FA
:1059200049494A48FFF782F84FF0E023D3F8F03DA9
:1059300013F0010F00D000BE0020D2E7E31A454D5E
:1059400005EB43152B693A464146484698470646BB
:10595000082801D987421CD20134E4B23E4B1B789F
:10596000A34249D3A342E9D93C4B1D6815EB44152A
:10597000E8D140F2FA3234493448FFF757F84FF093
:10598000E023D3F8F03D13F0010F00D000BE00205B
:10599000A7E7BBF1010F11D00022934525D998F854
:1059A00002301344DBB22A4919440979FF290CD18A
:1059B00027490B441C710132D2B2EEE72A69284B09
:1059C0009A42E9D1DDF804B0E6E740F219421E49F7
:1059D0001E48FFF72BF84FF0E023D3F8F03D13F00B
:1059E000010F00D000BE00207BE72346324641462F
:1059F0001C4801F0ABFBB044174B1B78A34210D3FB
:105A0000D0451ED298F801300B2B81D04FF0010BFE
:105A100098F80130042B81D1AAEB0807BFB200240B
:105A20009CE74FF4856208490848FEF7FFFF4FF0F6
:105A3000E023D3F8F03D13F0010F00D000BE0020AA
:105A40004FE701204DE700BFBCBC01208CA4012022
:105A500044CF01201CBD0120202207209CC9012029
:105A6000E16A012058CF012070477047002070473D
:105A7000002070470020704738B505460C464B881B
:105A80001A0AD8B2531E0E2B64D8DFE803F0082D93
:105A90004E6363592D636363636363632200EFF7AF
:105AA0007FFB024628B112232146284600F0CEFD96
:105AB00051E040F23A422C492C48FEF7B7FF4FF034
:105AC000E023D3F8F03D13F0010F00D000BE00201A
:105AD00041E0FFF7CBFF024600283DD04388214636
:105AE000284600F0B3FD36E0022A09D0FFF7C2FFD6
:105AF000024698B353882146284600F0A7FD2AE0C5
:105B0000EFF752FB02460028F4D140F261421649F9
:105B10001648FEF78BFF4FF0E023D3F8F03D13F06B
:105B2000010F00D000BE002015E0A188EFF740FB78
:105B30000246A8B103782146284600F087FD0AE016
:105B4000FFF796FF024668B103782146284600F029
:105B50007DFD00E0002038BD0020FCE70020FAE7D2
:105B60000020F8E70020F6E7A4BC01208CA4012067
:105B700070477047024B5878003818BF01207047B3
:105B800044CF0120024B1878C0F38000704700BF5B
:105B900044CF0120024B1878FF3818BF012070470E
:105BA00048C10120F8B506460D46FFF7F3FF07464A
:105BB000002852D105B354220021364801F0FEFEE0
:105BC000354B00221A70354C2046FDF779FA344BDC
:105BD0001C60344C2046FDF7BDFA143C204601F011
:105BE0001BFD314B1C60314B23B13148AFF30080BA
:105BF000304B1860002417E04FF4E9722E492F480B
:105C0000FEF714FF4FF0E023D3F8F03D13F0010F3F
:105C100023D000BE21E0E31A294A02EB43135B685C
:105C20006BB198470134E4B2214B1B78A34216D3E1
:105C3000A342F0D91F4B1B6813EB4413EFD14FF471
:105C4000F8721D491D48FEF7F1FE4FF0E023D3F82E
:105C5000F03D13F0010F00D000BE3846F8BD194BDF
:105C60001E7029463046FFF7B1FC074618B1304692
:105C7000FFF77AFCF1E74FF4FC720F490F48FEF78B
:105C8000D5FE4FF0E023D3F8F03D13F0010FE4D040
:105C900000BEE2E744CF0120222207203CCF0120B2
:105CA00098CF012040C101209CCF012000000000BE
:105CB000202207209CC901200CBD01208CA40120BA
:105CC0001CBD012048C1012070B51A4B1E788B788D
:105CD00013F0700F0ED10C46174B9978204601F047
:105CE000C5F90546B0B121463046FFF7CFFC054661
:105CF000284670BD40F20B5210491148FEF796FE3F
:105D00004FF0E023D3F8F03D13F0010F00D000BEB8
:105D10000025EDE740F20C5208490948FEF786FEDF
:105D20004FF0E023D3F8F03D13F0010FE0D000BEB8
:105D3000DEE700BF48C1012044CF012074BC012030
:105D40008CA401202DE9F84F80460C4616461F46CC
:105D5000DDF82890DDF82CA0002526E040F2E7428F
:105D60001F492048FEF762FE4FF0E023D3F8F03DD4
:105D700013F0010F00D000BE4FF0000B5846BDE8F5
:105D8000F88F4FF49D6216491648FEF74FFE4FF00C
:105D9000E023D3F8F03D13F0010FEFD000BEEDE7A4
:105DA0008AF8003023781C440135AE4214DD637854
:105DB000052BD3D1E17801F00301B942CED12146C0
:105DC0004046FFF781FF83460028DAD0A378DA093E
:105DD000E6D189F80030E5E74FF0010BCEE700BFD0
:105DE00084BC01208CA4012008B501F07F00400094
:105DF00000EBD1103030044B1844044B19680430C8
:105E000001F0EEF808BD00BF44CF012098CF01207B
:105E100008B501F07F00400000EBD1103030044B9A
:105E20001844044B1968043001F002F908BD00BFA2
:105E300044CF012098CF012070B51F48007801F0B1
:105E40007F051E4C04EB450C0CEBD11C9CF8344038
:105E500014F0010F1FD1CE09184C04EB4504344453
:105E600094F834C04CF0010C84F834C03034FFF79F
:105E700023FCF8B9227922F001022271227922F062
:105E8000040222714FF0E023D3F8F03D13F0010F2C
:105E900010D000BE0EE040F2395209490948FEF721
:105EA000C5FD4FF0E023D3F8F03D13F0010F00D013
:105EB00000BE002070BD00BF48C1012044CF0120BA
:105EC00064BC01208CA4012038B501F07F05CC0909
:105ED0000A4B1878FFF706FC094B03EB45032344F4
:105EE00093F8342042F0020283F8342093F83420EF
:105EF00042F0010283F8342038BD00BF48C10120C0
:105F000044CF012038B501F07F05CC090A4B187841
:105F1000FFF704FC094B03EB4503234493F83420BB
:105F200022F0020283F8342093F8342022F0010298
:105F300083F8342038BD00BF48C1012044CF012080
:105F400001F07F02044B03EB420303EBD11191F804
:105F50003400C0F34000704744CF01202DE9F041E8
:105F600082B006460C46002000F0D0FB237803F0F8
:105F70006003602B21D0402B32D0227802F01F0228
:105F8000012A00F00181022A00F04181002A40F03C
:105F9000C781202B2ED0002B4CD16378092B00F227
:105FA000E880DFE813F0D300C300E600B300E600AA
:105FB0005100AD00E60060006D004FF43572B1494C
:105FC000B148FEF733FD4FF0E023D3F8F03D13F076
:105FD000010F00D000BE0025284602B0BDE8F081C8
:105FE000AA4800F093FB224601213046FFF700FC4F
:105FF0000546F1E7A388DBB20F2B00F29B81A44A90
:1060000013441B79A34A1278934206D2A24A11681C
:1060100011EB431108D10025DEE7934200F28C8199
:106020009B1A9E4901EB431122463046FFF72EFC96
:106030000546D1E74FF0E023D3F8F03D13F0010F10
:1060400000D000BE0025C7E7204600F065FB618850
:10605000C9B23046FFF79CFA8D4A137843F0020329
:1060600013700125B8E78A4B5B788DF80630012361
:106070000DF106022146304600F0E8FA0125ABE7B3
:106080006588EDB2824B5B78DBB2AB4232D0804B9D
:106090005B785BB97E4B5D7055B329463046FFF7A0
:1060A00003FC054690B1EFF72BF823E000213046C2
:1060B000FFF7CEFA3046FFF7FAFA754F97F80280ED
:1060C0003046FFF797FB87F80280E3E74FF4497209
:1060D0006C496D48FEF7AAFC4FF0E023D3F8F03D81
:1060E00013F0010F00D000BE694B00225A7073E715
:1060F000EFF70CF82146304600F094FA01256BE7E3
:1061000021463046FFF7B8FC054665E76388012B5A
:1061100001D0002560E75E4A137843F0080313704E
:106120002146304600F07EFA012555E76388012BB1
:1061300001D0002550E7564A137823F00803137066
:106140002146304600F06EFA012545E7504B1B789A
:106150009A08C3F3401302F002021343ADF806306D
:1061600002230DF106022146304600F06FFA0125A8
:1061700032E74FF0E023D3F8F03D13F0010F00F0C9
:10618000DD8000BE002527E7A388DBB20F2B00F2DD
:10619000D7803F4A13441B793E4A1278934222D259
:1061A0003D4A116811EB431100F0CC802246304685
:1061B000FFF76CFB054600287FF40EAF237813F041
:1061C000600F7FF409AF63780A3B012B3FF604AF01
:1061D00000F09CFA63780A2B0DD02146304600F07F
:1061E00021FA0125F8E6934200F2AE809B1A2B4972
:1061F00001EB4311DAE700238DF8063001230DF19E
:1062000006022146304600F021FA0125E4E6A28884
:10621000D1B202F07F05C2F3C01012F0700F17D197
:106220001B4A02EB45020244127D1A480078824262
:106230001ED21948056805EB42158BB3002D00F0FE
:106240008580224629463046FFF720FB0546C3E6F7
:1062500040F295320B490C48FEF7E8FB4FF0E02383
:10626000D3F8F03D13F0010F00D000BE0025B3E6D7
:10627000824204D8121A094D05EB4215DDE70025CC
:10628000DBE700BFD0BC01208CA401201D570120FA
:1062900044CF0120202207209CC901201CBD0120E1
:1062A0006378012B10D0032B0ED07BBB3046FFF759
:1062B00047FEADF8060002230DF1060221463046E6
:1062C00000F0C4F9012587E6628822B9012B19D0B4
:1062D0003046FFF7F9FD002D3AD0224629463046D8
:1062E000FFF7D4FA002000F011FA1B4B93F8355059
:1062F00015F001057FF470AE2146304600F092F9AA
:10630000012569E63046FFF7FDFDE4E74FF0E023A5
:10631000D3F8F03D13F0010F00D000BE00255BE67E
:106320004FF0E023D3F8F03D13F0010F12D000BE80
:10633000002551E600254FE600254DE600254BE6F9
:10634000002549E6002547E6002545E6002543E609
:10635000012541E600253FE644CF012010B584B079
:10636000FFF718FC48B904B010BD9DF80400FFF712
:1063700087FA9DF80820854B9A70854B1C686369E5
:10638000EFF3108272B6D3E8CF0F01210028FAD1C3
:10639000C3E8401F0028F6D1BFF35F8FA26101A9B7
:1063A000204601F0E1F86169A3690022C1E88F2F5E
:1063B00083F310880028D6D09DF80530013B072BC9
:1063C00000F2D98001A252F823F000BF97620120A9
:1063D000196301208F640120556401206F6401203E
:1063E00027630120BD630120816401209DF8040022
:1063F000FFF746FAEEF78AFEBFE7664B1B78002BE5
:1064000036D0644A1378013BDBB213701378002B4B
:10641000B3D15E4B1A7842F001021A7093F834201F
:1064200022F0010283F8342093F8342022F0040291
:1064300083F8342093F8352022F0010283F83520C8
:1064400093F8352022F0040283F8352002A99DF844
:106450000400FFF783FD00288FD100219DF8040080
:10646000FFF740F980219DF80400FFF73BF984E72E
:1064700040F2652248494948FEF7D8FA4FF0E02338
:10648000D3F8F03D13F0010F3FF46DAF00BE6AE7A3
:106490009DF8081001F07F00CC093C4B03EB400352
:1064A00003EBD11393F8342022F0010283F8342057
:1064B00093F8342022F0040283F83420A8B1334B3F
:1064C00003EB400323441B7D354A1278934214D2D8
:1064D000344A126812EB431316D09C69039B9DF853
:1064E00009209DF80400A04747E7039B9DF8092079
:1064F0009DF8040000F01EF93FE7934204D89B1A70
:10650000294A02EB4313E8E74FF424722249234857
:10651000FEF78CFA4FF0E023D3F8F03D13F0010FB3
:106520003FF421AF00BE1EE7184B1B7813F0010F9C
:106530003FF423AF154B1878C0F3C000FFF718FBEA
:106540001BE7124B1B7813F0010F3FF416AFFFF758
:1065500010FB12E7029B002B3FF40FAF0398984704
:106560000BE70A4BDB7813F0010F3FF406AF0298FC
:10657000FFF77BFA01E74FF0E023D3F8F03D13F08B
:10658000010F3FF4FAAE00BEF7E600BF44CF012092
:106590009CCF012022220720FCBC01208CA40120DA
:1065A000202207209CC901201CBD012008B591F9BB
:1065B0000030002B05DB802100231A46FFF73CFC4E
:1065C00008BD0021F8E70000F8B50746134B9E8987
:1065D000DD89741BA4B2402C28BF402493F90030FD
:1065E000002B08DB0021AE4213D00D4A234638466B
:1065F000FFF722FCF8BDAE4209D0084B9968402C49
:1066000009D82246064801F05FFB8021EBE7802194
:10661000E9E70022EAE70020ECE700BF04CF012011
:10662000C4CE012008B586460B46074A9446086842
:106630004968ACE8030000219160D181918119463D
:106640007046FFF7B3FF08BD04CF012038B50546FB
:106650008C46264CA64608684968AEE80300A2604E
:106660000021E181BCF806108B4228BF0B46A381B4
:10667000BCF8061029B303B132B12846FFF7A4FFD6
:10668000044680B1204638BD722219491948FEF7E8
:10669000CDF94FF0E023D3F8F03D13F0010F00D017
:1066A00000BE0024EEE7742211491248FEF7BEF93D
:1066B0004FF0E023D3F8F03D13F0010FE2D000BE1D
:1066C000E0E761462846FFF771FF04460028D9D16C
:1066D000762207490748FEF7A9F94FF0E023D3F8DF
:1066E000F03D13F0010FCDD000BECBE704CF012069
:1066F00054BD01208CA40120034B00221A605A6073
:106700009A60DA601A61704704CF0120014B18616A
:10671000704700BF04CF01200146054B1A460068B0
:10672000496803C200229A60DA819A81704700BFEB
:1067300004CF012038B505461C463D4B1B78DB09CC
:10674000B3EBD11F1CD07CB19D223A493A48FEF7E9
:106750006DF94FF0E023D3F8F03D13F0010F00D0B6
:1067600000BE0024204638BD314C2146FEF77EFF96
:1067700023691BB122460321284698470124F1E7EB
:106780002B4B93F90030002B07DB294B986800282E
:106790004CD02246294901F097FA254AD38913FAA9
:1067A00084F39BB2D381916821449160D288934253
:1067B00001D03F2C26D81E4B1B6923B11C4A022155
:1067C00028469847A0B11A492846FFF7EFFE04462D
:1067D0000028C7D1C52217491748FEF727F94FF0FF
:1067E000E023D3F8F03D13F0010FBBD000BEB9E7B2
:1067F00000212846FEF776FF80212846FEF772FF2B
:106800000124AFE72846FFF7DFFE04460028A9D1A0
:10681000CD2208490848FEF709F94FF0E023D3F8E4
:10682000F03D13F0010F9DD000BE9BE7002499E7D7
:1068300004CF01203CBD01208CA40120C4CE012046
:1068400038B50446FFF796F950B90023184633B11E
:10685000204BC82202FB0433DB7843B9002038BD4B
:10686000FFF790F908B90123F0E70023EEE715469A
:1068700004FB05F51035174B1D44284600F05EFE5D
:106880003F2801D80020EAE7124BC82202FB04335C
:10689000D9780020FFF7A8FA0028E0D0284600F0B9
:1068A0004DFE3F280CD90B49C82303FB041140239C
:1068B000094A02EBC412C9780020FFF7BDFACEE7FF
:1068C000044BC82202FB0433D9780020FFF7A0FA5A
:1068D0000020C4E7A4CB0120A0C9012008B5C8232B
:1068E00003FB00F01030024B184400F0F6FD08BD29
:1068F000A4CB012038B50446C82300FB03F31033B2
:10690000084818444FF6FE739A4208D892B200F035
:106910004AFE05462046FFF793FF284638BD4FF64E
:10692000FF72F4E7A4CB012070B50546FFF722F90A
:1069300018B9002343B9002070BDFFF723F908B947
:106940000123F7E70023F5E7C82405FB04F420340E
:10695000224B1C440434204600F0BFFD08B900203F
:10696000EAE71E4BC82202FB053399780020FFF7A7
:106970003BFA08B90020DFE7EE014036184B1E4411
:1069800040223146204600F00EFE0446D8B113499D
:10699000C82303FB05110346324689780020FFF720
:1069A0004BFA08B12046C7E7D5220E490E48FEF73C
:1069B0003DF84FF0E023D3F8F03D13F0010F00D085
:1069C00000BE0020B8E7054BC82202FB05339978CA
:1069D0000020FFF71DFA0020AEE700BFA4CB012086
:1069E000A0C9012084BD01208CA4012070B50546FA
:1069F000C82400FB04F420340C4B1C4404344FF630
:106A0000FE739A420BD892B2204600F000FE064672
:106A1000204600F062FD3F2804D8304670BD4FF696
:106A2000FF72F1E72846FFF77FFFF6E7A4CB0120CE
:106A300008B5C82303FB00F02030034B1844043092
:106A400000F07CFD08BD00BFA4CB01202DE9F04380
:106A500083B04FF448720021244800F0AFFF0027B4
:106A6000234B1F703DE0214EC82407FB04F4351969
:106A7000FF236B714FF4E133AB604FF0000885F8F2
:106A80000C8085F80D800823AB7304F1380104F104
:106A90001000CDF80080012340223144304400F042
:106AA000EBFC04F1780104F1200030440123009351
:106AB00040223144043000F0DFFC04F1B809B14455
:106AC0004846FCF7FDFAC03434442046FCF7F8FA97
:106AD000C5F81C80C5F820902C63C5F834800137B8
:106AE000FFB2032FBFD903B0BDE8F083A4CB0120D0
:106AF000A0CB0120002308E00F4AC82101FB0C2293
:106B00000021116351630133DBB2032B11D89C4682
:106B1000094AC82101FB0322116A106B31B1064AF0
:106B2000C82101FB03220021D16111620028E3D1B9
:106B3000E9E70120704700BFA4CB012038B500254C
:106B400014E0C82305FB03F310330846184400F093
:106B500063FD1BE0C82303FB04F02030134B1844F3
:106B60000121043000F073FD0135EDB2032D1CD876
:106B70002C46C82305FB03F30C4958180022CA50C1
:106B800002710B4B1B7813F0010FDAD0084B1B7806
:106B900013F0020FDED1C82004FB00F02030034BBD
:106BA0001844043000F038FDD4E738BDA4CB0120F0
:106BB000A0CB01202DE9F04182B04B79022B79D195
:106BC00080468B79022B7AD10026032E08D8C82361
:106BD0003C4F03FB0677BB7813B10136F6B2F4E7FE
:106BE000032E05D88B783B700B78CC18092513E061
:106BF00040F2411234493548FDF718FF4FF0E023C9
:106C0000D3F8F03D13F0010F00D000BE002552E094
:106C100023781D44ADB21C446378242B01D19542E6
:106C2000F6D9052B09D06378042B02D163790A2B9E
:106C30001FD03046FFF704FE3DE021464046FFF7F7
:106C400043F830B1A3787B7023781D44ADB21C4467
:106C5000E9E740F253121C491C48FDF7E7FE4FF0EC
:106C6000E023D3F8F03D13F0010F00D000BE002563
:106C700021E021780D44ADB2BB1C0193033700978E
:106C800002231A4621444046FFF75CF810B10E3546
:106C9000ADB2CEE74FF4B1720B490C48FDF7C6FE1A
:106CA0004FF0E023D3F8F03D13F0010F00D000BE09
:106CB000002500E00025284602B0BDE8F08100254F
:106CC000F9E700BFA4CB012078BD01208CA40120EE
:106CD000137803F06003202B79D170B5944600241B
:106CE000032C0DD8C82304FB03F33F4A03EB020E29
:106CF000D25CBCF804309A4202D00134E4B2EFE72F
:106D0000032C66D89CF80130203B032B63D8DFE8C6
:106D100003F0021A264A012903D0032909D00120D1
:106D200058E007230EF108026146FFF78FFC0120AF
:106D300050E02E4B002B50D00EF108012046AFF34F
:106D40000080012046E0012901D0012042E0072314
:106D50000EF108026146FFF779FC01203AE00129B3
:106D600003D0032906D0012034E06146FFF75AFC26
:106D700001202FE0BCF8023013F001010D46C3F3EF
:106D800040068EF804300CBF012100210EF12400D2
:106D900000F05DFC164B13B3324629462046AFF394
:106DA0000080012016E0012903D0032906D001202C
:106DB00010E06146FFF736FC01200BE00D4B83B17C
:106DC000BCF802102046AFF30080012002E0002052
:106DD0007047002070BD0020FCE70120FAE7012089
:106DE000F8E70120F6E700BFA4CB01200000000077
:106DF00000000000000000002DE9F84F80460E461C
:106E00001F460024032C0CD8C823434D03FB045514
:106E1000EA78B24205D0AB78B34202D00134E4B292
:106E2000F0E7032C0AD8A246EB78B34216D0AB7831
:106E3000B34248D001242046BDE8F88F4FF4E672F3
:106E400036493748FDF7F2FD4FF0E023D3F8F03D27
:106E500013F0010F00D000BE0024ECE705F1100B89
:106E6000BAB2304901EBC411584600F0D0FB2E4BAA
:106E7000DBB16B79FF2B18D04FF0000901E009F16D
:106E80000109B94511D26A79264B03EBCA1313F8ED
:106E900009309A42F3D1584600F033FB0028EED176
:106EA00069792046AFF30080E9E7204B1BB15846D3
:106EB00000F027FB18B12046FFF7C2FCB7E72046D9
:106EC000AFF30080F7E71A4B13B12046AFF3008011
:106ED0002046FFF729FD08B10124ACE705F12400A5
:106EE00000F0FBFAA0B9AFB117F03F0F01D00124B9
:106EF000A1E7A9784046FEF777FF044608B90124C8
:106F000099E700231A46A9784046FEF795FF92E7D5
:106F1000012490E701248EE7A4CB012068BD012065
:106F20008CA40120A0C90120000000000000000086
:106F30000000000010B582B051B10A46012824D8E3
:106F40000B7813B323490B54012B2FD001242AE0D3
:106F500001238DF8043000208DF8050001A9FEF70B
:106F600021FE044618B11B4B01221A701BE0472278
:106F700019491A48FDF75AFD4FF0E023D3F8F03DC8
:106F800013F0010F0FD000BE0DE05A221249134832
:106F9000FDF74CFD4FF0E023D3F8F03D13F0010F67
:106FA00000D000BE0024204602B010BD1146FEF7FE
:106FB000F9FD04460028F6D15F2207490748FDF78E
:106FC00035FD4FF0E023D3F8F03D13F0010FEAD088
:106FD00000BEE8E738CF0120B0BD01208CA401201D
:106FE00070B50446037813F001001FD10D462378D5
:106FF000C3F3800613F0040F19D14FF0FF31284678
:1070000001F039F8237813F0010308D1227812F047
:10701000040F09D1237843F0040323700126284686
:1070200001F052F8304602E01E46F8E7002070BD3D
:1070300070B505460C464FF0FF31204601F01BF8B5
:107040002B78C3F3800613F0040F04D1204601F01F
:107050003BF8304670BD2B7813F0010F04D12B782C
:1070600023F004032B70F1E70026EFE708B58388CF
:10707000C3F30A02C37803F00303022B1DD0032BD2
:1070800044D0012B5BD1022905D040F2FF3393425B
:1070900004D3012054E04FF48063F8E7D12229495A
:1070A0002948FDF7C3FC4FF0E023D3F8F03D13F07F
:1070B000010F00D000BE002042E0022903D0402A88
:1070C00015D801203CE0B2F5007F01D1012037E066
:1070D000D8221C491C48FDF7A9FC4FF0E023D3F847
:1070E000F03D13F0010F00D000BE002028E0DB22AD
:1070F00014491548FDF79AFC4FF0E023D3F8F03D12
:1071000013F0010F00D000BE002019E0022904D0C6
:107110004023934204D3012012E04FF48063F8E748
:10712000E12208490848FDF781FC4FF0E023D3F83D
:10713000F03D13F0010F00D000BE002000E0002061
:1071400008BD00BF9CBD01208CA401200A4404E0BE
:107150005DF804FB91F800C0614491421AD291F8A5
:1071600001C0BCF1050FF5D100B591F802C00CF0DB
:107170007F0E00EB4E0E4FEADC1C0EF80C3091F83F
:1071800000C061449142E3D291F801C0BCF1050F07
:10719000F5D1EAE7704703460A4490B2814202D82B
:1071A000B0EB430F03DB5B009BB2C01A80B27047A9
:1071B00010B586460846BEF804C09A420CD3D41ACD
:1071C000A4B224B3A44514D294450CD8A2EB0C026B
:1071D00093B2AEF80A300CE0D41A4FEA4C0111FA1F
:1071E00084F4A4B2EDE7624493B2F2E7A3EB0C039C
:1071F0009BB29C45FAD9DEF80010BEF80620C2F317
:107200000E0202FB031100F05FFD012010BD002003
:10721000FCE72DE9F84304460D469DF82080B0F8C0
:1072200004C0ACEB030080B2A3EB0C0C94441FFA37
:107230008CFCE188C1F30E0EF1461EFB00F71EFB2D
:107240000CFE216809FB0311B8F1000F09D1BFB290
:107250001FFA8EF6904206D309FB02F2284600F090
:1072600033FDBDE8F8833A46284600F02DFD32464E
:107270002168E81900F028FDF3E730B583B09E4699
:10728000BDF81830B0F804C09E4511D3AEEB03042E
:10729000A4B224B3A44507D2F44511D8AEEB0C0E2A
:1072A0001FFA8EF343816446944210D314460EE0D5
:1072B000AEEB03044FEA4C0515FA84F4A4B2E8E7F8
:1072C000E6441FFA8EF3EDE7A3EB0C039BB29C455B
:1072D000FAD99DF81C2000922246FFF79AFF20461B
:1072E00003B030BDF0B583B004460D4616461F46C8
:1072F000006918B14FF0FF3100F0BDFE23896289AB
:1073000092B2019700929BB2324629462046FFF77F
:10731000B4FF05466189024689B2A088FFF73BFFAA
:107320006081206908B100F0CFFE284603B0F0BDAF
:107330002DE9F04104460D469DF818E0B0F804C070
:10734000ACEB030189B2A3EB0C0C94441FFA8CFC48
:10735000C688C6F30E00804610FB01F710FB0CF048
:1073600086B2206808FB0300BEF1000F07D1BFB250
:10737000914206D308FB02F2294600F0A5FCBDE8C5
:10738000F0813A46294600F09FFC3246E919206810
:1073900000F09AFCF3E72DE9F04383B09146002A10
:1073A00068D0044688461F46C06818B14FF0FF31C8
:1073B00000F061FE2689B6B2618989B2E379DB0902
:1073C00018D1A3888E420DD3711A89B28B420FD97E
:1073D0005D1AADB24D4528BF4D46002D42D0A28862
:1073E000334631E0711A5A0012FA81F189B2EDE7A1
:1073F0000025EFE7A5884D4509D8FFB9A9EB050998
:10740000E388C3F30E0303FB09880E46E5E78E42CB
:107410000ED3731A9BB24B44B3EB450F10DBA5EBB5
:10742000090292B22846FFF7B6FE06464D46D4E75B
:10743000731A6A0012FA83F39BB2ECE70E46CCE7AC
:107440004D46CAE79B1A9BB29A42FBD900972A463F
:1074500041462046FFF76CFF2A463146A088FFF7D9
:107460009AFE2081E06808B100F02EFE284603B0A5
:10747000BDE8F0831546F9E7B2F5004F29D8F8B515
:1074800004460F4615461E46C06818B14FF0FF313E
:1074900000F0F1FD206918B14FF0FF3100F0EBFD75
:1074A0002760A580E38866F30E03E380E3799DF807
:1074B000182062F3C713E371002363812381E0681E
:1074C00008B100F001FE206928B100F0FDFD0120A7
:1074D000F8BD002070470120FAE702468088138932
:1074E0009BB2528992B2934205D39B1A9BB29842A7
:1074F00028BF184670479B1A420012FA83F39BB2CA
:10750000F5E7028992B243899BB29A4214BF0020E8
:1075100001207047818803899BB2428992B29342CD
:1075200006D39B1A98B281428CBF0020012070477D
:107530009B1A4A0012FA83F398B2F4E7828803890F
:107540009BB2418989B28B4206D35B1A9BB29A42A5
:1075500008D9D01A80B270475B1A510011FA83F330
:107560009BB2F4E70020704738B504460D46006929
:1075700018B14FF0FF3100F07EFD228963899BB284
:1075800092B229462046FFF713FE0546618902465E
:1075900089B2A088FFF7FFFD6081206908B100F083
:1075A00093FD284638BD08B50023FFF79BFE08BDB4
:1075B000F8B504460E46C06818B14FF0FF3100F030
:1075C0005AFD2589ADB22046FFF7A4FF10B1E77937
:1075D000FF0916D0A2882B4601E09B1A9BB29A4263
:1075E000FBD92068E288C2F30E02314602FB030099
:1075F00000F06AFB01222946A088FFF7CCFD20811C
:107600000127E06808B100F05FFD3846F8BD08B515
:107610000023FFF7C0FE08BD10B50446C06818B1CE
:107620004FF0FF3100F027FD206918B14FF0FF3116
:1076300000F021FD002363812381E06808B100F0A0
:1076400043FD206908B100F03FFD012010BD38B5B1
:1076500004460D46C06818B14FF0FF3100F00BFD35
:10766000206918B14FF0FF3100F005FDE37965F3B3
:10767000C713E371E06808B100F026FD206908B186
:1076800000F022FD012038BD53B94AB9002908BFD6
:1076900000281CBF4FF0FF314FF0FF3000F08CB9D5
:1076A000ADF1080C6DE904CE00F006F8DDF804E059
:1076B000DDE9022304B070472DE9F04F099D0E4625
:1076C00004460F46002B47D18A429446B2FA82F311
:1076D0005AD943B102FA03FCC3F120029F409C40F7
:1076E00020FA02F217434FEA1C461FFA8CFE220CC6
:1076F000B7FBF6F106FB117701FB0EF042EA0742F9
:10770000904208D91CEB020201F1FF3702D29042ED
:1077100000F23C813946121AA4B2B2FBF6F006FB25
:10772000102200FB0EFE44EA0244A64508D91CEBD9
:10773000040400F1FF3202D2A64500F22A8110466D
:1077400040EA0140A4EB0E0400211DB1DC400023FF
:10775000C5E90043BDE8F08F8B4205D90DB1C5E9FD
:10776000000100210846F5E7B3FA83F100294FD163
:10777000B342C0F00281824240F2FF800846002DF1
:10778000E8D0C5E90047E5E7002B40F0AF808A1A52
:107790004FEA1C4E1FFA8CF70121B2FBFEF60EFBDE
:1077A0001620220C42EA004207FB06F090420FD955
:1077B0001CEB020206F1FF382CBF4FF001094FF01D
:1077C0000009904203D9B9F1000F00F0DC80464671
:1077D000121AA4B2B2FBFEF00EFB102200FB07F758
:1077E00044EA0244A7420FD91CEB040400F1FF3223
:1077F0002CBF4FF0010E4FF0000EA74203D9BEF18F
:10780000000F00F0C9801046E41B40EA06409CE7E8
:10781000C1F120048B4006FA01FC00FA01FE22FAB5
:1078200004F7E6408A401F4320FA04F34FEA174862
:1078300043EA0C031FFA87FC4FEA1349B6FBF8F042
:1078400008FB106649EA064600FB0CF9B1450ED963
:10785000BE1900F1FF3A2CBF4FF0010B4FF0000BA7
:10786000B14503D9BBF1000F00F0A2805046A6EB52
:1078700009061FFA83F9B6FBF8F308FB136603FB4E
:107880000CFC49EA0646B4450ED9BE1903F1FF388F
:107890002CBF4FF001094FF00009B44503D9B9F1ED
:1078A000000F00F08280434643EA0040A6EB0C063E
:1078B000A0FB028C66454346E14602D307D1C6458C
:1078C00005D2B8EB02036CEB070C0138E1465DB161
:1078D000BEEB030266EB090606FA04F422FA01F392
:1078E000CE401C43C5E90046002133E702FA03FC01
:1078F000C3F1200299409C40D6404FEA1C4E20FA2A
:1079000002F21FFA8CF7B6FBFEF00A430EFB10667C
:10791000110C41EA064100FB07F68E420ED91CEB22
:10792000010100F1FF382CBF4FF001094FF00009B1
:107930008E4202D9B9F1000F34D04046891B92B271
:10794000B1FBFEF60EFB161142EA014206FB07F1FF
:1079500091420ED91CEB020206F1FF382CBF4FF00A
:1079600001094FF00009914202D9B9F1000F16D078
:107970004646521A46EA00410FE7841A66EB0302B4
:1079800001201746FBE6023E624421E702396244C9
:10799000C1E664440238D3E66444023834E7023E68
:1079A0006244E6E702386144C8E7023B3E447BE7B5
:1079B00002383E445BE700BF704700BF70B58607E2
:1079C00047D0541E002A3ED0CAB2034601E0013C13
:1079D00039D303F8012B9D07F9D1032C2CD9CDB253
:1079E0000F2C05EB052505EB054535D9A4F1100C49
:1079F00003F1100E1A462CF00F064FEA1C1CB64479
:107A0000C2E90055C2E9025510327245F8D10CF1B5
:107A1000010214F00C0F04F00F0C03EB021213D050
:107A2000ACF1040323F003030433134442F8045B72
:107A30009342FBD10CF003042CB1C9B21C4403F8EF
:107A4000011BA342FBD170BD64461346002CF4D148
:107A5000F9E703461446C0E71A46A446E0E700BF2C
:107A6000CAB384460B4630B504460843800719D094
:107A70009CF800000C78A04212D150B3012A28D003
:107A8000E64603E01CEB030F23D010B31EF8010FF2
:107A900011F8014FA2EB0E03A04203F1FF33F1D026
:107AA000001B30BD032A07D8E2E7043A11D01EF0CC
:107AB000803F0ED1032A10D92068194653F8045B81
:107AC000A446A0F1013E0434A8422EEA000EECD0F8
:107AD000CEE7002030BD10467047A4461946C7E7E0
:107AE000032A30B415D941EA000484460B46A407A2
:107AF00004D0541E0FE0043A032A08D91946604600
:107B000053F8044B5CF8045BA542F4D0F1E76046FF
:107B10001946541E7AB1431E0139021901E09A42F6
:107B200009D013F8010F11F801CF6045F7D0A0EB91
:107B30000C0030BC7047002030BC70470A22002186
:107B400000F0ACB80A23002200F086B82DE9F04F0F
:107B500082468E463F4875461EF801BB10F80B4022
:107B600014F00804F7D1BBF12D0F5BD0BBF12B0F44
:107B70006FF0004904BF9EF800B005F1020E33F02B
:107B8000100010D1BBF1300F04D0002B5ED10A23BE
:107B90001F4609E09EF8000000F0DF0058284ED094
:107BA000002B53D108231F460025B9FBF7F62846C2
:107BB00007FB16980EE0ABF1370C63451DDD002D79
:107BC00004DB864202D321D1E0451FDA4FF0FF35B6
:107BD0001EF801BBABF1300CBCF1090FEDD9ABF1D4
:107BE000410CBCF1190FE6D9ABF1610CBCF1190FD6
:107BF00003D8ABF1570C6345E1DC6B1C0AD004B130
:107C000040420AB1CDB91160BDE8F08F07FB00C05A
:107C10000125DDE72223CAF800305AB10EF1FF3109
:107C20004846F0E79EF800B04FF0004905F1020E1B
:107C30000124A4E74846BDE8F08F8146EEE7102313
:107C40009EF801B00EF1020E1F46ADE710231F464D
:107C5000AAE700BFC5BD0120242B02D8012B00D00C
:107C600074E710B500F0EEF816230360002010BD95
:107C700010B5242A084C1346246807D8012A05D0D9
:107C80000A4601462046BDE810405FE700F0DAF8FA
:107C900016230360002010BD50C1012010B5242A16
:107CA000084C1346246807D8012A05D00A46014625
:107CB0002046BDE8104049E700F0C4F816230360F1
:107CC000002010BD50C10120844641EA000313F09A
:107CD000030349D1403A23D30B6803604B684360E8
:107CE0008B688360CB68C3600B6903614B69436138
:107CF0008B698361CB69C3610B6A03624B6A436220
:107D00008B6A8362CB6AC3620B6B03634B6B436307
:107D10008B6B8363CB6BC36340304031403ADBD223
:107D200030320BD30B6803604B6843608B68836011
:107D3000CB68C36010301031103AF3D20C3205D347
:107D400051F8043B40F8043B043AF9D2043208D01D
:107D5000D2071CBF11F8013B00F8013B01D30B888F
:107D600003806046704700BF082A13D38B07B1D049
:107D700010F00303AED0C3F10403D21ADB071CBF1B
:107D800011F8013B00F8013BA4D331F8023B20F885
:107D9000023B9FE7043AD9D3013A11F8013B00F8BE
:107DA000013BF9D20B7803704B7843708B7883706A
:107DB00060467047002301461A46184600F048B84E
:107DC00020F0030110F00300C0F1000051F8043B63
:107DD00000F1040C4FEACC0C6FF000021CBF22FA39
:107DE0000CF213434FF0010C4CEA0C2C4CEA0C4CF7
:107DF000A3EB0C0222EA030212EACC1204BF51F8F0
:107E0000043B0430F4D0C2F1000102EA0102B2FAEC
:107E100082F2C2F11F0200EBD200704738B5074D65
:107E2000074C2C1BA41005D0013C55F8043D984785
:107E3000002CF9D1BDE8384000F046B8CCC2012092
:107E4000CCC20120014B1868704700BF50C101200F
:107E500070B4164D2C681CB365681F2D23DC38B92F
:107E60006B1C00200235636044F8251070BC70471D
:107E700004EB850C0228CCF888204FF00102D4F8DE
:107E8000886102FA05F246EA0206C4F88861CCF875
:107E90000831E5D1D4F88C311343C4F88C31DFE7D5
:107EA000034C2C60D8E74FF0FF30DFE7D8C5012046
:107EB00048C40120024B13B10248FFF77BBF704753
:0C7EC00000000000497D0120F8B500BF63
:107ECC004FF0000C08E0C36813F0020FFBD011F860
:107EDC000C3083600CF1010C9445F4D3704700E036
:107EEC008368C36813F0040FFAD1C36813F0100F42
:107EFC00FBD100E08368C36813F0040FFAD10123AF
:107F0C000362704700B54FF0504393F900E006E070
:107F1C0001680022C1E88F2F83F3108820BF02680C
:107F2C00EFF3108372B6D2E8CFCF0121BCF1000F72
:107F3C00F9D1C2E84C1FBCF1000FF4D1BFF35F8F35
:107F4C0090F90420002AE3DA80F804E001680022AA
:107F5C00C1E88F2F83F310885DF804FB00B503464E
:107F6C000068EFF3108272B6D0E8CFEF5FF0010C2F
:107F7C00BEF1000FF8D1C0E84ECFBEF1000FF3D127
:107F8C00BFF35F8F93F9040000280ADB81B108600E
:107F9C00002019680023C1E88F3F82F310885DF838
:107FAC0004FB4FF0504191F9001019710120F0E7DA
:107FBC000020EEE7F8B51E460368002B27D00446D8
:107FCC0015464FF0504393F900702168EFF3108C75
:107FDC0072B6D1E8CF2F0123002AFAD1C1E8423F73
:107FEC00002AF6D1BFF35F8F94F904E0BEF1000FC5
:107FFC0013DB22680023C2E88F3F8CF310882846DD
:10800C003146FBF7E7F80028DFD000200DE0074BE6
:10801C00074AA6210748FCF719FC277122680023A0
:10802C00C2E88F3F8CF310880120F8BD149A012010
:10803C00F8BA01208099012070B582B00646154629
:10804C001C4601A9FFF78AFF38B99DF904204FF0AF
:10805C00504393F900309A4201D102B070BD2A46C8
:10806C0023463046FFF7A6FFF7E738B504460D4622
:10807C00FBF792F9EB0E4FEA451CBCEB050C63F1D8
:10808C0000039B0043EA9C734FEA8C0C1CEB050C21
:10809C0043F10003DB0043EA5C734FEACC0C10EBBA
:1080AC000C0243EB0103002B03DB2046FFF782FF9E
:1080BC0038BD4FF0FF326FF00043F6E708B50268A9
:1080CC00EFF3108372B6D2E8CFCF0121BCF1000FD1
:1080DC00F9D1C2E84C1FBCF1000FF4D1BFF35F8F94
:1080EC0090F90420002A09DBFF22027101680022AA
:1080FC00C1E88F2F83F3108840BF08BD024B034AA1
:10810C00D5210348FCF7A2FB289A0120ECBA0120E8
:10811C00809901200A4B1B7883B9002209E0930057
:10812C0003F1804303F560231968064B43F82210D2
:10813C0001323F2AF3DD024B01221A70704700BF57
:10814C002E2207207CDB012008B5014B984708BD87
:10815C007DDB0120034B1A6A02609A6A42605B6AFB
:10816C008360704700000D4008B50023DB8A402176
:10817C0044F24640984708B1006808BD034B044AD6
:10818C004FF4B2710348FCF761FB00BF149E012051
:10819C009CBB0120189E012010B5044600F06AF922
:1081AC0000220AE0930003F1804303F58023596811
:1081BC00931C04EB830359600132052AF2D9204643
:1081CC00FFF7C8FF10BD10B50446FFF7CDFF1CB17B
:1081DC000088C0F3033010BD0A20FCE710B504463C
:1081EC000120FFF7F0FF38B92268074B1A6262686A
:1081FC009A62A2685A6210BD034B4FF48052DA6245
:10820C004AF202021A63F6E700000D4008B500229C
:10821C000AE0931C00EB83035968930003F180433D
:10822C0003F5802359600132052AF2D9FFF7D6FFF6
:10823C0008BD00002DE9F0438BB00B18B3F5800F8F
:10824C0053D8804689460023DA8A002343E800F39A
:10825C0013F4800F4FD1102144F24960904705462A
:10826C000023DA8A002343E800F313F4800F48D18B
:10827C00102145F64500904704460023DA8A002376
:10828C0043E800F313F4800F41D1102144F2525013
:10829C00904707460023DA8A002343E800F313F4DF
:1082AC00800F3AD1102144F2463090470646002DFB
:1082BC0039D0002C37D0002F35D0002E33D0FFF71B
:1082CC0029FF01A8FFF768FFA847A047D8234FF460
:1082DC00803249464046B847B047FFF735FF01A802
:1082EC00FFF794FF0BB0BDE8F083124B124AC1218B
:1082FC001248FCF7ABFA042144F24960904705465A
:10830C00AEE7042145F6450090470446B5E7042145
:10831C0044F2525090470746BCE7042144F24630E1
:10832C0090470646C3E7064B034AC9210348FCF7AE
:10833C008DFA00BF189F0120C4BB0120189E01209C
:10834C00449F01202DE9F0478AB01318B3F5800F34
:10835C0052D880468A4691460023DA8A002343E8A5
:10836C0000F313F4800F4DD1102144F24960904773
:10837C0005460023DA8A002343E800F313F4800F48
:10838C0046D1102145F64500904704460023DA8A71
:10839C00002343E800F313F4800F3FD1102145F282
:1083AC005200904707460023DA8A002343E800F383
:1083BC0013F4800F38D1102144F246309047064612
:1083CC00002D37D0002C35D0002F33D0002E31D0DB
:1083DC00FFF7A0FE01A8FFF7DFFEA847A0474A461B
:1083EC0051464046B847B047FFF7AEFE01A8FFF72D
:1083FC000DFF0AB0BDE8F087114B124AE02112487C
:10840C00FCF724FA042144F2496090470546B0E792
:10841C00042145F6450090470446B7E7042145F290
:10842C00520090470746BEE7042144F2463090477D
:10843C000646C5E7054B034AE8210348FCF706FA54
:10844C00189F0120B0BB0120189E0120AC9F012079
:10845C00014407E0831803F1C0534FF0000C83F87C
:10846C0000C008308842F5D3BFF34F8FBFF36F8F36
:10847C007047000008B501224FF480410148FFF716
:10848C00E7FF08BD00C0FF0300B5844610464FF05F
:10849C00000E0AE0DCF80C3013F0020FFAD011F8E1
:1084AC000E30CCF808300EF1010E8645F2D301E007
:1084BC00DCF80830DCF80C3013F0040FF8D1DCF8E1
:1084CC000C3013F0100FFAD101E0DCF80830DCF8B6
:1084DC000C3013F0040FF8D10123CCF820305DF8E8
:1084EC0004FB70B4844618461D461C460BE06DB95F
:1084FC004CB1DCF80C6016F0040F04D0DCF808600A
:10850C0002F8016B013C002CF1D165B1DCF80C6078
:10851C0016F0020FECD005F10806A642E8D9CCF80B
:10852C000810013DE4E770BC7047000008B500235B
:10853C0008E00A4A0133002142F8331002EBC3026F
:10854C005160DBB20E2BF4D94FF470720021044849
:10855C00FFF72EFA034B044A1A6008BD00001050B6
:10856C0070110220F0240220800110502DE9F043FC
:10857C0085B01F4B9E6D0024012504E026EA0506FC
:10858C006D000134E4B286B31F2C2ED82E42F7D0E6
:10859C00184B9D654FEA540984F0010707F0010759
:1085AC0004F0FE033B44144A02EB4318404600F02F
:1085BC002FFA0028E2D007EB49070F4B03EB4713C8
:1085CC009978DA8A00238DF8043007208DF805009D
:1085DC008DF8081003928DF80930012101A800F0E4
:1085EC0035FA404600F0AFF9C8E705B0BDE8F083B6
:1085FC000000115000301150301102202DE9F043D1
:10860C0085B0724BD3F8985015F4003747D0704BA7
:10861C009A6A704B1A60002427460AE06E4B03EBF3
:10862C008413002283F83C2000F0BAF93746013459
:10863C00E4B20F2C19D8A20102F12000664B1844A9
:10864C00134493F83B30022BF1D1634B03EB8413AF
:10865C0093F83A60002EEAD05F4B03EB841393F847
:10866C003C30002BDAD13746E1E73FB95B4B1B7846
:10867C0023B95B4B4FF40032C3F89020534B9B6CE7
:10868C00C3F30A0300228DF8042003228DF8052081
:10869C000293012101A800F0D9F94FF4003715F02D
:1086AC00100F06D115F4803F45D047F480370024D5
:1086BC001FE047F01007FFF759FFF3E70226494B7D
:1086CC001E66424B5B6E36EA0303FAD14FF44052FE
:1086DC000021404600F03EF9404600F034F9404B92
:1086EC005E661E663C4B03EB49130122DA701444A0
:1086FC00E4B2012C0BD8A146374B03EB441898F885
:10870C001A30002BEED0002CD8D00126D7E700234E
:10871C008DF8043006238DF80530334B93E80300B5
:10872C0004AB03E90300012101A800F08FF92C4BE5
:10873C004FF400321A6515F4805F0AD115F4804F9E
:10874C001DD115F4004F2BD1AF423AD105B0BDE885
:10875C00F08347F4805700241C4B1C60FFF7E6FEA7
:10876C008DF8044001218DF805108DF8084001A802
:10877C0000F06CF91A4B4FF400221A65DEE747F44F
:10878C00804700238DF8043004238DF80530012137
:10879C000DEB030000F05AF9114B10221A65D0E7CB
:1087AC0047F4004700238DF8043005238DF805307D
:1087BC00012101A800F04AF9094B4FF400621A6537
:1087CC00C2E787EA05010948F3F75CFE0000115087
:1087DC0000000B40F4060220301102202122072059
:1087EC0000301150002011500000105004A3012043
:1087FC00F8B504460F46838A068B9E4228BF1E4658
:10880C009B1B838246F48062C3787BB14FF4005586
:10881C00154383F00103E37063784BB1A38A0BB962
:10882C0045F4804507B12D042846F8BD0025EFE737
:10883C00E0683246216900EB8710FCF77DFF236965
:10884C003344236145F40045E8E70000094B1B6CF9
:10885C0013F0020F0BD18378DB0901D10020704794
:10886C00C37E022B01D000207047012070470020EE
:10887C00704700BF0000115008B5FFF7E7FF40B18B
:10888C00054B9B6A054A12689B1AA3F54873C62BC5
:10889C0000D808BD0020FCE700000B40F4060220C5
:1088AC0038B5044683681B68084601B11B0CC3F33A
:1088BC000905627892B913F4004F09D1E38A2B446D
:1088CC00E382238BAB4201D90023A382284638BD17
:1088DC000E4B0F4AE8210F48FBF7B8FF13F4004F7B
:1088EC000DD0E1682A4601EB80112069FCF724FFCA
:1088FC00E38A2B44E38223692B442361E1E7064B93
:10890C00034AEE210348FBF7A1FF00BF24A301207B
:10891C0054BC012044A30120ECA3012010B5044653
:10892C0083681B680021FFF7BBFF63681B6813F0AB
:10893C00804F02D0238B834200D010BD01212046F2
:10894C00FFF7AEFFF9E7002383768382C3820361CE
:10895C007047000008B50B4611B1816809680B40DF
:10896C009AB1134312F4806F0FD08268116811F41E
:10897C00806F0DD123F480611160074A126C12F0E4
:10898C00020F02D10C22033AFDD28268136008BD9B
:10899C0081780248F3F776FD000011500CA40120F9
:1089AC0070B5044643681D680021FFF721FF40F4B1
:1089BC008056164B1B6C13F0020303D1A278D2091C
:1089CC0014D0ABB1A37813F07F0F13D10023A28A7C
:1089DC0002B18BB125F0A04545F0005563681D60D0
:1089EC00324600212046FFF7B5FF70BD0123EEE7AC
:1089FC000023ECE70123EAE701212046FFF7F8FE0C
:108A0C00064325F0005545F0A045E7E7000011505E
:108A1C0038B50446857E2DB1FFF780FFA38A2BB9AC
:108A2C00284638BD81780848F3F72CFD2046FFF71F
:108A3C0023FF054618B1012323770025F0E72046D4
:108A4C00FFF7AEFFECE700BF2CA40120F0B585B01A
:108A5C0005460E464378023B042B15D8DFE813F08D
:108A6C00050068003B004600F900854B1A7822F09F
:108A7C0001021A701A7822F002021A700021597041
:108A8C001A7861F382021A707E4B1C686369EFF3EB
:108A9C00108272B6D3E8CF0F01210028FAD1C3E8B7
:108AAC00401F0028F6D1BFF35F8FA26129462046F4
:108ABC00FEF778FD6169A3690022C1E88F2F83F36B
:108ACC001088002800F0CB80324669782878FCF7B3
:108ADC00C5FF05B0F0BD6A4B1B7813F0010FF8D041
:108AEC00674A137843F004031370CDE7644B1B788B
:108AFC0013F0010FEDD0624A137823F004031370C6
:108B0C00C2E7E31A604800EB4313DB6913B16968F1
:108B1C00287898470134E4B25C4B1B78A34209D304
:108B2C00A342EED95A4B1B6813EB4413EDD1F1E77A
:108B3C000024F1E7524B1B7813F0040F36D1504B45
:108B4C00DB7813F0010FC4D000270197029703972D
:108B5C002B788DF8043003238DF805306B68029365
:108B6C00484B1C686369EFF3108272B6D3E8CF0FE1
:108B7C0001210028FAD1C3E8401F0028F6D1BFF329
:108B8C005F8FA26101A92046FEF70CFD6269A36903
:108B9C00C2E88F7F83F3108800284AD032469DF8B4
:108BAC0005109DF80400FCF759FF92E7344A13783E
:108BBC0023F00403137000270197029703972B7877
:108BCC008DF8043005238DF805302E4B1C68636935
:108BDC00EFF3108272B6D3E8CF0F01210028FAD13F
:108BEC00C3E8401F0028F6D1BFF35F8FA26101A933
:108BFC002046FEF7D7FC6269A369C2E88F7F83F336
:108C0C00108838B132469DF805109DF80400FCF729
:108C1C0025FF94E740F265121E491F48FBF700FF41
:108C2C004FF0E023D3F8F03D13F0010F87D000BED6
:108C3C0085E740F2651217491748FBF7F1FE4FF034
:108C4C00E023D3F8F03D13F0010F3FF442AF00BE28
:108C5C003FE7124A13780133DBB2137014E740F28A
:108C6C0065120C490C48FBF7DBFE4FF0E023D3F800
:108C7C00F03D13F0010F3FF42CAF00BE29E700BF0D
:108C8C0044CF01209CCF01201CBD012020220720B5
:108C9C009CC9012098BC01208CA401202222072011
:108CAC004E414E4420666C6173682C20000000001D
:108CBC0025646B4220706879736963616C2025644C
:108CCC006B42206C6F676963616C20617420307833
:108CDC0025703A2000000000496E76616C696420B2
:108CEC00666F6E74206E756D6265722C6D61782086
:108CFC0069732031350000001B5B31357E000000AC
:108D0C001B5B31377E0000001B5B31387E0000009E
:108D1C001B5B31397E0000001B5B32307E00000093
:108D2C001B5B32317E0000006C63640064657674FA
:108D3C0074793A2025732061732064656661756CC3
:108D4C0074207474790A0000756E737570706F728C
:108D5C007465642041524D2072656C6F6361746957
:108D6C006F6E2025640A00007474793D00000000C9
:108D7C00757362007561727400000000696E766133
:108D8C006C696420706172616D2025730A000000AB
:108D9C00747479636F756E7400000000464C414723
:108DAC0052414E542053595354454D204552524F25
:108DBC00522120455843455054494F4E2025640AB2
:108DCC00000000002072303D25702072313D25706E
:108DDC00202072323D2570202072333D25700A0010
:108DEC002072343D25702072353D2570202072365E
:108DFC003D2570202072373D25700A002072383DC9
:108E0C0025702072393D2570207231303D2570203F
:108E1C007231313D25700A007231323D257020735C
:108E2C00703D257020206C723D2570202070633DB4
:108E3C002570207073723D25700A00005343422048
:108E4C00434653523D00000020484653523D00001B
:108E5C0020444653523D0000204D4D4641523D00AA
:108E6C0020424641523D000020414653523D0000F5
:108E7C0050524F47424153453D25702050524F4769
:108E8C004C4F41443D25702050524F47544F503D5C
:108E9C0025700A0055444154413D2570204B5354D4
:108EAC0041434B3D25702D25700A0000757365728A
:108EBC00206D6F64652072656C61746976653A200B
:108ECC006C723D25702070633D2570206973703D78
:108EDC0025702062726B3D25700A0000666174611A
:108EEC006C20657863657074696F6E0062616420D4
:108EFC0070746162000000007761726E696E673A8F
:108F0C00206F7574206F66206D656D6F72790A0025
:108F1C006D697373696E6720626C6F636B00000020
:108F2C00616C72656164792073776170706564003F
:108F3C0025643A206F7574206F66206D656D6F72B5
:108F4C00792062792025640A000000005261737058
:108F5C006265727279205069000000005069636F7D
:108F6C002046757A6978000030303030303030303F
:108F7C003030303000000000426F61726420434496
:108F8C0043000000286E756C6C2900000D0A5049D6
:108F9C00434F2D53444B2070616E69633A2000009F
:108FAC00626C6B6465763A2066756C6C0A00000026
:108FBC00686425633A2000003C2000006864256347
:108FCC00256420003E2000005344206472697665BD
:108FDC002025643A200000006E6F206361726420CB
:108FEC00666F756E640A000073643A2074696D656F
:108FFC006F75740A0000000073643A206661696C36
:10900C0065642C207265747279696E672E0A000093
:10901C0030313233343536373839414243444546A2
:10902C000000000077616E74206275737920626CA9
:10903C006F636B00696E76616C69642064657600A1
:10904C0062647265616400006264777269746500C1
:10905C006E6F206672656520627566666572730058
:10906C00636472656164000063647772697465009F
:10907C00645F636C6F73650067657464657620620A
:10908C006164206465760000695F616C6C6F633AA3
:10909C0020636F7272757074207375706572626C78
:1090AC006F636B0A00000000695F667265653A20A9
:1090BC0062616420696E6F00695F6F70656E00009D
:1090CC00695F6F70656E3A2062616420696E6F64CF
:1090DC0065206E756D6265720A000000695F6F70C5
:1090EC00656E3A20626164206469736B20696E6FEF
:1090FC0064650A0066696C6573797374656D2063C9
:10910C006F72727570742E0A0000000076616C69C3
:10911C0064626C6B3A206E6F74206D6F756E746543
:10912C006400000076616C6964626C6B3A20696E55
:10913C0076616C696420626C6B000000626C6B5F22
:10914C00616C6C6F633A20636F72727570740A0095
:10915C0066702D3E735F6D6F756E7465643D30780F
:10916C0025782C2066702D3E735F6973697A653D96
:10917C00307825782C2066702D3E735F6673697A83
:10918C00653D307825780A007761726E696E673AB2
:10919C00206D6F756E74696E6720646972747920C6
:1091AC0066696C652073797374656D2C20666F72BB
:1091BC0063696E6720722F6F2E0A0000636F7272E4
:1091CC0075707420696E6F6465000000696E6F6461
:1091DC00652066726565642E000000006765746921
:1091EC006E6F64653A2062616420646573632074F9
:1091FC0061626C6500000000676574696E6F646580
:10920C003A20626164204F46540000005F756E6C1A
:10921C00696E6B3A20626164206E6C696E6B0A0039
:10922C000D0A70616E69633A200000006765747006
:10923C00726F633A2065787472612072756E6E6914
:10924C006E67000067657470726F633A2063616EBD
:10925C002774206569000000646561642074696D81
:10926C00657200006B696C6C656420696E697400D2
:10927C00646F6578697420776F6E277420657869E0
:10928C007400000070736C6565703A20766F6F64C3
:10929C006F6F00005374617274696E67202F696E72
:1092AC0069740A006E6F202F696E697400000000EB
:1092BC002F696E697400000068642300636D646C30
:1092CC00696E653A2025730A00000000626F6F74A6
:1092DC006465763A200000006E6F2074747900008B
:1092EC0046555A49582076657273696F6E202573FE
:1092FC000A436F707972696768742028632920317A
:10930C003938382D3230303220627920482E462EB2
:10931C00426F7765722C20442E427261756E2C2040
:10932C00532E4E69747363686B652C20482E506500
:10933C0072617A610A436F70797269676874202868
:10934C00632920313939372D323030312062792080
:10935C0041726361647920536368656B6F636869FC
:10936C006B68696E2C2041647269616E6F20432EAC
:10937C0020522E2064612043756E68610A436F7021
:10938C007972696768742028632920323031332D53
:10939C00323031352057696C6C20536F77657262AF
:1093AC0075747473203C77696C6C40736F7765725D
:1093BC0062757474732E636F6D3E0A436F707972AD
:1093CC00696768742028632920323031342D32309B
:1093DC00323520416C616E20436F78203C616C61AA
:1093EC006E40657463686564706978656C732E6330
:1093FC006F2E756B3E0A446576626F6F740A0000BF
:10940C0025644B694220746F74616C2052414D2C61
:10941C002025644B694220617661696C61626C65E0
:10942C0020746F2070726F636573736573202825C9
:10943C00642070726F636573736573206D61782936
:10944C000A000000456E61626C696E6720696E747B
:10945C0065727275707473202E2E2E200000000021
:10946C006F6B2E0A000000006E6F20726F6F74001D
:10947C004D6F756E74696E6720726F6F74206673B2
:10948C002028726F6F745F6465763D25642C2072A2
:10949C002563293A200000006661696C65640A0046
:1094AC004F4B0A007377707264000000737770770B
:1094BC00720000005741524E494E473A2072656E79
:1094CC00616D653A20756E6C696E6B206661696CB6
:1094DC000A0000002E0000002E2E00005F6D6B6451
:1094EC0069723A20626164207265630A00000000B0
:1094FC005F726D6469723A20626164206E6C696E91
:10950C006B0A000048616C7465642E0A0000000050
:10951C006261642074696D6572206475726174692E
:10952C006F6E20307825780A00000000626164209C
:10953C00756E686F6F6B2028696E20757365290ACC
:10954C00000000006E65746261642025640A0000EE
:10955C007070703000000000636861696E5F746F3A
:10956C00203C3D204E554D5F444D415F4348414E9C
:10957C004E454C53000000002F686F6D652F7469C9
:10958C006B686F6E2FD094D0BED0BAD183D0BCD0C4
:10959C00B5D0BDD182D18B2F46555A49582F4B652A
:1095AC00726E656C2F706C6174666F726D2F706C5F
:1095BC006174666F726D2D7270697069636F2F6262
:1095CC0075696C645F7069636F325F707372616D23
:1095DC00312F5F646570732F7069636F5F73646B99
:1095EC002D7372632F7372632F7270325F636F6DA2
:1095FC006D6F6E2F68617264776172655F646D6107
:10960C002F696E636C7564652F6861726477617223
:10961C00652F646D612E680064726571203C3D207D
:10962C00445245515F464F524345000068775F698D
:10963C00735F636C61696D656428626974732C2057
:10964C006269745F696E6465782900002F686F6DBC
:10965C00652F74696B686F6E2FD094D0BED0BAD161
:10966C0083D0BCD0B5D0BDD182D18B2F46555A49B1
:10967C00582F4B65726E656C2F706C6174666F72CF
:10968C006D2F706C6174666F726D2D72706970697C
:10969C00636F2F6275696C645F7069636F325F70A2
:1096AC007372616D312F5F646570732F7069636FB6
:1096BC005F73646B2D7372632F7372632F636F6DA3
:1096CC006D6F6E2F68617264776172655F636C6138
:1096DC00696D2F636C61696D2E6300004E6F207392
:1096EC0070696E6C6F636B7320617265206176615B
:1096FC00696C61626C6500006C6F636B5F6E756D9D
:10970C00203C204E554D5F5350494E5F4C4F434BC0
:10971C00530000002F686F6D652F74696B686F6E56
:10972C002FD094D0BED0BAD183D0BCD0B5D0BDD1BF
:10973C0082D18B2F46555A49582F4B65726E656CEA
:10974C002F706C6174666F726D2F706C6174666FC4
:10975C00726D2D7270697069636F2F6275696C64BC
:10976C005F7069636F325F707372616D312F5F640C
:10977C006570732F7069636F5F73646B2D737263A5
:10978C002F7372632F7270325F636F6D6D6F6E2FFC
:10979C0068617264776172655F73796E635F737011
:1097AC00696E5F6C6F636B2F73796E635F73706937
:1097BC006E5F6C6F636B2E6300000000307831635A
:1097CC00203D3D20282A696E7374293E3E31317547
:1097DC00000000002F686F6D652F74696B686F6EE9
:1097EC002FD094D0BED0BAD183D0BCD0B5D0BDD1FF
:1097FC0082D18B2F46555A49582F4B65726E656C2A
:10980C002F706C6174666F726D2F706C6174666F03
:10981C00726D2D7270697069636F2F6275696C64FB
:10982C005F7069636F325F707372616D312F5F644B
:10983C006570732F7069636F5F73646B2D737263E4
:10984C002F7372632F7270325F636F6D6D6F6E2F3B
:10985C0068617264776172655F6972712F69727188
:10986C002E63000064656C7461203E3D202D323007
:10987C0034382026262064656C7461203C3D2032EF
:10988C0030343620262620212864656C746120260D
:10989C0020312900212864656C7461203E3E203102
:1098AC003175290063757272656E74203D3D205FC1
:1098BC005F756E68616E646C65645F757365725F0D
:1098CC00697271207C7C2063757272656E74203DA8
:1098DC003D2068616E646C65720000006972715F96
:1098EC0068616E646C65725F636861696E5F6672F5
:1098FC0065655F736C6F745F68656164203E3D20C5
:10990C0030000000767461626C655F68616E646C37
:10991C006572203D3D205F5F756E68616E646C659D
:10992C00645F757365725F69727100002128282865
:10993C002875696E747074725F742972656D6F76B8
:10994C00655F7468756D625F6269742876746162B4
:10995C006C655F68616E646C65722929202D202806
:10996C002875696E747074725F74296972715F689E
:10997C00616E646C65725F636861696E5F736C6F56
:10998C007473292920252073697A656F662873748E
:10999C0072756374206972715F68616E646C657254
:1099AC005F636861696E5F736C6F742929000000D6
:1099BC0021657863657074696F6E207C7C20657896
:1099CC0063657074696F6E203D3D206E756D202B44
:1099DC0020565441424C455F46495253545F4952BC
:1099EC005100000066616C736500000069735F7361
:1099FC0068617265645F6972715F7261775F6861DB
:109A0C006E646C657228736C6F745F68616E646CE5
:109A1C0065722900657863657074696F6E0000006B
:109A2C00666F756E6400000031203D3D202875691D
:109A3C006E747074725F74296C2D3E7370696E5FF6
:109A4C006C6F636B000000002F686F6D652F74697D
:109A5C006B686F6E2FD094D0BED0BAD183D0BCD0EF
:109A6C00B5D0BDD182D18B2F46555A49582F4B6555
:109A7C00726E656C2F706C6174666F726D2F706C8A
:109A8C006174666F726D2D7270697069636F2F628D
:109A9C0075696C645F7069636F325F707372616D4E
:109AAC00312F5F646570732F7069636F5F73646BC4
:109ABC002D7372632F7372632F636F6D6D6F6E2FC7
:109ACC007069636F5F73796E632F6D757465782E33
:109ADC0063000000746F74616C0000006D74782D6D
:109AEC003E636F72652E7370696E5F6C6F636B0093
:109AFC006C6F636B5F69735F6F776E65725F6964C0
:109B0C005F76616C6964286D74782D3E6F776E6535
:109B1C00722900006D74782D3E656E7465725F63FA
:109B2C006F756E7400000000417474656D7074651F
:109B3C006420746F20736C65657020696E73696442
:109B4C0065206F6620616E20657863657074696F3F
:109B5C006E2068616E646C65723B20757365206263
:109B6C007573795F7761697420696620796F7520E8
:109B7C006D757374000000004861726477617265E2
:109B8C0020616C61726D20256420616C726561646A
:109B9C007920636C61696D656400000074696D65A2
:109BAC00722D3E696E74732026203175203C3C204A
:109BBC00616C61726D5F6E756D0000002F686F6D6A
:109BCC00652F74696B686F6E2FD094D0BED0BAD1EC
:109BDC0083D0BCD0B5D0BDD182D18B2F46555A493C
:109BEC00582F4B65726E656C2F706C6174666F725A
:109BFC006D2F706C6174666F726D2D727069706907
:109C0C00636F2F6275696C645F7069636F325F702C
:109C1C007372616D312F5F646570732F7069636F40
:109C2C005F73646B2D7372632F7372632F72703258
:109C3C005F636F6D6D6F6E2F6861726477617265B3
:109C4C005F74696D65722F74696D65722E630000A7
:109C5C0076636F5F66726571203E3D205049434FBD
:109C6C005F504C4C5F56434F5F4D494E5F465245DB
:109C7C00515F485A2026262076636F5F66726571A5
:109C8C00203C3D205049434F5F504C4C5F56434F56
:109C9C005F4D41585F465245515F485A00000000E5
:109CAC002F686F6D652F74696B686F6E2FD094D0B1
:109CBC00BED0BAD183D0BCD0B5D0BDD182D18B2F80
:109CCC0046555A49582F4B65726E656C2F706C61F6
:109CDC0074666F726D2F706C6174666F726D2D721D
:109CEC0070697069636F2F6275696C645F7069630A
:109CFC006F325F707372616D312F5F646570732F9B
:109D0C007069636F5F73646B2D7372632F7372630F
:109D1C002F7270325F636F6D6D6F6E2F686172643E
:109D2C00776172655F706C6C2F706C6C2E630000C9
:109D3C006662646976203E3D2031362026262066F8
:109D4C0062646976203C3D203332300028706F739A
:109D5C00745F64697631203E3D20312026262070C8
:109D6C006F73745F64697631203C3D20372920265F
:109D7C00262028706F73745F64697632203E3D2014
:109D8C003120262620706F73745F64697632203C14
:109D9C003D203729000000007265665F66726571B0
:109DAC00203C3D202876636F5F66726571202F2002
:109DBC00313629002C2066756E6374696F6E3A20FB
:109DCC0000000000617373657274696F6E20222548
:109DDC007322206661696C65643A2066696C652043
:109DEC00222573222C206C696E6520256425732531
:109DFC00730A00006D757465785F69735F696E69CD
:109E0C007469616C697A656428266C6F636B6F7515
:109E1C00745F6D7574657829000000002F686F6D94
:109E2C00652F74696B686F6E2FD094D0BED0BAD189
:109E3C0083D0BCD0B5D0BDD182D18B2F46555A49D9
:109E4C00582F4B65726E656C2F706C6174666F72F7
:109E5C006D2F706C6174666F726D2D7270697069A4
:109E6C00636F2F6275696C645F7069636F325F70CA
:109E7C007372616D312F5F646570732F7069636FDE
:109E8C005F73646B2D7372632F7372632F727032F6
:109E9C005F636F6D6D6F6E2F7069636F5F6D756C47
:109EAC007469636F72652F6D756C7469636F72651D
:109EBC002E63000076616C7565203D3D20300000FE
:109ECC002128737461636B5F73697A655F6279745F
:109EDC0065732026203375290000000070000000F7
:109EEC002F686F6D652F74696B686F6E2FD094D06F
:109EFC00BED0BAD183D0BCD0B5D0BDD182D18B2F3E
:109F0C0046555A49582F4B65726E656C2F706C61B3
:109F1C0074666F726D2F706C6174666F726D2D72DA
:109F2C0070697069636F2F6275696C645F706963C7
:109F3C006F325F707372616D312F5F646570732F58
:109F4C007069636F5F73646B2D7372632F737263CD
:109F5C002F7270325F636F6D6D6F6E2F68617264FC
:109F6C00776172655F666C6173682F666C6173688C
:109F7C002E630000636F6E6E6563745F696E74654B
:109F8C00726E616C5F666C6173685F66756E632080
:109F9C00262620666C6173685F657869745F7869E2
:109FAC00705F66756E6320262620666C6173685F31
:109FBC00666C7573685F63616368655F66756E6315
:109FCC0020262620666C6173685F656E7465725F0F
:109FDC00636D645F7869705F66756E630000000086
:109FEC00666C6173685F6F666673202B20636F7598
:109FFC006E74203C3D205049434F5F464C415348C2
:10A00C005F53495A455F425954455300636F6E6E16
:10A01C006563745F696E7465726E616C5F666C61AA
:10A02C0073685F66756E6320262620666C617368A4
:10A03C005F657869745F7869705F66756E632026FA
:10A04C002620666C6173685F72616E67655F65720E
:10A05C006173655F66756E6320262620666C61737E
:10A06C00685F666C7573685F63616368655F66756E
:10A07C006E630000636F6E6E6563745F696E74650A
:10A08C00726E616C5F666C6173685F66756E63207F
:10A09C00262620666C6173685F657869745F7869E1
:10A0AC00705F66756E6320262620666C6173685F30
:10A0BC0072616E67655F70726F6772616D5F6675F6
:10A0CC006E6320262620666C6173685F666C757300
:10A0DC00685F63616368655F66756E6300000000AE
:10A0EC00636F6E6E6563745F696E7465726E616CBE
:10A0FC005F666C6173685F66756E632026262066EA
:10A10C006C6173685F657869745F7869705F667598
:10A11C006E6320262620666C6173685F666C7573AF
:10A12C00685F63616368655F66756E63000000005D
:10A13C004E6F20444D41206368616E6E656C7320D8
:10A14C0061726520617661696C61626C650000000A
:10A15C0070726F6772616D2D3E6C656E67746820EE
:10A16C003C3D2050494F5F494E535452554354493E
:10A17C004F4E5F434F554E54000000002F686F6DDB
:10A18C00652F74696B686F6E2FD094D0BED0BAD126
:10A19C0083D0BCD0B5D0BDD182D18B2F46555A4976
:10A1AC00582F4B65726E656C2F706C6174666F7294
:10A1BC006D2F706C6174666F726D2D727069706941
:10A1CC00636F2F6275696C645F7069636F325F7067
:10A1DC007372616D312F5F646570732F7069636F7B
:10A1EC005F73646B2D7372632F7372632F72703293
:10A1FC005F636F6D6D6F6E2F6861726477617265EE
:10A20C005F70696F2F70696F2E6300004E6F205066
:10A21C00494F207374617465206D616368696E6564
:10A22C00732061726520617661696C61626C650096
:10A23C007364615F74785F686F6C645F636F756E75
:10A24C0074203C3D206C636E74202D203200000085
:10A25C002F686F6D652F74696B686F6E2FD094D0FB
:10A26C00BED0BAD183D0BCD0B5D0BDD182D18B2FCA
:10A27C0046555A49582F4B65726E656C2F706C6140
:10A28C0074666F726D2F706C6174666F726D2D7267
:10A29C0070697069636F2F6275696C645F70696354
:10A2AC006F325F707372616D312F5F646570732FE5
:10A2BC007069636F5F73646B2D7372632F7372635A
:10A2CC002F7270325F636F6D6D6F6E2F6861726489
:10A2DC00776172655F6932632F6932632E630000A8
:10A2EC006E6578745F6275666665725F70747220F5
:10A2FC003C207573625F647072616D2D3E65707881
:10A30C005F64617461202B2073697A656F662875B0
:10A31C0073625F647072616D2D3E6570785F64610D
:10A32C00746129002F686F6D652F74696B686F6E8F
:10A33C002FD094D0BED0BAD183D0BCD0B5D0BDD1A3
:10A34C0082D18B2F46555A49582F4B65726E656CCE
:10A35C002F706C6174666F726D2F706C6174666FA8
:10A36C00726D2D7270697069636F2F6275696C64A0
:10A37C005F7069636F325F707372616D312F5F64F0
:10A38C006570732F7069636F5F73646B2D73726389
:10A39C002F6C69622F74696E797573622F73726397
:10A3AC002F706F727461626C652F7261737062656D
:10A3BC0072727970692F7270323034302F6463642A
:10A3CC005F7270323034302E63000000556E68615D
:10A3DC006E646C65642049525120307825780A00EF
:10A3EC007268706F7274203D3D20300021286275B8
:10A3FC00665F6374726C2026205553425F4255464B
:10A40C005F4354524C5F46554C4C29002F686F6D7E
:10A41C00652F74696B686F6E2FD094D0BED0BAD193
:10A42C0083D0BCD0B5D0BDD182D18B2F46555A49E3
:10A43C00582F4B65726E656C2F706C6174666F7201
:10A44C006D2F706C6174666F726D2D7270697069AE
:10A45C00636F2F6275696C645F7069636F325F70D4
:10A46C007372616D312F5F646570732F7069636FE8
:10A47C005F73646B2D7372632F6C69622F74696EDA
:10A48C00797573622F7372632F706F727461626C63
:10A49C00652F72617370626572727970692F727058
:10A4AC00323034302F7270323034305F7573622E2C
:10A4BC00630000006275665F6374726C2026205521
:10A4CC0053425F4255465F4354524C5F46554C4C89
:10A4DC000000000065702025303258207761732011
:10A4EC00616C726561647920617661696C61626C22
:10A4FC006500000043616E277420636F6E74696E93
:10A50C0075652078666572206F6E20696E61637464
:10A51C006976652065702025303258005741524EBF
:10A52C003A207374617274696E67206E657720745B
:10A53C0072616E73666572206F6E20616C726561FC
:10A54C0064792061637469766520657020253032EA
:10A55C00580D0A0025732025643A20415353455267
:10A56C0054204641494C45440D0A000009030000A3
:10A57C00E8030000000000000000CD0000CD00004A
:10A58C0000CDCD00EE000000CD00CD00CDCD000003
:10A59C00E5E5E5007F7F7F000000FF0000FF000085
:10A5AC0000FFFF00FF5C5C00FF00FF00FFFF0000EE
:10A5BC00FFFFFF0000000000000000000808080872
:10A5CC0008000800141414000000000014143E14B9
:10A5DC003E141400081E201C023C0800102A14080B
:10A5EC00142A0400102828102A241A00080808002D
:10A5FC0000000000081010101010080008040404DB
:10A60C00040408000014083E081400000008083E6A
:10A61C000808000000000000000C04080000003EC8
:10A62C000000000000000000000C0C000002060CF2
:10A63C00183020001C22262A32221C000818080878
:10A64C0008081C001C22020C10203E001C22020CCC
:10A65C0002221C00040C14243E040E003E203C027A
:10A66C0002221C000C10203C22221C003E0204087A
:10A67C00080808001C22221C22221C001C22221E5C
:10A68C000204180000000C0C000C0C0000000C0C58
:10A69C00000C0408040810201008040000003E0000
:10A6AC003E00000010080402040810001C220204E2
:10A6BC00080008001C222E2A2E201E00081422221C
:10A6CC003E2222003C22223C22223C001C22202042
:10A6DC0020221C0038242222222438003E20203C38
:10A6EC0020203E003E20203C202020001C22202048
:10A6FC0026221E002222223E222222001C080808AA
:10A70C0008081C000202020222221C00222428300B
:10A71C00282422002020202020203E0022362A221D
:10A72C002222220022322A26222222001C2222222B
:10A73C0022221C003C22223C202020001C2222220F
:10A74C002A241A003C22223C222222001C22201CF9
:10A75C0002221C003E0808080808080022222222B7
:10A76C0022221C0022222214140808002222222A4F
:10A77C002A36220022221408142222002222141C1F
:10A78C00080808003E02040810203E001C1010109F
:10A79C0010101C00002030180C0602001C040404CD
:10A7AC0004041C000814220000000000000000003B
:10A7BC000000003F100800000000000000001C0218
:10A7CC001E221E0020202C3222322C0000001C22C3
:10A7DC0020221C0002021A2622261A0000001C222B
:10A7EC003E201C000C1210381010100000001A260D
:10A7FC00221E021C20202C322222220008001808C3
:10A80C0008081C0004000C0404042418202024282C
:10A81C00302824001808080808081C000000342AF6
:10A82C002A2A2A0000002C322222220000001C229C
:10A83C0022221C0000002C3222322C2000001A266E
:10A84C0022261A0200002C121010380000001E20C4
:10A85C001C023C001010381010120C0000002222B8
:10A86C0022261A00000022222214080000002222B4
:10A87C002A2A1400000022140814220000002222AC
:10A88C00261A021C00003E0408103E000C1010207A
:10A89C0010100C000808080808080808180404021E
:10A8AC00040418000000102A04000000000000003E
:10A8BC00000000001E332D3D333F371E3E2A202062
:10A8CC0020202000000000000C0C040804083E228C
:10A8DC00202020000000000036361224000000006A
:10A8EC00002A2A0000081C080808000000081C08A0
:10A8FC00081C08000C12381038120C00102A14080E
:10A90C00142A14001E332D3D333F371E000408104B
:10A91C00080400001E332D3D333F371E262C2830F3
:10A92C00282422001E332D3D333F371E1E332D3D70
:10A93C00333F371E1E332D3D333F371E0C0C04089E
:10A94C00000000000C0C0804000000003636122435
:10A95C000000000036362412000000000000000C3D
:10A96C000C0000000000001E000000000000003F72
:10A97C000000000000000000000000003F17150060
:10A98C00000000001E332D3D333F371E001008041D
:10A99C00081000001E332D3D333F371E04082224BF
:10A9AC00382422001E332D3D333F371E1E332D3DE0
:10A9BC00333F371E0000000000000000322E22142E
:10A9CC0008102000120C2222261A021C1E332D3DC8
:10A9DC00333F371E00221C141C2200001E332D3D59
:10A9EC00333F371E08080800000808080E110C1227
:10A9FC00120C221C143E203C20203E001E212D292E
:10AA0C00292D211E1E332D3D333F371E00091224E4
:10AA1C00120900000000003E0202000000000000CD
:10AA2C00000000001E212D2B2D2B211E1E332D3D31
:10AA3C00333F371E0C12120C000000000008083EB9
:10AA4C000808003E1E332D3D333F371E1E332D3D6F
:10AA5C00333F371E1E332D3D333F371E0000242459
:10AA6C0024243A201E2A2A1A0A0A0A000000000886
:10AA7C000000000014001C223E201C001E332D3D43
:10AA8C00333F371E1E332D3D333F371E0024120932
:10AA9C00122400001E332D3D333F371E1E332D3D37
:10AAAC00333F371E1E332D3D333F371E1E332D3D96
:10AABC00333F371E081422223E2222003E20203C27
:10AACC0022223C003C22223C22223C003E2220201E
:10AADC00202020000C141414143E22003E20203C94
:10AAEC0020203E002A2A2A1C2A2A2A001C22220C58
:10AAFC0002221C002222262A322222002A22262A64
:10AB0C003222220022242830282422001E12121263
:10AB1C001212220022362A2A222222002222223E2D
:10AB2C00222222001C22222222221C003E2222222D
:10AB3C00222222003C22223C202020001C22202009
:10AB4C0020221C003E0808080808080022222214B3
:10AB5C0008102000081C2A2A2A2A1C082222140861
:10AB6C00142222002424242424243E022222221EE5
:10AB7C0002020200222A2A2A2A2A3E00222A2A2AF1
:10AB8C002A2A3F013010101C12121C0022222232E1
:10AB9C002A2A32002020203C22223C001C22020EB9
:10ABAC0002221C00242A2A3A2A2A24001E22221EAF
:10ABBC000A12220000001C021E221E00001E202C65
:10ABCC0032221C0000003C223C223C0000003E22B1
:10ABDC002020200000000C14143E220000001C2237
:10ABEC003E201C0000002A2A1C2A2A0000003C22BD
:10ABFC000C221C00000022262A3222001C002226D5
:10AC0C002A322200000022243824220000001E12C6
:10AC1C0012122200000022362A22220000002222D8
:10AC2C003E22220000001C2222221C0000003E2298
:10AC3C002222220000002C3222322C2000001C2266
:10AC4C0020221C0000003E080808080000002222F8
:10AC5C00261A021C0000081C2A2A1C0800002214B8
:10AC6C00081422000000242424243E020000222286
:10AC7C001E0202000000222A2A2A3E000000222A7C
:10AC8C002A2A3F01000030101C121C000000222256
:10AC9C00322A3200000020203C223C0000001C2202
:10ACAC000E221C000000242A3A2A240000001E2236
:10ACBC001E122200080C20E0000000000000000022
:10ACCC0000000000001010101010100010100000F8
:10ACDC000024242424000000000000000024247E12
:10ACEC002424247E2424000000103C52503C125298
:10ACFC003C10000000006262040810204646000070
:10AD0C000000384444384A444C3A00000008080813
:10AD1C000800000000000000000C10202020202063
:10AD2C0020100C0000300804040404040408300053
:10AD3C00004224187E18244200000000000000107D
:10AD4C00107C101000000000000000000000001833
:10AD5C001808100000000000007E00000000000039
:10AD6C00000000000000000018180000000202049F
:10AD7C000408102020404000003C464E4A5A5272B3
:10AD8C00623C00000010305010101010107C0000BD
:10AD9C00003C420202040810207E0000003C4202EB
:10ADAC00021C0202423C000000044444447E0404A1
:10ADBC0004040000007E40407C020202423C000081
:10ADCC0000182040407C4242423C0000007E42027F
:10ADDC000204081010100000003C4242423C424267
:10ADEC00423C0000003C4242423E0204083000005B
:10ADFC0000000018180000181800000000000018CF
:10AE0C00180000181808100000040810204020102A
:10AE1C0008040000000000007E007E00000000001E
:10AE2C00002010080402040810200000003C42021C
:10AE3C000608101000101000003C42425E565C40A8
:10AE4C00403C00000018244242427E424242000034
:10AE5C00007C4242427C4242427C0000003C424028
:10AE6C0040404040423C0000007844424242424252
:10AE7C0044780000007E404040784040407E000016
:10AE8C00007E40404078404040400000003C424042
:10AE9C0040404E42423E000000424242427E42420C
:10AEAC0042420000007C101010101010107C0000AA
:10AEBC000002020202020242423C000000424448EC
:10AECC0050605048444200000040404040404040E8
:10AEDC00407E0000004266665A42424242420000F6
:10AEEC0000426262525A4A4646420000003C4242CC
:10AEFC0042424242423C0000007C4242427C404082
:10AF0C0040400000003C42424242424A443A000067
:10AF1C00007C4242427C484442420000003C424099
:10AF2C0060180402423C0000007E1010101010103B
:10AF3C00101000000042424242424242423C000099
:10AF4C000042424242424224241800000042424243
:10AF5C0042425A242424000000424224241824246F
:10AF6C0042420000004444444438101010100000C9
:10AF7C00007E020204182040407E0000003C20208D
:10AF8C0020202020203C00000040402020100804FD
:10AF9C0004020200003C040404040404043C000009
:10AFAC000010284400000000000000000000000019
:10AFBC000000000000007F0000182424180000008E
:10AFCC0000000000000000003C023E42423E000037
:10AFDC00004040407C424242427C000000000000A5
:10AFEC003C404040403C0000000202023E424242D3
:10AFFC00423E0000000000003C42427C403C00000D
:10B00C0000001C20207C20202020000000000000DC
:10B01C003C4242423E023C00004040407C424242A4
:10B02C004242000000001000101010101010000020
:10B03C0000000400040404040444380000404040B0
:10B04C0044487050484400000010101010101010AC
:10B05C001018000000000000744A4A4242420000EE
:10B06C000000000078444444444400000000000008
:10B07C003C424242423C0000000000007C42424202
:10B08C007C404000000000003C424242423C060032
:10B09C00000000003C424240404000000000000024
:10B0AC001E201C02023C0000000000107C1010103E
:10B0BC00100800000000000042424242423C0000E6
:10B0CC000000000042424242241800000000000030
:10B0DC004242425A24240000000000004224181866
:10B0EC0024420000000000004242423E02423C006A
:10B0FC00000000007E040810207E0000001C2010C0
:10B10C0010601010201C0000001010101000101007
:10B11C001010000000380408080608080438000065
:10B12C0000225A4400000000000000000000000053
:10B13C00182442427E00000000FF818181818181C0
:10B14C008181FF0000FF81818585A9918181FF00AC
:10B15C0000FF81A5A59999A5A581FF0000FF81811C
:10B16C00819999818181FF0000FF8181818181BD5D
:10B17C008181FF0000FF8199999999819981FF0044
:10B18C0000FF8199A58989818981FF00003E7F7F1D
:10B19C006B7F6B777F3E0000003E63415541554904
:10B1AC00633E00000000081C3E7F7F3E1C08000030
:10B1BC000000001818666618183C00000000001803
:10B1CC003C7E7E18183C00000000363E7F7F7F3EA0
:10B1DC001C080000FFFFC38199BDBD9981C3FFFF0F
:10B1EC0000000000183C3C1800000000001F191F54
:10B1FC00181818387830000000183C7E1818187E83
:10B20C003C1800000000002466FFFF6624000000CC
:10B21C0000183C7E18181818181800000018181878
:10B22C001818187E3C180000000000080CFEFE0CDC
:10B23C000800000000000010307F7F30100000007C
:10B24C000000082A49494941413E00001C22415D49
:10B25C00492A1C001C001C001818003C3C3C181807
:10B26C0018180000F88CBE8FE385F5F5F3FF00008D
:10B27C000018244242427E7E2424242400183C7E62
:10B28C007E7E7E7E24242424002064E2E9E5E9E22B
:10B29C0064200000003F4B4B4B3B0B0B0B0B000097
:10B2AC00007E44486E242850604000000000213687
:10B2BC001E3CFE1B10100000003C4281A5A5A58180
:10B2CC00423C0000003C4291999D9991423C000007
:10B2DC00003C4281BDBDBD81423C000000003844B1
:10B2EC0044443C0603010000000C10207C20207C10
:10B2FC0020100C0000001A2642814242427E0000BF
:10B30C0000003C24FF424242427E0000001866428C
:10B31C0081C3C342000000000000FF81818181FFD6
:10B32C00183C000000183C3C3C3C1800181800006D
:10B33C0028564183FE0C10102000000000304848B5
:10B34C00484A3202020202001824665A661838185B
:10B35C003818380000FF00FF00FF00FF00FF00FF5F
:10B36C00555555555555555555555555CCCC3333D7
:10B37C00CCCC3333CCCC3333249249249249249211
:10B38C004924924955AA55AA55AA55AA55AA55AA6F
:10B39C006DDBB66DDBB66DDBB66DDBB61818181849
:10B3AC0018181818181818181818181818F8181831
:10B3BC001818181818181818F81818F81818181841
:10B3CC006666666666E66666666666660000000029
:10B3DC0000FE66666666666600000000F81818F8DF
:10B3EC001818181866666666E60606E666666666E9
:10B3FC006666666666666666666666660000000079
:10B40C00FE0606E66666666666666666E60606FE20
:10B41C00000000006666666666FE00000000000024
:10B42C0018181818F81818F8000000000000000090
:10B43C0000F818181818181818181818181F0000E1
:10B44C00000000001818181818FF00000000000079
:10B45C000000000000FF18181818181818181818F1
:10B46C00181F1818181818180000000000FF00000A
:10B47C00000000001818181818FF181818181818B9
:10B48C00181818181F18181F1818181866666666EA
:10B49C006667666666666666666666666760607F31
:10B4AC0000000000000000007F6060676666666652
:10B4BC0066666666E70000FF000000000000000002
:10B4CC00FF0000E7666666666666666667606067CC
:10B4DC006666666600000000FF0000FF00000000CA
:10B4EC0066666666E70000E76666666618181818F2
:10B4FC00FF0000FF000000006666666666FF000045
:10B50C000000000000000000FF0000FF18181818D1
:10B51C000000000000FF6666666666666666666624
:10B52C00667F000000000000181818181F18181F5C
:10B53C0000000000000000001F18181F1818181831
:10B54C0000000000007F6666666666666666666674
:10B55C0066E766666666666618181818FF0000FFD0
:10B56C00181818181818181818F8000000000000FF
:10B57C0000000000001F181818181818FFFFFFFF14
:10B58C00FFFFFFFFFFFFFFFF000000000000FFFFB9
:10B59C00FFFFFFFFF0F0F0F0F0F0F0F0F0F0F0F063
:10B5AC000F0F0F0F0F0F0F0F0F0F0F0FFFFFFFFFDF
:10B5BC00FFFF000000000000000000003A4444447B
:10B5CC00443A000000384444584444447840400015
:10B5DC0000007E42404040404040400000000000DF
:10B5EC007C28282828680000007E422010081020A3
:10B5FC00427E0000000000003E48444444380000F5
:10B60C00000000242424243C424080000000000060
:10B61C0044A810101010000000007C003844444472
:10B62C0038007C000000182442427E42422418005C
:10B63C00000000384444446C286C00000000001CDE
:10B64C00203844444438000000000000006C929202
:10B65C006C00000000000000026C9AB26C800000CC
:10B66C0000182040407840402018000000000000E6
:10B67C00384444444444000000003C00003C0000BA
:10B68C003C000000000010107C1010007C0000003A
:10B69C000020100804081020007E00000004081090
:10B6AC0020100804007E0000404142444810264906
:10B6BC0002040F00404142444812264A0F02020085
:10B6CC0000001818007E001818000000000022521C
:10B6DC004C0022524C00000000201008000000001A
:10B6EC0000000000000000001C1C00000000000016
:10B6FC0000000000001800000000000000000E0810
:10B70C000808084828180800003C12121212000001
:10B71C000000000000182408103C0000000000008D
:10B72C000000003C3C3C3C3C3C0000000000105441
:10B73C0028C6285410000000B42502203826022008
:10B74C00BC26022040270220C427022048280220C1
:10B75C00CC28022050290220D4290220582A022069
:10B76C00DC2A0220602B0220E42B0220682C022011
:10B77C00EC2C0220702D0220000000003200000092
:10B78C004B0000006E0000008600000096000000D8
:10B79C002C01000058020000B004000060090000F9
:10B7AC00C012000080250000004B00000096000035
:10B7BC0000E1000000C2010000000000848E0120A6
:10B7CC00948E0120A08E0120B08E0120090211015F
:10B7DC00090100A07D080B00020202000009040010
:10B7EC0000010202000405240020010524010001CF
:10B7FC000424020605240600010705810308001035
:10B80C0009040100020A00000007050202400000C2
:10B81C0007058202400000080B0202020200000928
:10B82C000402000102020004052400200105240189
:10B83C0000030424020605240602030705830308FB
:10B84C00001009040300020A00000007050402406E
:10B85C00000007058402400000080B0402020200ED
:10B86C000009040400010202000405240020010563
:10B87C002401000504240206052406040507058599
:10B88C000308001009040500020A00000007050661
:10B89C000240000007058602400000080B06020269
:10B8AC000200000904060001020200040524002025
:10B8BC0001052401000704240206052406060707D7
:10B8CC0005870308001009040700020A000000079E
:10B8DC000508024000000705880240000000000037
:10B8EC0012010002EF0201408A2E0A00000101023F
:10B8FC00030100000000000000B004000000000084
:10B90C00000080001F1C1F1E1F1E1F1F1E1F1E1F3E
:10B91C007F00FF00FF01000095F2002029E00020CD
:10B92C00B5D90020A9E8002035DD0020D1E20020A7
:10B93C00DDDA002035DB00207DDB002089D60020FD
:10B94C00B1DC002069D70020F5DD002081DE00206D
:10B95C00CDDE0020B5D70020E5D7002009D8002087
:10B96C003DEF002049EF002059EF0020E9D80020DE
:10B97C00E1DF002031D1002041DB002089EF0020E5
:10B98C00D9EF002029F0002075F0002001D900200B
:10B99C00F1F0002029F10020B1F2002061EC002030
:10B9AC0059ED002085F300205DD8002031F30020F4
:10B9BC0079F50020B5F40020C9D9002071EF0020E2
:10B9CC00BDF0002019DF002065EF00207DEF002086
:10B9DC0005DD0020D5E30020D5DC0020ADDE002005
:10B9EC00F9DE002019EA002039EB002091F5002047
:10B9FC00CDE4002069F10020C5ED0020D9ED002038
:10BA0C00EDEE002041F400202DE50020A5F50020EE
:10BA1C00B5F50020CDDF0020B1BF0020C5BF002050
:10BA2C008910012075E6002003000500BB08770093
:10BA3C0004000803151C11131A19160F80406060BE
:10BA4C00D0506458405000000200400140014001B9
:10BA5C004001FFFF8C0104000000200100000000E9
:10BA6C0001004001400140014001FFFF8C0100003A
:10BA7C0000002001000000000000400140014001D6
:10BA8C004001FFFF040180000000000000000000E6
:10BA9C006368616E6E656C5F636F6E6669675F731A
:10BAAC0065745F64726571006368616E6E656C5F6E
:10BABC00636F6E6669675F7365745F636861696EF7
:10BACC005F746F0004BA012009FF01002868486800
:10BADC00430801604310600008100150870000000B
:10BAEC0020BA01200AFF0100286848684308016059
:10BAFC004310600042B00900014088100800660045
:10BB0C000800990068775F636C61696D5F636C65B1
:10BB1C00617200007370696E5F6C6F636B5F696E4E
:10BB2C00697400006972715F6164645F7461696C4F
:10BB3C005F746F5F667265655F6C6973740000009B
:10BB4C00696E736572745F626C5F33320000000063
:10BB5C006972715F72656D6F76655F68616E646C3A
:10BB6C00657200006D616B655F6A5F3136000000C5
:10BB7C007265736F6C76655F6A5F3136000000002A
:10BB8C006972715F6164645F7368617265645F6838
:10BB9C00616E646C657200006972715F7365745FCD
:10BBAC006578636C75736976655F68616E646C65E6
:10BBBC00720000006D757465785F657869740000BB
:10BBCC006D757465785F656E7465725F626C6F63BA
:10BBDC006B5F756E74696C0072756E74696D655F00
:10BBEC00696E69745F6D7574657800000000000003
:10BBFC00FFFFFFFFFFFFFF7F74696D65725F686178
:10BC0C007264776172655F616C61726D5F7365748C
:10BC1C005F74617267657400706C6C5F696E6974D7
:10BC2C00000000000D0A00006D756C7469636F7282
:10BC3C00655F6C61756E63685F636F7265315F77AA
:10BC4C006974685F737461636B0000006D756C746C
:10BC5C0069636F72655F72657365745F636F72653C
:10BC6C0031000000666C6173685F646576696E66AE
:10BC7C006F5F707472000000666C6173685F726154
:10BC8C006E67655F70726F6772616D00666C617371
:10BC9C00685F72616E67655F657261736500000055
:10BCAC0066696E645F6F66667365745F666F725FFC
:10BCBC0070726F6772616D006932635F7365745F78
:10BCCC006261756472617465000000006463645F96
:10BCDC00656470745F786665720000006463645F0D
:10BCEC007365745F61646472657373006463645F2D
:10BCFC00696E745F656E61626C65000068775F6584
:10BD0C006E64706F696E745F616C6C6F63000000C1
:10BD1C006463645F696E69740000000073796E631C
:10BD2C005F65705F6275666665720000757362644C
:10BD3C005F656470745F7866657200007573626429
:10BD4C005F656470745F6F70656E0000757362641C
:10BD5C005F6F70656E5F656470745F7061697200AF
:10BD6C0071756575655F6576656E740070726F636D
:10BD7C006573735F6765745F646573637269707410
:10BD8C006F72000070726F636573735F7365745FBD
:10BD9C00636F6E666967000070726F636573735FC3
:10BDAC00636F6E74726F6C5F72657175657374001E
:10BDBC00636F6E66696775726174696F6E5F7265C9
:10BDCC00736574007475645F7461736B5F6578740C
:10BDDC00000000007475645F7268706F72745F6944
:10BDEC006E6974000000000079690120216A01204D
:10BDFC00696A0120E16A0120FD6B0120256D01209B
:10BE0C0000000000757362645F636F6E74726F6C18
:10BE1C005F786665725F6362000000007475645F32
:10BE2C00636F6E74726F6C5F7866657200000000F1
:10BE3C00636463645F786665725F63620000000030
:10BE4C00636463645F6F70656E0000007475645F9B
:10BE5C006364635F6E5F77726974655F666C75733C
:10BE6C006800000074755F656470745F76616C695E
:10BE7C006461746500000000747573625F726870B1
:10BE8C006F72745F696E69740000000000202020DE
:10BE9C00202020202020282828282820202020206E
:10BEAC00202020202020202020202020208810103E
:10BEBC00101010101010101010101010100404049A
:10BECC000404040404040410101010101010414158
:10BEDC004141414101010101010101010101010146
:10BEEC00010101010101010110101010101042425A
:10BEFC004242424202020202020202020202020216
:10BF0C0002020202020202021010101020000000B5
:10BF1C000000000000000000000000000000000015
:10BF2C000000000000000000000000000000000005
:10BF3C0000000000000000000000000000000000F5
:10BF4C0000000000000000000000000000000000E5
:10BF5C0000000000000000000000000000000000D5
:10BF6C0000000000000000000000000000000000C5
:10BF7C0000000000000000000000000000000000B5
:10BF8C0000000000000000000000000000000000A5
:10BF9C006152002039970020B1520020C552002078
:10BFAC00D952002035970020399700203D9700206A
:10BFBC003D97002051970020F1F7002025F9002033
:10BFCC0091F60020A1FD002001FA002035970020F9
:10BFDC00399700203D9700203D9700205197002075
:10BFEC00359700207DA00020B99E0020A99F00203D
:10BFFC001DA000202D0F0020A90F00203D97002030
:10C00C00F90F00205197002099070020B507002058
:10C01C00B9090020550800205197002035970020C1
:10C02C00399700203D9700203D9700205197002024
:10C03C007554002039970020A5180120DD18012027
:10C04C0051970020691C0120891C0120B11C012082
:10C05C00491D0120F11D0120EDFB002021FC0020D9
:10C06C0049FC0020DD000120CDFC0020C5FB002098
:10C07C00CFFB0020D9FB002091FE0020E3FB002029
:10C08C0001000000ECAB01200000000000000000EB
:10C09C000000000000000000000000000000000094
:10C0AC000000000000000000000000000000000084
:10C0BC000000000000000000000000000000000074
:10C0CC000000000088130000FF00FFFFFF000000CD
:10C0DC00054700202D470020294700204D47002010
:10C0EC0071470020D54F0020914F002011500020A7
:10C0FC006D4F0020553C0020FD2A0020BB11002074
:10C10C00B91100204D2C0020553C0020FFFF0000F1
:10C11C00142E0520010C0000FF000000EB000000B5
:10C12C00FB000000FE0000003C06072001000000A0
:10C13C006D617873776170003E010A0FC8000000D2
:10C14C0000000000000000000000000000000000E3
:10C15C0000000000000000000000000000000000D3
:10C16C000000302E350046757A69780000727069CF
:10C17C007069636F000000000103060001021101E9
:10C18C0001010102000000003900000028000B0032
:10C19C000000000000000200000010000000000081
:10C1AC000000010000000000000000000000020080
:10C1BC000000000000000000000003000000000070
:10C1CC00000000000000FF000000000001B54868FE
:10C1DC0001318E460047704609380149884701BD38
:10C1EC00E92E0120008009400000000000000940F9
:10C1FC0000000000A0CF012010000C000000000087
:10C20C000000000000000000000000000000000022
:10C21C00FF0000000000000058C1012000000000D9
:10C22C00000000000CC3012074C30120DCC30120FA
:10C23C0000000000000000000000000000000000F2
:10C24C0000000000000000000000000000000000E2
:10C25C0000000000000000000000000000000000D2
:10C26C0000000000000000000000000000000000C2
:10C27C0000000000000000000000000000000000B2
:10C28C0000000000000000000000000000000000A2
:10C29C000000000000000000000000000000000092
:10C2AC000000000000000000000000000000000082
:10C2BC000000000000000000010000000000000071
:10C2CC000E33CDAB34126DE6ECDE05000B00000036
:10C2DC000000000000000000000000000000000052
:10C2EC000000000000000000000000000000000042
:10C2FC000000000000000000000000000000000032
:10C30C000000000000000000000000000000000021
:10C31C000000000000000000000000000000000011
:10C32C000000000000000000000000000000000001
:10C33C0000000000000000000000000000000000F1
:10C34C0000000000000000000000000000000000E1
:10C35C00F53B01206D3B0120993B0120913C0120D4
:10C36C00D53B0120013B0120193C0120CD3A012095
:10C37C0025300120213C0120493B0120073C0120B4
:10C38C00B93B01201D290120A5290120E17D0120B7
:04C39C0081010020FB
:10C3A000D3DEFFFFFE010000FF010000843DFEFF21
:04C3B000793512AB1E
:0400000510000139AD
:00000001FF
